expiry_idx,T,K,F,k,type,true_vol,gen_vol,market_vol,fit_vol,abs_err_vol_pts,bid_price,ask_price,mid_price,half_spread_price
0,0.0833333,67.1718,100.209,-0.4,P,0.325472,0.323422,0.323427,0.320702,0.272546,7.95576e-06,2.66587e-05,1.73072e-05,9.35149e-06
0,0.0833333,67.3405,100.209,-0.397492,P,0.32465,0.326694,0.326689,0.320045,0.664388,1.14092e-05,3.64003e-05,2.39047e-05,1.24956e-05
0,0.0833333,67.5096,100.209,-0.394983,P,0.323831,0.32492,0.324915,0.319388,0.552713,1.15507e-05,3.69023e-05,2.42265e-05,1.26758e-05
0,0.0833333,67.6792,100.209,-0.392475,P,0.323013,0.320983,0.320986,0.318731,0.225525,1.00759e-05,3.29399e-05,2.15079e-05,1.1432e-05
0,0.0833333,67.8492,100.209,-0.389967,P,0.322197,0.321962,0.321959,0.318073,0.388528,1.23345e-05,3.92839e-05,2.58092e-05,1.34747e-05
0,0.0833333,68.0196,100.209,-0.387458,P,0.321384,0.320204,0.320204,0.317416,0.278797,1.25115e-05,3.98936e-05,2.62025e-05,1.36911e-05
0,0.0833333,68.1904,100.209,-0.38495,P,0.320572,0.319702,0.319698,0.316758,0.294007,1.38287e-05,4.35996e-05,2.87142e-05,1.48855e-05
0,0.0833333,68.3617,100.209,-0.382441,P,0.319762,0.316811,0.316809,0.316101,0.0708151,1.29817e-05,4.14416e-05,2.72117e-05,1.423e-05
0,0.0833333,68.5333,100.209,-0.379933,P,0.318953,0.320491,0.32049,0.315443,0.504702,1.90455e-05,5.77085e-05,3.8377e-05,1.93315e-05
0,0.0833333,68.7055,100.209,-0.377425,P,0.318147,0.317009,0.317009,0.314785,0.222405,1.72475e-05,5.31822e-05,3.52148e-05,1.79674e-05
0,0.0833333,68.878,100.209,-0.374916,P,0.317343,0.315298,0.315302,0.314127,0.117497,1.75842e-05,5.42457e-05,3.5915e-05,1.83308e-05
0,0.0833333,69.051,100.209,-0.372408,P,0.31654,0.315953,0.315951,0.313469,0.248153,2.1006e-05,6.3364e-05,4.2185e-05,2.1179e-05
0,0.0833333,69.2244,100.209,-0.3699,P,0.315739,0.316075,0.316075,0.312811,0.326366,2.41967e-05,7.17502e-05,4.79734e-05,2.37767e-05
0,0.0833333,69.3983,100.209,-0.367391,P,0.314941,0.317233,0.317233,0.312153,0.50806,2.9765e-05,8.59589e-05,5.78619e-05,2.80969e-05
0,0.0833333,69.5726,100.209,-0.364883,P,0.314144,0.311509,0.311507,0.311494,0.00122357,2.33736e-05,7.01118e-05,4.67427e-05,2.33691e-05
0,0.0833333,69.7473,100.209,-0.362375,P,0.313349,0.314956,0.314954,0.310836,0.411811,3.34424e-05,9.55919e-05,6.45172e-05,3.10747e-05
0,0.0833333,69.9225,100.209,-0.359866,P,0.312556,0.314097,0.314096,0.310177,0.391832,3.61032e-05,0.000102403,6.9253e-05,3.31497e-05
0,0.0833333,70.0981,100.209,-0.357358,P,0.311764,0.313548,0.313547,0.309519,0.402853,3.97527e-05,0.000111573,7.56628e-05,3.59101e-05
0,0.0833333,70.2741,100.209,-0.354849,P,0.310975,0.310434,0.310434,0.30886,0.157347,3.71982e-05,0.000105737,7.14674e-05,3.42692e-05
0,0.0833333,70.4506,100.209,-0.352341,P,0.310188,0.305234,0.305232,0.308202,0.297002,3.02957e-05,8.89992e-05,5.96474e-05,2.93517e-05
0,0.0833333,70.6276,100.209,-0.349833,P,0.309402,0.313649,0.313648,0.307543,0.610474,5.90172e-05,0.00015812,0.000108569,4.95515e-05
0,0.0833333,70.805,100.209,-0.347324,P,0.308618,0.303776,0.303777,0.306884,0.310678,3.6108e-05,0.00010411,7.01092e-05,3.40012e-05
0,0.0833333,70.9828,100.209,-0.344816,P,0.307837,0.308684,0.308684,0.306225,0.245863,5.64003e-05,0.000153043,0.000104722,4.83214e-05
0,0.0833333,71.1611,100.209,-0.342308,P,0.307057,0.304831,0.304831,0.305566,0.0735236,5.05516e-05,0.000139787,9.51692e-05,4.46176e-05
0,0.0833333,71.3398,100.209,-0.339799,P,0.306279,0.308077,0.308078,0.304907,0.31709,7.05013e-05,0.000186542,0.000128522,5.80204e-05
0,0.0833333,71.519,100.209,-0.337291,P,0.305503,0.305511,0.30551,0.304248,0.126216,6.86581e-05,0.000182934,0.000125796,5.71377e-05
0,0.0833333,71.6986,100.209,-0.334783,P,0.304729,0.305411,0.30541,0.303589,0.182104,7.77467e-05,0.000204189,0.000140968,6.32209e-05
0,0.0833333,71.8786,100.209,-0.332274,P,0.303956,0.304764,0.304764,0.30293,0.183397,8.51438e-05,0.000221471,0.000153307,6.81634e-05
0,0.0833333,72.0592,100.209,-0.329766,P,0.303186,0.303931,0.303932,0.302271,0.166096,9.22112e-05,0.000237931,0.000165071,7.28597e-05
0,0.0833333,72.2402,100.209,-0.327258,P,0.302417,0.303886,0.303887,0.301612,0.227474,0.000104644,0.000266091,0.000185368,8.07237e-05
0,0.0833333,72.4216,100.209,-0.324749,P,0.30165,0.302359,0.302359,0.300953,0.140559,0.000108772,0.000275967,0.000192369,8.35974e-05
0,0.0833333,72.6035,100.209,-0.322241,P,0.300886,0.301534,0.301534,0.300294,0.123976,0.000117885,0.000296671,0.000207278,8.93927e-05
0,0.0833333,72.7858,100.209,-0.319732,P,0.300123,0.30161,0.30161,0.299635,0.197515,0.000134651,0.00033366,0.000234155,9.95042e-05
0,0.0833333,72.9686,100.209,-0.317224,P,0.299362,0.29921,0.299209,0.298976,0.0233403,0.000133173,0.000331571,0.000232372,9.91989e-05
0,0.0833333,73.1519,100.209,-0.314716,P,0.298603,0.298485,0.298484,0.298317,0.01677,0.000145251,0.000358408,0.00025183,0.000106579
0,0.0833333,73.3356,100.209,-0.312207,P,0.297845,0.298075,0.298076,0.297658,0.0417881,0.000161332,0.000393529,0.00027743,0.000116098
0,0.0833333,73.5198,100.209,-0.309699,P,0.29709,0.296247,0.296248,0.296999,0.0750522,0.000165173,0.00040287,0.000284022,0.000118848
0,0.0833333,73.7044,100.209,-0.307191,P,0.296337,0.295484,0.295484,0.29634,0.0855624,0.000179817,0.000434794,0.000307306,0.000127489
0,0.0833333,73.8895,100.209,-0.304682,P,0.295585,0.296357,0.296357,0.295681,0.0675952,0.000214693,0.000508039,0.000361366,0.000146673
0,0.0833333,74.0751,100.209,-0.302174,P,0.294835,0.294588,0.294588,0.295022,0.0434133,0.000220856,0.000522234,0.000371545,0.000150689
0,0.0833333,74.2612,100.209,-0.299666,P,0.294088,0.293484,0.293484,0.294363,0.0879087,0.000235896,0.000554473,0.000395184,0.000159288
0,0.0833333,74.4477,100.209,-0.297157,P,0.293342,0.292691,0.292691,0.293704,0.101296,0.000256418,0.000597657,0.000427037,0.000170619
0,0.0833333,74.6346,100.209,-0.294649,P,0.292598,0.294962,0.294962,0.293045,0.191673,0.000329189,0.000743498,0.000536343,0.000207155
0,0.0833333,74.8221,100.209,-0.29214,P,0.291855,0.291209,0.291209,0.292386,0.117776,0.00030474,0.000697887,0.000501313,0.000196574
0,0.0833333,75.01,100.209,-0.289632,P,0.291115,0.291866,0.291865,0.291728,0.0137748,0.000358205,0.000804708,0.000581456,0.000223251
0,0.0833333,75.1984,100.209,-0.287124,P,0.290377,0.291842,0.291842,0.291069,0.0772509,0.000405383,0.000898112,0.000651748,0.000246365
0,0.0833333,75.3872,100.209,-0.284615,P,0.28964,0.288567,0.288566,0.290411,0.184418,0.000386114,0.000863946,0.00062503,0.000238916
0,0.0833333,75.5766,100.209,-0.282107,P,0.288906,0.288391,0.288391,0.289752,0.136097,0.000433844,0.000958272,0.000696058,0.000262214
0,0.0833333,75.7664,100.209,-0.279599,P,0.288173,0.292347,0.292346,0.289094,0.325267,0.000601804,0.00127498,0.000938389,0.000336586
0,0.0833333,75.9567,100.209,-0.27709,P,0.287442,0.284684,0.284684,0.288436,0.37511,0.000458671,0.00101185,0.000735259,0.000276589
0,0.0833333,76.1474,100.209,-0.274582,P,0.286713,0.287845,0.287845,0.287777,0.00672239,0.000612432,0.00130242,0.000957424,0.000344992
0,0.0833333,76.3387,100.209,-0.272074,P,0.285986,0.284469,0.284469,0.287119,0.265008,0.000583296,0.00125275,0.000918024,0.000334728
0,0.0833333,76.5304,100.209,-0.269565,P,0.285261,0.284774,0.284774,0.286461,0.168728,0.000670944,0.00141804,0.00104449,0.000373549
0,0.0833333,76.7226,100.209,-0.267057,P,0.284538,0.282616,0.282616,0.285804,0.318771,0.000680762,0.00144052,0.00106064,0.000379877
0,0.0833333,76.9153,100.209,-0.264548,P,0.283817,0.286183,0.286183,0.285146,0.103753,0.000918944,0.00187242,0.00139568,0.000476738
0,0.0833333,77.1085,100.209,-0.26204,P,0.283097,0.280191,0.280191,0.284488,0.429716,0.000772374,0.00161661,0.00119449,0.000422116
0,0.0833333,77.3021,100.209,-0.259532,P,0.28238,0.280316,0.280316,0.283831,0.351549,0.00087993,0.00181487,0.0013474,0.000467471
0,0.0833333,77.4963,100.209,-0.257023,P,0.281664,0.281069,0.281069,0.283174,0.210455,0.00103245,0.00209011,0.00156128,0.000528831
0,0.0833333,77.6909,100.209,-0.254515,P,0.28095,0.278506,0.278507,0.282517,0.401011,0.00103016,0.00209273,0.00156144,0.000531287
0,0.0833333,77.886,100.209,-0.252007,P,0.280238,0.275571,0.275571,0.28186,0.628835,0.00100914,0.0020625,0.00153582,0.000526679
0,0.0833333,78.0817,100.209,-0.249498,P,0.279528,0.279323,0.279323,0.281203,0.187985,0.00136702,0.00268926,0.00202814,0.000661121
0,0.0833333,78.2778,100.209,-0.24699,P,0.27882,0.280411,0.280411,0.280546,0.0135049,0.00162056,0.00312558,0.00237307,0.00075251
0,0.0833333,78.4744,100.209,-0.244482,P,0.278114,0.276109,0.276109,0.27989,0.378053,0.00149738,0.00292792,0.00221265,0.00071527
0,0.0833333,78.6714,100.209,-0.241973,P,0.277409,0.276852,0.276852,0.279234,0.23818,0.00174812,0.00335804,0.00255308,0.000804961
0,0.0833333,78.869,100.209,-0.239465,P,0.276707,0.278962,0.278962,0.278578,0.0384618,0.00216336,0.00405149,0.00310743,0.000944067
0,0.0833333,79.0671,100.209,-0.236957,P,0.276006,0.280075,0.280075,0.277922,0.215263,0.0025503,0.00468743,0.00361887,0.00106856
0,0.0833333,79.2657,100.209,-0.234448,P,0.275307,0.273011,0.273011,0.277266,0.425583,0.0021027,0.00397706,0.00303988,0.000937181
0,0.0833333,79.4648,100.209,-0.23194,P,0.274611,0.274359,0.274359,0.276611,0.225223,0.00251391,0.00465697,0.00358544,0.00107153
0,0.0833333,79.6643,100.209,-0.229431,P,0.273916,0.272879,0.272879,0.275956,0.307644,0.00265132,0.00489174,0.00377153,0.00112021
0,0.0833333,79.8644,100.209,-0.226923,P,0.273223,0.276034,0.276034,0.275301,0.0732976,0.0034059,0.00609795,0.00475193,0.00134603
0,0.0833333,80.065,100.209,-0.224415,P,0.272531,0.272033,0.272033,0.274646,0.261324,0.00323209,0.00584402,0.00453805,0.00130597
0,0.0833333,80.2661,100.209,-0.221906,P,0.271842,0.273811,0.273811,0.273992,0.0181308,0.00390643,0.00691017,0.0054083,0.00150187
0,0.0833333,80.4677,100.209,-0.219398,P,0.271155,0.272333,0.272333,0.273338,0.100458,0.00412296,0.00726323,0.00569309,0.00157014
0,0.0833333,80.6698,100.209,-0.21689,P,0.270469,0.26968,0.26968,0.272684,0.300365,0.00414887,0.00732452,0.0057367,0.00158782
0,0.0833333,80.8724,100.209,-0.214381,P,0.269786,0.270419,0.270419,0.27203,0.161103,0.00479434,0.0083301,0.00656222,0.00176788
0,0.0833333,81.0755,100.209,-0.211873,P,0.269104,0.270591,0.270591,0.271377,0.0786202,0.00540607,0.00927459,0.00734033,0.00193426
0,0.0833333,81.2791,100.209,-0.209365,P,0.268424,0.26972,0.269719,0.270724,0.100435,0.00584777,0.00995966,0.00790371,0.00205595
0,0.0833333,81.4832,100.209,-0.206856,P,0.267746,0.266244,0.266244,0.270071,0.382673,0.00571563,0.009792,0.00775381,0.00203818
0,0.0833333,81.6879,100.209,-0.204348,P,0.26707,0.265144,0.265144,0.269419,0.427512,0.00613392,0.0104432,0.00828856,0.00215464
0,0.0833333,81.893,100.209,-0.201839,P,0.266396,0.263712,0.263712,0.268767,0.505499,0.00649977,0.0110155,0.00875761,0.00225784
0,0.0833333,82.0987,100.209,-0.199331,P,0.265723,0.264946,0.264946,0.268115,0.316865,0.00762854,0.0127002,0.0101644,0.00253582
0,0.0833333,82.3049,100.209,-0.196823,P,0.265053,0.266384,0.266384,0.267463,0.107913,0.00898936,0.0146962,0.0118428,0.00285343
0,0.0833333,82.5116,100.209,-0.194314,P,0.264385,0.267261,0.267261,0.266812,0.0448907,0.0103456,0.0166612,0.0135034,0.00315781
0,0.0833333,82.7188,100.209,-0.191806,P,0.263718,0.260641,0.260641,0.266162,0.552044,0.00908608,0.0149189,0.0120025,0.00291643
0,0.0833333,82.9266,100.209,-0.189298,P,0.263053,0.261167,0.261167,0.265511,0.434433,0.0103525,0.0167644,0.0135585,0.00320592
0,0.0833333,83.1349,100.209,-0.186789,P,0.26239,0.262263,0.262263,0.264861,0.259841,0.0120111,0.0191401,0.0155756,0.00356449
0,0.0833333,83.3437,100.209,-0.184281,P,0.261729,0.261266,0.261266,0.264212,0.29457,0.0129313,0.020472,0.0167017,0.00377034
0,0.0833333,83.553,100.209,-0.181773,P,0.26107,0.264774,0.264774,0.263562,0.121175,0.0161926,0.0249928,0.0205927,0.0044001
0,0.0833333,83.7628,100.209,-0.179264,P,0.260413,0.262046,0.262046,0.262914,0.0867183,0.0164479,0.0254048,0.0209263,0.00447844
0,0.0833333,83.9732,100.209,-0.176756,P,0.259758,0.258267,0.258267,0.262265,0.399811,0.0161375,0.0250524,0.0205949,0.00445744
0,0.0833333,84.1841,100.209,-0.174247,P,0.259104,0.257781,0.257781,0.261617,0.383574,0.0176732,0.0272004,0.0224368,0.00476362
0,0.0833333,84.3955,100.209,-0.171739,P,0.258453,0.25764,0.25764,0.26097,0.332914,0.0195634,0.0298116,0.0246875,0.00512413
0,0.0833333,84.6075,100.209,-0.169231,P,0.257803,0.256704,0.256704,0.260322,0.361835,0.0210971,0.031935,0.0265161,0.00541892
0,0.0833333,84.82,100.209,-0.166722,P,0.257155,0.258404,0.258404,0.259676,0.127169,0.0246938,0.0367595,0.0307267,0.00603287
0,0.0833333,85.033,100.209,-0.164214,P,0.25651,0.25628,0.25628,0.25903,0.274997,0.0256543,0.0381104,0.0318823,0.00622803
0,0.0833333,85.2466,100.209,-0.161706,P,0.255866,0.25612,0.25612,0.258384,0.226366,0.0283016,0.0416501,0.0349758,0.00667424
0,0.0833333,85.4607,100.209,-0.159197,P,0.255223,0.25977,0.25977,0.257739,0.203166,0.0348208,0.0501086,0.0424647,0.00764389
0,0.0833333,85.6753,100.209,-0.156689,P,0.254583,0.254268,0.254268,0.257094,0.282553,0.0328631,0.0477382,0.0403006,0.00743754
0,0.0833333,85.8905,100.209,-0.154181,P,0.253945,0.255793,0.255793,0.25645,0.0656486,0.0379672,0.054341,0.0461541,0.0081869
0,0.0833333,86.1062,100.209,-0.151672,P,0.253308,0.252634,0.252634,0.255806,0.317164,0.0383861,0.0550044,0.0466952,0.00830919
0,0.0833333,86.3224,100.209,-0.149164,P,0.252674,0.251408,0.251408,0.255163,0.375461,0.0410043,0.0584392,0.0497217,0.00871747
0,0.0833333,86.5392,100.209,-0.146656,P,0.252041,0.252691,0.252691,0.25452,0.182901,0.0469181,0.0659666,0.0564423,0.00952426
0,0.0833333,86.7566,100.209,-0.144147,P,0.251411,0.249986,0.249986,0.253878,0.389195,0.0481382,0.0676409,0.0578896,0.00975133
0,0.0833333,86.9745,100.209,-0.141639,P,0.250782,0.25151,0.25151,0.253236,0.172562,0.0552959,0.0766242,0.0659601,0.0106642
0,0.0833333,87.1929,100.209,-0.13913,P,0.250155,0.25256,0.25256,0.252595,0.00350006,0.0625405,0.0856318,0.0740862,0.0115456
0,0.0833333,87.4119,100.209,-0.136622,P,0.24953,0.248801,0.248801,0.251955,0.315393,0.0625988,0.0859009,0.0742499,0.011651
0,0.0833333,87.6314,100.209,-0.134114,P,0.248906,0.249343,0.249343,0.251315,0.197142,0.0698478,0.0948591,0.0823534,0.0125056
0,0.0833333,87.8515,100.209,-0.131605,P,0.248285,0.247625,0.247625,0.250675,0.305051,0.0736515,0.0996434,0.0866474,0.012996
0,0.0833333,88.0722,100.209,-0.129097,P,0.247666,0.247895,0.247895,0.250037,0.2142,0.0814902,0.109225,0.0953576,0.0138674
0,0.0833333,88.2934,100.209,-0.126589,P,0.247048,0.247896,0.247896,0.249399,0.150237,0.0894773,0.118927,0.104202,0.014725
0,0.0833333,88.5151,100.209,-0.12408,P,0.246432,0.244494,0.244494,0.248761,0.426722,0.0907645,0.120709,0.105737,0.0149724
0,0.0833333,88.7374,100.209,-0.121572,P,0.245819,0.246095,0.246095,0.248125,0.203003,0.103308,0.135695,0.119501,0.0161935
0,0.0833333,88.9603,100.209,-0.119064,P,0.245207,0.245266,0.245266,0.247489,0.222296,0.111151,0.145117,0.128134,0.0169834
0,0.0833333,89.1837,100.209,-0.116555,P,0.244597,0.245207,0.245207,0.246853,0.164659,0.121551,0.15746,0.139506,0.0179547
0,0.0833333,89.4077,100.209,-0.114047,P,0.243989,0.244471,0.244471,0.246218,0.174732,0.130927,0.168572,0.149749,0.0188228
0,0.0833333,89.6322,100.209,-0.111538,P,0.243382,0.242863,0.242863,0.245584,0.272145,0.138464,0.177548,0.158006,0.0195424
0,0.0833333,89.8574,100.209,-0.10903,P,0.242778,0.242371,0.242371,0.244951,0.258018,0.149832,0.190866,0.170349,0.0205167
0,0.0833333,90.083,100.209,-0.106522,P,0.242175,0.241167,0.241167,0.244319,0.315129,0.159772,0.202518,0.181145,0.0213733
0,0.0833333,90.3093,100.209,-0.104013,P,0.241575,0.239139,0.239139,0.243687,0.454737,0.167638,0.211807,0.189722,0.0220847
0,0.0833333,90.5361,100.209,-0.101505,P,0.240976,0.2412,0.2412,0.243056,0.185507,0.190277,0.237636,0.213957,0.0236792
0,0.0833333,90.7635,100.209,-0.0989967,P,0.240379,0.239318,0.239318,0.242425,0.310724,0.200194,0.249149,0.224671,0.0244772
0,0.0833333,90.9914,100.209,-0.0964883,P,0.239785,0.241316,0.241316,0.241796,0.048007,0.225932,0.278156,0.252044,0.0261121
0,0.0833333,91.2199,100.209,-0.0939799,P,0.239192,0.239531,0.239531,0.241167,0.163615,0.238067,0.292034,0.265051,0.0269835
0,0.0833333,91.449,100.209,-0.0914716,P,0.2386,0.240391,0.240391,0.240539,0.0148236,0.262451,0.319303,0.290877,0.028426
0,0.0833333,91.6787,100.209,-0.0889632,P,0.238011,0.235276,0.235276,0.239912,0.463557,0.261491,0.318804,0.290148,0.0286563
0,0.0833333,91.909,100.209,-0.0864548,P,0.237424,0.238799,0.238799,0.239285,0.0485977,0.300884,0.362265,0.331575,0.0306903
0,0.0833333,92.1398,100.209,-0.0839465,P,0.236838,0.234826,0.234826,0.23866,0.383353,0.306179,0.368601,0.33739,0.0312111
0,0.0833333,92.3712,100.209,-0.0814381,P,0.236255,0.234703,0.234703,0.238035,0.333273,0.331389,0.396457,0.363923,0.0325338
0,0.0833333,92.6032,100.209,-0.0789298,P,0.235673,0.234786,0.234786,0.237412,0.262609,0.359441,0.42726,0.393351,0.0339092
0,0.0833333,92.8358,100.209,-0.0764214,P,0.235093,0.235385,0.235385,0.236789,0.140372,0.392343,0.463123,0.427733,0.0353901
0,0.0833333,93.0689,100.209,-0.073913,P,0.234515,0.234225,0.234225,0.236167,0.194183,0.417075,0.49016,0.453617,0.0365425
0,0.0833333,93.3027,100.209,-0.0714047,P,0.233939,0.232735,0.232735,0.235546,0.281079,0.441271,0.516565,0.478918,0.0376468
0,0.0833333,93.537,100.209,-0.0688963,P,0.233365,0.233619,0.233619,0.234926,0.130674,0.482042,0.560408,0.521225,0.0391832
0,0.0833333,93.7719,100.209,-0.066388,P,0.232793,0.231007,0.231007,0.234307,0.329912,0.502259,0.582475,0.542367,0.0401079
0,0.0833333,94.0074,100.209,-0.0638796,P,0.232223,0.23341,0.23341,0.233688,0.027844,0.558067,0.64182,0.599943,0.0418762
0,0.0833333,94.2435,100.209,-0.0613712,P,0.231654,0.232303,0.232303,0.233071,0.076825,0.592366,0.678465,0.635415,0.0430497
0,0.0833333,94.4802,100.209,-0.0588629,P,0.231087,0.233426,0.233426,0.232455,0.0970863,0.645238,0.734333,0.689786,0.0445477
0,0.0833333,94.7175,100.209,-0.0563545,P,0.230523,0.228172,0.228172,0.23184,0.366799,0.652287,0.742503,0.697395,0.0451083
0,0.0833333,94.9554,100.209,-0.0538462,P,0.22996,0.230271,0.230271,0.231225,0.0954794,0.717589,0.811006,0.764297,0.0467084
0,0.0833333,95.1939,100.209,-0.0513378,P,0.229399,0.228659,0.228659,0.230612,0.195376,0.756479,0.852028,0.804253,0.0477743
0,0.0833333,95.433,100.209,-0.0488294,P,0.22884,0.229883,0.229883,0.23,0.0117673,0.821363,0.919688,0.870526,0.0491623
0,0.0833333,95.6726,100.209,-0.0463211,P,0.228283,0.228828,0.228828,0.229389,0.056087,0.870075,0.970561,0.920318,0.0502427
0,0.0833333,95.9129,100.209,-0.0438127,P,0.227728,0.22606,0.22606,0.228779,0.271962,0.906114,1.00836,0.957237,0.0511225
0,0.0833333,96.1538,100.209,-0.0413043,P,0.227174,0.225948,0.225948,0.22817,0.2222,0.968313,1.0728,1.02056,0.0522449
0,0.0833333,96.3953,100.209,-0.038796,P,0.226623,0.227797,0.227797,0.227563,0.0234091,1.05215,1.15911,1.10563,0.0534761
0,0.0833333,96.6374,100.209,-0.0362876,P,0.226073,0.224885,0.224885,0.226956,0.207137,1.09448,1.20301,1.14874,0.0542639
0,0.0833333,96.8801,100.209,-0.0337793,P,0.225525,0.224944,0.224944,0.226351,0.1407,1.16818,1.27865,1.22342,0.0552334
0,0.0833333,97.1234,100.209,-0.0312709,P,0.22498,0.226371,0.226371,0.225746,0.0624712,1.25923,1.37166,1.31545,0.0562122
0,0.0833333,97.3674,100.209,-0.0287625,P,0.224436,0.22831,0.22831,0.225143,0.316699,1.35979,1.47403,1.41691,0.0571193
0,0.0833333,97.6119,100.209,-0.0262542,P,0.223894,0.225329,0.225329,0.224542,0.0787825,1.41342,1.52886,1.47114,0.0577225
0,0.0833333,97.857,100.209,-0.0237458,P,0.223353,0.224189,0.224189,0.223941,0.0248278,1.48932,1.60603,1.54767,0.0583521
0,0.0833333,98.1028,100.209,-0.0212375,P,0.222815,0.221294,0.221294,0.223342,0.204708,1.54987,1.6676,1.60874,0.0588646
0,0.0833333,98.3492,100.209,-0.0187291,P,0.222279,0.22194,0.22194,0.222743,0.0803844,1.6521,1.77092,1.71151,0.059408
0,0.0833333,98.5962,100.209,-0.0162207,P,0.221744,0.22192,0.22192,0.222147,0.0227026,1.75123,1.87092,1.81108,0.0598438
0,0.0833333,98.8438,100.209,-0.0137124,P,0.221212,0.220099,0.220099,0.221551,0.145156,1.83438,1.95472,1.89455,0.0601672
0,0.0833333,99.0921,100.209,-0.011204,P,0.220681,0.223428,0.223428,0.220957,0.247088,1.9793,2.10021,2.03976,0.0604553
0,0.0833333,99.3409,100.209,-0.00869565,P,0.220152,0.217699,0.217699,0.220364,0.266509,2.02624,2.1474,2.08682,0.060583
0,0.0833333,99.5904,100.209,-0.00618729,P,0.219625,0.222377,0.222377,0.219772,0.260452,2.19543,2.31677,2.2561,0.060671
0,0.0833333,99.8406,100.209,-0.00367893,P,0.2191,0.216177,0.216177,0.219182,0.30054,2.24469,2.36597,2.30533,0.0606382
0,0.0833333,100.091,100.209,-0.00117057,P,0.218577,0.218513,0.218513,0.218593,0.00801438,2.39603,2.51707,2.45655,0.0605203
0,0.0833333,100.343,100.209,0.00133779,C,0.218056,0.218632,0.218632,0.218006,0.0626477,2.39216,2.51339,2.45277,0.0606123
0,0.0833333,100.595,100.209,0.00384615,C,0.217536,0.213263,0.213263,0.21742,0.415738,2.21163,2.33337,2.2725,0.0608738
0,0.0833333,100.847,100.209,0.00635452,C,0.217019,0.218898,0.218898,0.216836,0.206237,2.16154,2.28363,2.22259,0.0610477
0,0.0833333,101.101,100.209,0.00886288,C,0.216503,0.217407,0.217407,0.216253,0.115484,2.03331,2.15553,2.09442,0.061112
0,0.0833333,101.355,100.209,0.0113712,C,0.215989,0.217204,0.217204,0.215671,0.153335,1.92369,2.04585,1.98477,0.0610794
0,0.0833333,101.609,100.209,0.0138796,C,0.215477,0.216666,0.216666,0.215091,0.157529,1.81412,1.936,1.87506,0.0609415
0,0.0833333,101.864,100.209,0.016388,C,0.214967,0.215958,0.215958,0.214512,0.144527,1.70652,1.82791,1.76722,0.0606961
0,0.0833333,102.12,100.209,0.0188963,C,0.214459,0.213269,0.213269,0.213935,0.0666025,1.58095,1.70154,1.64124,0.0602925
0,0.0833333,102.377,100.209,0.0214047,C,0.213953,0.211431,0.211431,0.21336,0.192937,1.46918,1.58874,1.52896,0.05978
0,0.0833333,102.634,100.209,0.023913,C,0.213449,0.215427,0.215427,0.212786,0.264119,1.42453,1.5433,1.48391,0.0593852
0,0.0833333,102.891,100.209,0.0264214,C,0.212946,0.212107,0.212107,0.212214,0.0106679,1.30474,1.42193,1.36334,0.0585974
0,0.0833333,103.15,100.209,0.0289298,C,0.212446,0.216588,0.216588,0.211643,0.494433,1.27099,1.38723,1.32911,0.05812
0,0.0833333,103.409,100.209,0.0314381,C,0.211947,0.212415,0.212415,0.211075,0.134043,1.15071,1.26481,1.20776,0.0570484
0,0.0833333,103.669,100.209,0.0339465,C,0.211451,0.209248,0.209248,0.210507,0.12593,1.04594,1.1577,1.10182,0.0558777
0,0.0833333,103.929,100.209,0.0364548,C,0.210956,0.209785,0.209785,0.209942,0.0157077,0.982047,1.09186,1.03695,0.0549054
0,0.0833333,104.19,100.209,0.0389632,C,0.210463,0.211049,0.211049,0.209378,0.167079,0.928196,1.03609,0.982142,0.0539462
0,0.0833333,104.452,100.209,0.0414716,C,0.209972,0.210396,0.210396,0.208816,0.15804,0.85942,0.964865,0.912142,0.0527228
0,0.0833333,104.714,100.209,0.0439799,C,0.209482,0.208464,0.208464,0.208255,0.0208231,0.782865,0.885371,0.834118,0.0512529
0,0.0833333,104.977,100.209,0.0464883,C,0.208995,0.207969,0.207969,0.207697,0.0271827,0.722949,0.822713,0.772831,0.0498818
0,0.0833333,105.241,100.209,0.0489967,C,0.20851,0.206818,0.206818,0.20714,0.0322295,0.660978,0.757665,0.709321,0.0483436
0,0.0833333,105.505,100.209,0.051505,C,0.208026,0.209291,0.209291,0.206585,0.270578,0.631653,0.726329,0.678991,0.0473378
0,0.0833333,105.77,100.209,0.0540134,C,0.207544,0.21014,0.21014,0.206032,0.410786,0.591277,0.683389,0.637333,0.0460559
0,0.0833333,106.036,100.209,0.0565217,C,0.207065,0.207864,0.207864,0.205481,0.238318,0.529895,0.618248,0.574071,0.0441764
0,0.0833333,106.302,100.209,0.0590301,C,0.206587,0.206557,0.206557,0.204932,0.162499,0.479547,0.564364,0.521956,0.0424082
0,0.0833333,106.569,100.209,0.0615385,C,0.206111,0.206176,0.206176,0.204384,0.179142,0.438853,0.520428,0.47964,0.0407872
0,0.0833333,106.837,100.209,0.0640468,C,0.205637,0.206509,0.206509,0.203839,0.266986,0.405453,0.484057,0.444755,0.0393022
0,0.0833333,107.105,100.209,0.0665552,C,0.205165,0.204428,0.204428,0.203296,0.113263,0.359459,0.43398,0.396719,0.0372605
0,0.0833333,107.374,100.209,0.0690635,C,0.204694,0.199742,0.199742,0.202754,0.301163,0.302503,0.37158,0.337041,0.0345382
0,0.0833333,107.644,100.209,0.0715719,C,0.204226,0.204064,0.204064,0.202215,0.184989,0.298768,0.366796,0.332782,0.0340137
0,0.0833333,107.914,100.209,0.0740803,C,0.203759,0.205054,0.205054,0.201677,0.337697,0.277744,0.343132,0.310438,0.0326937
0,0.0833333,108.185,100.209,0.0765886,C,0.203295,0.203578,0.203578,0.201142,0.243634,0.246015,0.307553,0.276784,0.030769
0,0.0833333,108.457,100.209,0.079097,C,0.202832,0.200773,0.200773,0.200609,0.0164867,0.211072,0.268073,0.239573,0.0285004
0,0.0833333,108.729,100.209,0.0816054,C,0.202371,0.200081,0.200081,0.200077,0.000395812,0.188376,0.241979,0.215178,0.0268016
0,0.0833333,109.002,100.209,0.0841137,C,0.201912,0.202086,0.202086,0.199548,0.253727,0.17821,0.229919,0.204064,0.0258544
0,0.0833333,109.276,100.209,0.0866221,C,0.201455,0.202499,0.202499,0.199022,0.347761,0.162682,0.21172,0.187201,0.0245188
0,0.0833333,109.55,100.209,0.0891304,C,0.201,0.203728,0.203728,0.198497,0.523119,0.151246,0.198118,0.174682,0.0234362
0,0.0833333,109.825,100.209,0.0916388,C,0.200546,0.2024,0.2024,0.197974,0.442527,0.132145,0.17558,0.153862,0.0217175
0,0.0833333,110.101,100.209,0.0941472,C,0.200095,0.200457,0.200457,0.197454,0.300272,0.113143,0.152913,0.133028,0.0198849
0,0.0833333,110.378,100.209,0.0966555,C,0.199645,0.202448,0.202448,0.196936,0.551191,0.107042,0.145297,0.126169,0.0191275
0,0.0833333,110.655,100.209,0.0991639,C,0.199198,0.198871,0.198871,0.196421,0.245009,0.0869653,0.120936,0.103951,0.0169855
0,0.0833333,110.933,100.209,0.101672,C,0.198752,0.197317,0.197317,0.195907,0.140934,0.0741663,0.105033,0.0895994,0.0154331
0,0.0833333,111.212,100.209,0.104181,C,0.198308,0.200553,0.200553,0.195396,0.51571,0.0728042,0.103036,0.0879203,0.015116
0,0.0833333,111.491,100.209,0.106689,C,0.197866,0.194672,0.194672,0.194888,0.0215855,0.0538463,0.0791605,0.0665034,0.0126571
0,0.0833333,111.771,100.209,0.109197,C,0.197426,0.196589,0.196589,0.194381,0.220764,0.0507961,0.0750251,0.0629106,0.0121145
0,0.0833333,112.052,100.209,0.111706,C,0.196987,0.19366,0.19366,0.193878,0.0218029,0.0405826,0.0616546,0.0511186,0.010536
0,0.0833333,112.333,100.209,0.114214,C,0.196551,0.194559,0.194559,0.193376,0.118277,0.0369179,0.0566422,0.0467801,0.00986215
0,0.0833333,112.615,100.209,0.116722,C,0.196117,0.194332,0.194332,0.192877,0.145452,0.0322011,0.0502008,0.041201,0.00899983
0,0.0833333,112.898,100.209,0.119231,C,0.195684,0.194041,0.194041,0.192381,0.166007,0.0279512,0.0443127,0.0361319,0.00818073
0,0.0833333,113.181,100.209,0.121739,C,0.195253,0.196211,0.196211,0.191887,0.432426,0.0266662,0.0423995,0.0345329,0.00786664
0,0.0833333,113.466,100.209,0.124247,C,0.194825,0.195129,0.195129,0.191396,0.373276,0.022377,0.0363662,0.0293716,0.00699462
0,0.0833333,113.751,100.209,0.126756,C,0.194398,0.193877,0.193877,0.190907,0.296968,0.0185499,0.0308766,0.0247132,0.00616336
0,0.0833333,114.036,100.209,0.129264,C,0.193973,0.193023,0.193023,0.190421,0.260157,0.0155592,0.0264847,0.0210219,0.00546272
0,0.0833333,114.323,100.209,0.131773,C,0.19355,0.192122,0.192122,0.189937,0.218499,0.0129646,0.022595,0.0177798,0.00481519
0,0.0833333,114.61,100.209,0.134281,C,0.193128,0.192328,0.192328,0.189457,0.287131,0.0113313,0.0200732,0.0157022,0.00437093
0,0.0833333,114.898,100.209,0.136789,C,0.192709,0.191954,0.191954,0.188979,0.297584,0.00961525,0.017395,0.0135051,0.00388989
0,0.0833333,115.186,100.209,0.139298,C,0.192291,0.192107,0.192107,0.188503,0.360356,0.00835197,0.0153752,0.0118636,0.00351163
0,0.0833333,115.476,100.209,0.141806,C,0.191876,0.194177,0.194177,0.188031,0.61463,0.00798323,0.01473,0.0113566,0.00337336
0,0.0833333,115.766,100.209,0.144314,C,0.191462,0.191236,0.191236,0.187561,0.367504,0.00589265,0.0113568,0.00862472,0.00273208
0,0.0833333,116.056,100.209,0.146823,C,0.19105,0.188733,0.188733,0.187094,0.163946,0.004385,0.00882283,0.00660391,0.00221891
0,0.0833333,116.348,100.209,0.149331,C,0.19064,0.190546,0.190546,0.186629,0.39163,0.00414398,0.00837024,0.00625711,0.00211313
0,0.0833333,116.64,100.209,0.151839,C,0.190232,0.191987,0.191987,0.186168,0.581891,0.00383714,0.0078069,0.00582202,0.00198488
0,0.0833333,116.933,100.209,0.154348,C,0.189826,0.190677,0.190677,0.18571,0.496729,0.0030238,0.00636471,0.00469426,0.00167046
0,0.0833333,117.227,100.209,0.156856,C,0.189422,0.18996,0.189959,0.185254,0.470551,0.00245409,0.00531932,0.00388671,0.00143261
0,0.0833333,117.521,100.209,0.159365,C,0.18902,0.190745,0.190745,0.184801,0.594323,0.00218156,0.00479568,0.00348862,0.00130706
0,0.0833333,117.816,100.209,0.161873,C,0.188619,0.18678,0.18678,0.184352,0.242788,0.00141564,0.00333136,0.0023735,0.000957856
0,0.0833333,118.112,100.209,0.164381,C,0.188221,0.189987,0.189987,0.183905,0.608219,0.00147812,0.00343122,0.00245467,0.000976549
0,0.0833333,118.409,100.209,0.16689,C,0.187824,0.187486,0.187486,0.183462,0.40248,0.00104273,0.00255569,0.00179921,0.000756478
0,0.0833333,118.706,100.209,0.169398,C,0.187429,0.187054,0.187054,0.183021,0.403274,0.00084361,0.00213236,0.00148799,0.000644376
0,0.0833333,119.004,100.209,0.171906,C,0.187036,0.186299,0.186299,0.182584,0.371571,0.000663388,0.00173837,0.00120088,0.000537493
0,0.0833333,119.303,100.209,0.174415,C,0.186645,0.187735,0.187735,0.182149,0.558554,0.000615007,0.00162255,0.00111878,0.000503772
0,0.0833333,119.603,100.209,0.176923,C,0.186256,0.186459,0.186459,0.181718,0.474086,0.000461521,0.00127324,0.000867381,0.000405859
0,0.0833333,119.903,100.209,0.179431,C,0.185869,0.187878,0.187878,0.18129,0.658766,0.000427747,0.00118809,0.000807917,0.00038017
0,0.0833333,120.204,100.209,0.18194,C,0.185483,0.183484,0.183484,0.180866,0.261873,0.000243729,0.000744933,0.000494331,0.000250602
0,0.0833333,120.506,100.209,0.184448,C,0.1851,0.186162,0.186162,0.180444,0.571819,0.00025215,0.000760191,0.00050617,0.00025402
0,0.0833333,120.809,100.209,0.186957,C,0.184718,0.183014,0.183013,0.180026,0.298756,0.000155698,0.00050958,0.000332639,0.000176941
0,0.0833333,121.112,100.209,0.189465,C,0.184338,0.183749,0.183749,0.179611,0.413797,0.000135668,0.000452137,0.000293903,0.000158235
0,0.0833333,121.416,100.209,0.191973,C,0.183961,0.184602,0.184601,0.179199,0.540188,0.000119534,0.000404807,0.000262171,0.000142636
0,0.0833333,121.721,100.209,0.194482,C,0.183585,0.183459,0.183459,0.178791,0.466809,8.68614e-05,0.000310033,0.000198447,0.000111586
0,0.0833333,122.027,100.209,0.19699,C,0.18321,0.183581,0.183581,0.178386,0.51945,7.10694e-05,0.000261445,0.000166257,9.51879e-05
0,0.0833333,122.334,100.209,0.199498,C,0.182838,0.181149,0.181149,0.177985,0.316408,4.44615e-05,0.000177581,0.000111021,6.65599e-05
0,0.0833333,122.641,100.209,0.202007,C,0.182468,0.180111,0.180112,0.177587,0.252493,3.17503e-05,0.000134287,8.30185e-05,5.12682e-05
0,0.0833333,122.949,100.209,0.204515,C,0.1821,0.182844,0.182844,0.177193,0.565162,3.42104e-05,0.000141348,8.77794e-05,5.3569e-05
0,0.0833333,123.258,100.209,0.207023,C,0.181733,0.17696,0.17696,0.176802,0.0158519,1.38214e-05,6.77653e-05,4.07934e-05,2.69719e-05
0,0.0833333,123.567,100.209,0.209532,C,0.181369,0.18217,0.182172,0.176414,0.575766,2.02143e-05,9.10011e-05,5.56077e-05,3.53934e-05
0,0.0833333,123.878,100.209,0.21204,C,0.181006,0.184254,0.184256,0.17603,0.822524,2.04027e-05,9.08771e-05,5.56399e-05,3.52372e-05
0,0.0833333,124.189,100.209,0.214548,C,0.180645,0.180819,0.180818,0.17565,0.516755,1.08126e-05,5.41429e-05,3.24778e-05,2.16652e-05
0,0.0833333,124.501,100.209,0.217057,C,0.180286,0.180157,0.18016,0.175274,0.488614,7.8472e-06,4.15251e-05,2.46862e-05,1.6839e-05
0,0.0833333,124.813,100.209,0.219565,C,0.179929,0.181246,0.181247,0.174901,0.634625,7.07081e-06,3.78516e-05,2.24612e-05,1.53904e-05
0,0.0833333,125.127,100.209,0.222074,C,0.179574,0.175277,0.175267,0.174531,0.0736093,2.47433e-06,1.62837e-05,9.37901e-06,6.90468e-06
0,0.0833333,125.441,100.209,0.224582,C,0.17922,0.181976,0.181981,0.174166,0.781537,4.78386e-06,2.71954e-05,1.59897e-05,1.12058e-05
0,0.0833333,125.756,100.209,0.22709,C,0.178869,0.179039,0.179044,0.173804,0.52399,2.51403e-06,1.61496e-05,9.33182e-06,6.81779e-06
0,0.0833333,126.072,100.209,0.229599,C,0.178519,0.175694,0.175687,0.173446,0.224104,1.19433e-06,8.87522e-06,5.03477e-06,3.84044e-06
0,0.0833333,126.389,100.209,0.232107,C,0.178172,0.178885,0.178891,0.173092,0.579952,1.47147e-06,1.03526e-05,5.91202e-06,4.44054e-06
0,0.0833333,126.706,100.209,0.234615,C,0.177826,0.181057,0.181066,0.172741,0.832422,1.554e-06,1.06983e-05,6.12615e-06,4.57215e-06
0,0.0833333,127.024,100.209,0.237124,C,0.177482,0.17538,0.17542,0.172395,0.302508,5.08442e-07,4.38601e-06,2.44722e-06,1.93878e-06
0,0.0833333,127.343,100.209,0.239632,C,0.17714,0.176469,0.176488,0.172052,0.443578,4.58005e-07,3.99523e-06,2.22661e-06,1.76861e-06
0,0.0833333,127.663,100.209,0.24214,C,0.1768,0.176838,0.176793,0.171714,0.507962,3.65212e-07,3.30718e-06,1.8362e-06,1.47098e-06
0,0.0833333,127.984,100.209,0.244649,C,0.176462,0.172378,0.172368,0.171379,0.0989385,1.29563e-07,1.45412e-06,7.91842e-07,6.62279e-07
0,0.0833333,128.305,100.209,0.247157,C,0.176126,0.176305,0.176335,0.171048,0.528733,1.93479e-07,1.96467e-06,1.07907e-06,8.85594e-07
0,0.0833333,128.627,100.209,0.249666,C,0.175791,0.176087,0.176183,0.170721,0.546147,1.41791e-07,1.52282e-06,8.32307e-07,6.90516e-07
0,0.0833333,128.95,100.209,0.252174,C,0.175459,0.174147,0.174047,0.170399,0.364797,7.24493e-08,8.91345e-07,4.81897e-07,4.09448e-07
0,0.0833333,129.274,100.209,0.254682,C,0.175128,0.176202,0.176183,0.17008,0.610278,7.95627e-08,9.47149e-07,5.13356e-07,4.33793e-07
0,0.0833333,129.599,100.209,0.257191,C,0.174799,0.176479,0.176488,0.169766,0.672247,6.27627e-08,7.77823e-07,4.20293e-07,3.5753e-07
0,0.0833333,129.924,100.209,0.259699,C,0.174472,0.17236,0.172216,0.169455,0.276049,2.05493e-08,3.22885e-07,1.71717e-07,1.51168e-07
0,0.0833333,130.251,100.209,0.262207,C,0.174147,0.171992,0.172216,0.169149,0.306673,1.50383e-08,2.5034e-07,1.32689e-07,1.17651e-07
0,0.0833333,130.578,100.209,0.264716,C,0.173824,0.175206,0.174657,0.168847,0.581015,1.79933e-08,2.8386e-07,1.50927e-07,1.32933e-07
0,0.0833333,130.906,100.209,0.267224,C,0.173503,0.174601,0.174657,0.168549,0.6108,1.32099e-08,2.20598e-07,1.16904e-07,1.03694e-07
0,0.0833333,131.235,100.209,0.269732,C,0.173184,0.171149,0.170995,0.168255,0.273958,4.44832e-09,9.40453e-08,4.92468e-08,4.47985e-08
0,0.0833333,131.564,100.209,0.272241,C,0.172866,0.172502,0.170995,0.167966,0.302894,3.20354e-09,7.20747e-08,3.76391e-08,3.44356e-08
0,0.0833333,131.895,100.209,0.274749,C,0.172551,0.17096,0.166112,0.167681,0.156871,7.24044e-10,2.28107e-08,1.17674e-08,1.10433e-08
0,0.0833333,132.226,100.209,0.277258,C,0.172237,0.171385,0.156347,0.1674,1.10534,3.43836e-11,2.26438e-09,1.14938e-09,1.115e-09
0,0.0833333,132.558,100.209,0.279766,C,0.171925,0.167924,0.156347,0.167124,1.0777,2.29464e-11,1.64429e-09,8.33616e-10,8.1067e-10
0,0.0833333,132.891,100.209,0.282274,C,0.171616,0.175364,0.175878,0.166852,0.90259,2.5583e-09,5.73803e-08,2.99693e-08,2.7411e-08
0,0.0833333,133.225,100.209,0.284783,C,0.171308,0.170375,0.156347,0.166584,1.02373,1.0111e-11,8.60613e-10,4.35362e-10,4.25251e-10
0,0.0833333,133.559,100.209,0.287291,C,0.171001,0.170941,0.156347,0.166321,0.99741,6.6759e-12,6.20312e-10,3.13494e-10,3.06818e-10
0,0.0833333,133.895,100.209,0.289799,C,0.170697,0.17238,0.156347,0.166062,0.971533,4.39207e-12,4.46004e-10,2.25198e-10,2.20806e-10
0,0.0833333,134.231,100.209,0.292308,C,0.170395,0.166371,0.156347,0.165808,0.946103,2.8792e-12,3.19884e-10,1.61381e-10,1.58502e-10
0,0.0833333,134.568,100.209,0.294816,C,0.170094,0.169199,0.156347,0.165558,0.921123,1.88068e-12,2.28861e-10,1.15371e-10,1.1349e-10
0,0.0833333,134.906,100.209,0.297324,C,0.169796,0.170014,0.156347,0.165313,0.896595,1.22404e-12,1.63334e-10,8.22792e-11,8.10551e-11
0,0.0833333,135.245,100.209,0.299833,C,0.169499,0.172349,0.156347,0.165072,0.872521,7.93802e-13,1.16281e-10,5.85376e-11,5.77438e-11
0,0.0833333,135.584,100.209,0.302341,C,0.169204,0.169153,0.156347,0.164836,0.848904,5.12936e-13,8.25789e-11,4.15459e-11,4.1033e-11
0,0.0833333,135.925,100.209,0.304849,C,0.168912,0.170791,0.156347,0.164604,0.825747,3.30251e-13,5.85e-11,2.94151e-11,2.90849e-11
0,0.0833333,136.266,100.209,0.307358,C,0.168621,0.168234,0.156347,0.164377,0.803051,2.11863e-13,4.134e-11,2.07759e-11,2.05641e-11
0,0.0833333,136.609,100.209,0.309866,C,0.168331,0.167896,0.156347,0.164155,0.78082,1.35423e-13,2.91415e-11,1.46385e-11,1.45031e-11
0,0.0833333,136.952,100.209,0.312375,C,0.168044,0.167835,0.156347,0.163937,0.759054,8.62491e-14,2.0492e-11,1.02891e-11,1.02029e-11
0,0.0833333,137.296,100.209,0.314883,C,0.167759,0.166606,0.156347,0.163724,0.737757,5.47316e-14,1.43742e-11,7.21445e-12,7.15972e-12
0,0.0833333,137.64,100.209,0.317391,C,0.167475,0.161665,0.156347,0.163516,0.716931,3.46052e-14,1.0058e-11,5.0463e-12,5.0117e-12
0,0.0833333,137.986,100.209,0.3199,C,0.167194,0.167895,0.156347,0.163313,0.696577,2.18003e-14,7.02053e-12,3.52116e-12,3.49936e-12
0,0.0833333,138.333,100.209,0.322408,C,0.166914,0.167353,0.156347,0.163114,0.676698,1.36835e-14,4.8883e-12,2.45099e-12,2.43731e-12
0,0.0833333,138.68,100.209,0.324916,C,0.166636,0.167854,0.156347,0.16292,0.657296,8.55749e-15,3.39529e-12,1.70192e-12,1.69337e-12
0,0.0833333,139.028,100.209,0.327425,C,0.16636,0.165411,0.156347,0.162731,0.638374,5.33219e-15,2.35249e-12,1.17891e-12,1.17358e-12
0,0.0833333,139.378,100.209,0.329933,C,0.166086,0.164606,0.156347,0.162546,0.619932,3.31035e-15,1.62595e-12,8.14632e-13,8.11322e-13
0,0.0833333,139.728,100.209,0.332441,C,0.165814,0.167393,0.156347,0.162367,0.601973,2.04761e-15,1.12104e-12,5.61544e-13,5.59496e-13
0,0.0833333,140.079,100.209,0.33495,C,0.165544,0.16521,0.156347,0.162192,0.584498,1.2619e-15,7.71022e-13,3.86142e-13,3.8488e-13
0,0.0833333,140.43,100.209,0.337458,C,0.165276,0.168028,0.156347,0.162022,0.567511,7.74829e-16,5.28987e-13,2.64881e-13,2.64106e-13
0,0.0833333,140.783,100.209,0.339967,C,0.165009,0.16224,0.156347,0.161857,0.551012,4.74008e-16,3.6204e-13,1.81257e-13,1.80783e-13
0,0.0833333,141.137,100.209,0.342475,C,0.164745,0.166543,0.156347,0.161697,0.535003,2.8891e-16,2.47174e-13,1.23731e-13,1.23442e-13
0,0.0833333,141.491,100.209,0.344983,C,0.164482,0.164201,0.156347,0.161542,0.519486,1.75443e-16,1.68338e-13,8.42567e-14,8.40813e-14
0,0.0833333,141.846,100.209,0.347492,C,0.164221,0.169034,0.156347,0.161391,0.504462,1.06145e-16,1.14366e-13,5.72361e-14,5.71299e-14
0,0.0833333,142.203,100.209,0.35,C,0.163962,0.164801,0.156347,0.161246,0.489934,6.3982e-17,7.75081e-14,3.87861e-14,3.87221e-14
1,0.184211,67.3414,100.462,-0.4,P,0.290658,0.291045,0.291044,0.288474,0.257005,0.00120614,0.00281371,0.00200993,0.000803784
1,0.184211,67.5105,100.462,-0.397492,P,0.290077,0.288995,0.288995,0.287982,0.101263,0.00118505,0.00277799,0.00198152,0.000796468
1,0.184211,67.6801,100.462,-0.394983,P,0.289498,0.289889,0.289889,0.28749,0.239887,0.00134274,0.00309217,0.00221745,0.000874711
1,0.184211,67.8501,100.462,-0.392475,P,0.28892,0.289184,0.289184,0.286999,0.218536,0.00140821,0.00322517,0.00231669,0.000908479
1,0.184211,68.0205,100.462,-0.389967,P,0.288343,0.28793,0.28793,0.286507,0.14226,0.00143891,0.00329098,0.00236494,0.000926035
1,0.184211,68.1913,100.462,-0.387458,P,0.287768,0.284839,0.284839,0.286016,0.117626,0.00134605,0.00311791,0.00223198,0.000885927
1,0.184211,68.3626,100.462,-0.38495,P,0.287194,0.283854,0.283854,0.285524,0.167053,0.00139379,0.00321736,0.00230557,0.000911785
1,0.184211,68.5343,100.462,-0.382441,P,0.286622,0.287202,0.287202,0.285033,0.21688,0.00177306,0.00394798,0.00286052,0.00108746
1,0.184211,68.7064,100.462,-0.379933,P,0.286051,0.286904,0.286904,0.284542,0.236142,0.00189525,0.00418462,0.00303994,0.00114469
1,0.184211,68.879,100.462,-0.377425,P,0.285481,0.286998,0.286998,0.284052,0.294679,0.0020622,0.00450259,0.00328239,0.00122019
1,0.184211,69.0519,100.462,-0.374916,P,0.284913,0.286592,0.286592,0.283561,0.303117,0.00219258,0.00475122,0.0034719,0.00127932
1,0.184211,69.2254,100.462,-0.372408,P,0.284347,0.283885,0.283885,0.283071,0.0814668,0.00209981,0.0045903,0.00334506,0.00124524
1,0.184211,69.3992,100.462,-0.3699,P,0.283782,0.283221,0.283221,0.28258,0.0640735,0.00220777,0.00479833,0.00350305,0.00129528
1,0.184211,69.5735,100.462,-0.367391,P,0.283218,0.282891,0.282891,0.28209,0.0800982,0.00235692,0.00508072,0.00371882,0.0013619
1,0.184211,69.7483,100.462,-0.364883,P,0.282656,0.283507,0.283507,0.281601,0.190634,0.00262446,0.00557478,0.00409962,0.00147516
1,0.184211,69.9234,100.462,-0.362375,P,0.282095,0.279739,0.279739,0.281111,0.137189,0.00239941,0.00517911,0.00378926,0.00138985
1,0.184211,70.099,100.462,-0.359866,P,0.281536,0.282482,0.282482,0.280622,0.186,0.00293929,0.00615949,0.00454939,0.0016101
1,0.184211,70.2751,100.462,-0.357358,P,0.280978,0.283915,0.283915,0.280132,0.378278,0.00338379,0.0069526,0.00516819,0.00178441
1,0.184211,70.4516,100.462,-0.354849,P,0.280422,0.277634,0.277633,0.279644,0.201002,0.00277996,0.00590032,0.00434014,0.00156018
1,0.184211,70.6285,100.462,-0.352341,P,0.279867,0.282066,0.282066,0.279155,0.291119,0.00365479,0.00745043,0.00555261,0.00189782
1,0.184211,70.8059,100.462,-0.349833,P,0.279314,0.276393,0.276393,0.278666,0.227359,0.00309012,0.00647796,0.00478404,0.00169392
1,0.184211,70.9838,100.462,-0.347324,P,0.278761,0.27911,0.27911,0.278178,0.0931544,0.00376769,0.00767513,0.00572141,0.00195372
1,0.184211,71.162,100.462,-0.344816,P,0.278211,0.280314,0.280314,0.27769,0.262363,0.00428717,0.00857932,0.00643324,0.00214607
1,0.184211,71.3408,100.462,-0.342308,P,0.277662,0.279798,0.279798,0.277202,0.259546,0.00453433,0.00901439,0.00677436,0.00224003
1,0.184211,71.5199,100.462,-0.339799,P,0.277114,0.277127,0.277127,0.276715,0.0412529,0.00438345,0.00877686,0.00658016,0.0021967
1,0.184211,71.6996,100.462,-0.337291,P,0.276568,0.274626,0.274626,0.276227,0.160109,0.00426562,0.00859403,0.00642983,0.00216421
1,0.184211,71.8796,100.462,-0.334783,P,0.276023,0.275609,0.275609,0.27574,0.0131297,0.00481046,0.00953379,0.00717212,0.00236166
1,0.184211,72.0602,100.462,-0.332274,P,0.27548,0.278624,0.278624,0.275254,0.336989,0.00587887,0.0113244,0.00860164,0.00272276
1,0.184211,72.2411,100.462,-0.329766,P,0.274938,0.274738,0.274738,0.274767,0.00295686,0.00542357,0.0105961,0.00800985,0.00258628
1,0.184211,72.4226,100.462,-0.327258,P,0.274397,0.276014,0.276014,0.274281,0.173265,0.00617065,0.0118456,0.00900813,0.00283748
1,0.184211,72.6045,100.462,-0.324749,P,0.273858,0.273991,0.273991,0.273795,0.0195804,0.00614363,0.0118246,0.00898413,0.0028405
1,0.184211,72.7868,100.462,-0.322241,P,0.273321,0.272953,0.272953,0.27331,0.0356725,0.00636527,0.0122097,0.00928749,0.00292221
1,0.184211,72.9696,100.462,-0.319732,P,0.272785,0.269773,0.269773,0.272824,0.305136,0.00604647,0.0117126,0.00887951,0.00283304
1,0.184211,73.1529,100.462,-0.317224,P,0.27225,0.274011,0.274011,0.272339,0.167176,0.00773699,0.0144678,0.0111024,0.00336541
1,0.184211,73.3366,100.462,-0.314716,P,0.271717,0.271753,0.271753,0.271854,0.0101828,0.00764486,0.0143489,0.0109969,0.00335203
1,0.184211,73.5208,100.462,-0.312207,P,0.271185,0.269364,0.269364,0.27137,0.200615,0.00751369,0.0141674,0.0108405,0.00332684
1,0.184211,73.7054,100.462,-0.309699,P,0.270655,0.271003,0.271003,0.270886,0.011684,0.00864953,0.0159991,0.0123243,0.00367481
1,0.184211,73.8905,100.462,-0.307191,P,0.270126,0.270662,0.270662,0.270402,0.0259329,0.00921026,0.0169101,0.0130602,0.0038499
1,0.184211,74.0761,100.462,-0.304682,P,0.269599,0.266632,0.266632,0.269919,0.328726,0.00850734,0.0158374,0.0121724,0.00366505
1,0.184211,74.2622,100.462,-0.302174,P,0.269073,0.269347,0.269347,0.269436,0.00884113,0.0101932,0.0185057,0.0143494,0.00415622
1,0.184211,74.4487,100.462,-0.299666,P,0.268548,0.26867,0.26867,0.268953,0.0283057,0.0107157,0.0193475,0.0150316,0.00431593
1,0.184211,74.6356,100.462,-0.297157,P,0.268025,0.268545,0.268545,0.268471,0.00745464,0.0114986,0.020585,0.0160418,0.0045432
1,0.184211,74.8231,100.462,-0.294649,P,0.267504,0.267234,0.267234,0.267989,0.0754239,0.0118083,0.0210967,0.0164525,0.00464423
1,0.184211,75.011,100.462,-0.29214,P,0.266984,0.27016,0.27016,0.267507,0.265267,0.0141393,0.0246493,0.0193943,0.005255
1,0.184211,75.1994,100.462,-0.289632,P,0.266465,0.267828,0.267828,0.267026,0.080267,0.014006,0.0244958,0.0192509,0.00524493
1,0.184211,75.3883,100.462,-0.287124,P,0.265948,0.267063,0.267063,0.266545,0.0518769,0.0146739,0.0255376,0.0201058,0.00543188
1,0.184211,75.5776,100.462,-0.284615,P,0.265432,0.264591,0.264591,0.266064,0.147282,0.0144665,0.0252767,0.0198716,0.0054051
1,0.184211,75.7674,100.462,-0.282107,P,0.264917,0.262872,0.262872,0.265584,0.27122,0.014653,0.0256033,0.0201281,0.00547514
1,0.184211,75.9577,100.462,-0.279599,P,0.264405,0.263523,0.263523,0.265104,0.158147,0.0161584,0.0278849,0.0220216,0.00586324
1,0.184211,76.1485,100.462,-0.27709,P,0.263893,0.264732,0.264732,0.264625,0.0106851,0.0181426,0.030844,0.0244933,0.00635072
1,0.184211,76.3397,100.462,-0.274582,P,0.263383,0.261622,0.261622,0.264146,0.252342,0.0175281,0.0300048,0.0237665,0.00623835
1,0.184211,76.5315,100.462,-0.272074,P,0.262875,0.258957,0.258957,0.263667,0.470994,0.0171906,0.0295675,0.023379,0.00618843
1,0.184211,76.7237,100.462,-0.269565,P,0.262367,0.261433,0.261433,0.263189,0.175611,0.0201787,0.0339702,0.0270745,0.00689577
1,0.184211,76.9164,100.462,-0.267057,P,0.261862,0.26634,0.26634,0.262711,0.362887,0.0255062,0.0416018,0.033554,0.00804781
1,0.184211,77.1095,100.462,-0.264548,P,0.261358,0.261811,0.261811,0.262234,0.0423298,0.0236342,0.0390368,0.0313355,0.0077013
1,0.184211,77.3032,100.462,-0.26204,P,0.260855,0.257853,0.257853,0.261757,0.390394,0.0222662,0.0371625,0.0297143,0.00744819
1,0.184211,77.4973,100.462,-0.259532,P,0.260353,0.260024,0.260024,0.261281,0.125697,0.0257409,0.0421541,0.0339475,0.00820658
1,0.184211,77.692,100.462,-0.257023,P,0.259854,0.260112,0.260112,0.260805,0.0692575,0.0277351,0.0450216,0.0363784,0.00864323
1,0.184211,77.8871,100.462,-0.254515,P,0.259355,0.261956,0.261956,0.260329,0.162679,0.031561,0.0503966,0.0409788,0.00941779
1,0.184211,78.0827,100.462,-0.252007,P,0.258858,0.260953,0.260953,0.259854,0.109849,0.0328152,0.052205,0.0425101,0.00969488
1,0.184211,78.2788,100.462,-0.249498,P,0.258363,0.261023,0.261023,0.25938,0.164342,0.0352672,0.0556408,0.045454,0.0101868
1,0.184211,78.4754,100.462,-0.24699,P,0.257869,0.259602,0.259602,0.258906,0.0696457,0.0362094,0.0570163,0.0466128,0.0104034
1,0.184211,78.6725,100.462,-0.244482,P,0.257376,0.259096,0.259096,0.258432,0.0664088,0.0382314,0.0598501,0.0490407,0.0108094
1,0.184211,78.8701,100.462,-0.241973,P,0.256885,0.256288,0.256288,0.257959,0.167091,0.0376491,0.0591675,0.0484083,0.0107592
1,0.184211,79.0682,100.462,-0.239465,P,0.256395,0.255985,0.255985,0.257487,0.150185,0.0400162,0.0624641,0.0512401,0.011224
1,0.184211,79.2668,100.462,-0.236957,P,0.255907,0.257885,0.257885,0.257015,0.0870794,0.0453797,0.0697346,0.0575572,0.0121774
1,0.184211,79.4658,100.462,-0.234448,P,0.25542,0.255857,0.255857,0.256543,0.0685846,0.0458152,0.0704307,0.0581229,0.0123078
1,0.184211,79.6654,100.462,-0.23194,P,0.254935,0.254006,0.254006,0.256072,0.206591,0.0465045,0.0714658,0.0589851,0.0124807
1,0.184211,79.8655,100.462,-0.229431,P,0.254451,0.257957,0.257957,0.255602,0.235538,0.0557536,0.0837226,0.0697381,0.0139845
1,0.184211,80.0661,100.462,-0.226923,P,0.253968,0.253223,0.253223,0.255132,0.190815,0.0522008,0.0792247,0.0657127,0.0135119
1,0.184211,80.2672,100.462,-0.224415,P,0.253487,0.251936,0.251936,0.254662,0.272618,0.0538965,0.0815794,0.067738,0.0138414
1,0.184211,80.4688,100.462,-0.221906,P,0.253008,0.251663,0.251663,0.254193,0.253044,0.0572846,0.0861335,0.0717091,0.0144245
1,0.184211,80.6709,100.462,-0.219398,P,0.25253,0.254397,0.254397,0.253725,0.0671851,0.0661089,0.0976545,0.0818817,0.0157728
1,0.184211,80.8735,100.462,-0.21689,P,0.252053,0.253571,0.253571,0.253258,0.0313853,0.0691186,0.101657,0.085388,0.0162694
1,0.184211,81.0766,100.462,-0.214381,P,0.251578,0.249191,0.249191,0.25279,0.359921,0.0656351,0.0973694,0.0815022,0.0158672
1,0.184211,81.2802,100.462,-0.211873,P,0.251104,0.252075,0.252075,0.252324,0.0248465,0.0758776,0.110572,0.0932248,0.0173473
1,0.184211,81.4843,100.462,-0.209365,P,0.250632,0.250854,0.250854,0.251858,0.100426,0.0785226,0.114089,0.0963057,0.017783
1,0.184211,81.689,100.462,-0.206856,P,0.250161,0.250586,0.250586,0.251393,0.0806921,0.0833152,0.120296,0.101805,0.0184902
1,0.184211,81.8942,100.462,-0.204348,P,0.249691,0.252805,0.252805,0.250928,0.187733,0.0940945,0.133914,0.114004,0.0199097
1,0.184211,82.0998,100.462,-0.201839,P,0.249223,0.249359,0.249359,0.250464,0.110504,0.0920961,0.131642,0.111869,0.0197731
1,0.184211,82.306,100.462,-0.199331,P,0.248757,0.25277,0.25277,0.250001,0.276955,0.106879,0.150072,0.128475,0.0215963
1,0.184211,82.5127,100.462,-0.196823,P,0.248292,0.247332,0.247332,0.249538,0.220563,0.0997721,0.141566,0.120669,0.020897
1,0.184211,82.72,100.462,-0.194314,P,0.247828,0.248817,0.248817,0.249076,0.0259084,0.110413,0.154848,0.13263,0.0222177
1,0.184211,82.9277,100.462,-0.191806,P,0.247366,0.243427,0.243427,0.248614,0.518727,0.103213,0.14626,0.124737,0.0215234
1,0.184211,83.136,100.462,-0.189298,P,0.246905,0.246341,0.246341,0.248153,0.181223,0.118314,0.164953,0.141634,0.0233197
1,0.184211,83.3448,100.462,-0.186789,P,0.246446,0.248084,0.248084,0.247693,0.0390528,0.131373,0.180988,0.156181,0.0248072
1,0.184211,83.5541,100.462,-0.184281,P,0.245988,0.246368,0.246368,0.247234,0.0866198,0.134509,0.185024,0.159766,0.0252573
1,0.184211,83.764,100.462,-0.181773,P,0.245532,0.243365,0.243365,0.246775,0.341002,0.133706,0.184335,0.15902,0.0253145
1,0.184211,83.9743,100.462,-0.179264,P,0.245077,0.245122,0.245122,0.246317,0.119551,0.148319,0.202095,0.175207,0.026888
1,0.184211,84.1852,100.462,-0.176756,P,0.244623,0.247748,0.247748,0.24586,0.188806,0.167226,0.224778,0.196002,0.0287759
1,0.184211,84.3967,100.462,-0.174247,P,0.244171,0.243385,0.243385,0.245403,0.201847,0.161736,0.218615,0.190176,0.0284394
1,0.184211,84.6086,100.462,-0.171739,P,0.243721,0.244972,0.244972,0.244947,0.00243501,0.178109,0.238202,0.208156,0.0300466
1,0.184211,84.8211,100.462,-0.169231,P,0.243271,0.243234,0.243234,0.244492,0.125808,0.182507,0.243686,0.213097,0.0305897
1,0.184211,85.0342,100.462,-0.166722,P,0.242824,0.246163,0.246163,0.244038,0.212548,0.206141,0.27153,0.238836,0.0326946
1,0.184211,85.2477,100.462,-0.164214,P,0.242377,0.24265,0.24265,0.243584,0.0933643,0.203751,0.269125,0.236438,0.0326869
1,0.184211,85.4618,100.462,-0.161706,P,0.241933,0.243833,0.243833,0.243131,0.0701345,0.221684,0.290208,0.255946,0.0342623
1,0.184211,85.6765,100.462,-0.159197,P,0.241489,0.241137,0.241137,0.242679,0.154176,0.223001,0.292112,0.257557,0.0345551
1,0.184211,85.8916,100.462,-0.156689,P,0.241047,0.240037,0.240037,0.242228,0.219075,0.231693,0.302496,0.267095,0.0354013
1,0.184211,86.1074,100.462,-0.154181,P,0.240607,0.236554,0.236554,0.241777,0.522349,0.229533,0.300425,0.264979,0.0354462
1,0.184211,86.3236,100.462,-0.151672,P,0.240168,0.239214,0.239214,0.241328,0.211373,0.256998,0.332241,0.29462,0.0376213
1,0.184211,86.5404,100.462,-0.149164,P,0.23973,0.240333,0.240333,0.240879,0.0545473,0.278529,0.357099,0.317814,0.0392852
1,0.184211,86.7578,100.462,-0.146656,P,0.239294,0.239048,0.239048,0.240431,0.138298,0.288326,0.368617,0.328471,0.0401455
1,0.184211,86.9757,100.462,-0.144147,P,0.23886,0.236415,0.236415,0.239983,0.356855,0.291128,0.372245,0.331686,0.0405586
1,0.184211,87.1941,100.462,-0.141639,P,0.238426,0.237677,0.237677,0.239537,0.186003,0.315956,0.400618,0.358287,0.042331
1,0.184211,87.4131,100.462,-0.13913,P,0.237995,0.237904,0.237904,0.239092,0.118791,0.336118,0.423643,0.379881,0.0437622
1,0.184211,87.6326,100.462,-0.136622,P,0.237564,0.238502,0.238502,0.238647,0.0144723,0.35963,0.450298,0.404964,0.0453339
1,0.184211,87.8527,100.462,-0.134114,P,0.237135,0.236653,0.236653,0.238203,0.154997,0.36873,0.460913,0.414821,0.0460917
1,0.184211,88.0734,100.462,-0.131605,P,0.236708,0.238518,0.238518,0.23776,0.075775,0.402578,0.498809,0.450694,0.0481153
1,0.184211,88.2946,100.462,-0.129097,P,0.236282,0.233951,0.233951,0.237318,0.33674,0.394567,0.490556,0.442561,0.0479946
1,0.184211,88.5163,100.462,-0.126589,P,0.235858,0.233632,0.233632,0.236877,0.324532,0.415348,0.513986,0.464667,0.0493188
1,0.184211,88.7386,100.462,-0.12408,P,0.235435,0.236142,0.236142,0.236437,0.029475,0.457434,0.560613,0.509024,0.0515893
1,0.184211,88.9615,100.462,-0.121572,P,0.235013,0.239743,0.239743,0.235998,0.374509,0.510566,0.618923,0.564744,0.0541784
1,0.184211,89.1849,100.462,-0.119064,P,0.234593,0.235911,0.235911,0.235559,0.0351559,0.508397,0.617205,0.562801,0.054404
1,0.184211,89.4089,100.462,-0.116555,P,0.234174,0.235207,0.235207,0.235122,0.00848754,0.530933,0.642205,0.586569,0.0556358
1,0.184211,89.6335,100.462,-0.114047,P,0.233757,0.229058,0.229058,0.234685,0.562791,0.510593,0.620892,0.565742,0.0551496
1,0.184211,89.8586,100.462,-0.111538,P,0.233341,0.234033,0.234033,0.23425,0.0216581,0.580841,0.697239,0.63904,0.0581989
1,0.184211,90.0843,100.462,-0.10903,P,0.232927,0.232021,0.232021,0.233816,0.179427,0.595096,0.713214,0.654155,0.0590586
1,0.184211,90.3105,100.462,-0.106522,P,0.232514,0.233546,0.233546,0.233382,0.0164093,0.641124,0.763103,0.702114,0.0609896
1,0.184211,90.5373,100.462,-0.104013,P,0.232102,0.228473,0.228473,0.23295,0.447669,0.629475,0.751407,0.690441,0.0609656
1,0.184211,90.7647,100.462,-0.101505,P,0.231692,0.234256,0.234256,0.232518,0.173797,0.717977,0.846203,0.78209,0.0641132
1,0.184211,90.9927,100.462,-0.0989967,P,0.231284,0.231453,0.231453,0.232088,0.0634562,0.72836,0.857943,0.793152,0.0647913
1,0.184211,91.2212,100.462,-0.0964883,P,0.230877,0.232551,0.232551,0.231658,0.0892548,0.777585,0.910674,0.84413,0.0665446
1,0.184211,91.4503,100.462,-0.0939799,P,0.230471,0.234398,0.234398,0.23123,0.316836,0.836765,0.973679,0.905222,0.068457
1,0.184211,91.68,100.462,-0.0914716,P,0.230067,0.229661,0.229661,0.230803,0.114166,0.829642,0.966992,0.898317,0.068675
1,0.184211,91.9102,100.462,-0.0889632,P,0.229664,0.232687,0.232687,0.230377,0.231036,0.904818,1.04652,0.975668,0.0708494
1,0.184211,92.1411,100.462,-0.0864548,P,0.229263,0.230884,0.230884,0.229951,0.0932263,0.930406,1.07404,1.00222,0.0718166
1,0.184211,92.3725,100.462,-0.0839465,P,0.228863,0.230652,0.230652,0.229527,0.112477,0.974512,1.12081,1.04766,0.0731497
1,0.184211,92.6045,100.462,-0.0814381,P,0.228464,0.227855,0.227855,0.229104,0.124953,0.991024,1.13882,1.06492,0.0738967
1,0.184211,92.837,100.462,-0.0789298,P,0.228067,0.227115,0.227115,0.228683,0.156802,1.03202,1.18223,1.10713,0.0751056
1,0.184211,93.0702,100.462,-0.0764214,P,0.227672,0.225271,0.225271,0.228262,0.299107,1.0615,1.21364,1.13757,0.0760708
1,0.184211,93.3039,100.462,-0.073913,P,0.227278,0.228671,0.228671,0.227842,0.0828504,1.15567,1.31182,1.23375,0.0780788
1,0.184211,93.5383,100.462,-0.0714047,P,0.226885,0.22559,0.22559,0.227424,0.183387,1.17316,1.33071,1.25194,0.0787798
1,0.184211,93.7732,100.462,-0.0688963,P,0.226494,0.22606,0.22606,0.227007,0.0946617,1.23614,1.39641,1.31627,0.0801363
1,0.184211,94.0087,100.462,-0.066388,P,0.226104,0.225563,0.225563,0.226591,0.102768,1.289,1.45157,1.37029,0.081285
1,0.184211,94.2448,100.462,-0.0638796,P,0.225716,0.226139,0.226139,0.226176,0.0036951,1.35791,1.52306,1.44049,0.0825758
1,0.184211,94.4815,100.462,-0.0613712,P,0.225329,0.225293,0.225293,0.225762,0.0469155,1.41025,1.57746,1.49386,0.0836047
1,0.184211,94.7188,100.462,-0.0588629,P,0.224944,0.224765,0.224765,0.22535,0.0585118,1.46878,1.63808,1.55343,0.084652
1,0.184211,94.9567,100.462,-0.0563545,P,0.22456,0.224933,0.224933,0.224939,0.000561764,1.53904,1.71055,1.62479,0.0857556
1,0.184211,95.1952,100.462,-0.0538462,P,0.224177,0.225559,0.225559,0.224529,0.103001,1.61819,1.79192,1.70505,0.0868637
1,0.184211,95.4343,100.462,-0.0513378,P,0.223796,0.223668,0.223668,0.22412,0.0451468,1.66391,1.83918,1.75155,0.0876352
1,0.184211,95.6739,100.462,-0.0488294,P,0.223416,0.223973,0.223973,0.223712,0.0260512,1.74321,1.92043,1.83182,0.0886134
1,0.184211,95.9142,100.462,-0.0463211,P,0.223038,0.220217,0.220217,0.223306,0.30892,1.76521,1.94351,1.85436,0.0891516
1,0.184211,96.1551,100.462,-0.0438127,P,0.222662,0.223353,0.223353,0.222901,0.0451648,1.89126,2.07184,1.98155,0.0902916
1,0.184211,96.3966,100.462,-0.0413043,P,0.222286,0.222038,0.222038,0.222498,0.0459294,1.95367,2.13563,2.04465,0.0909798
1,0.184211,96.6387,100.462,-0.038796,P,0.221913,0.221658,0.221658,0.222095,0.0437256,2.03254,2.21593,2.12424,0.0916949
1,0.184211,96.8814,100.462,-0.0362876,P,0.22154,0.221249,0.221249,0.221694,0.0445527,2.11348,2.29819,2.20583,0.0923546
1,0.184211,97.1247,100.462,-0.0337793,P,0.221169,0.220841,0.220841,0.221295,0.0453853,2.19698,2.3829,2.28994,0.0929593
1,0.184211,97.3687,100.462,-0.0312709,P,0.2208,0.219146,0.219146,0.220896,0.175065,2.26262,2.44952,2.35607,0.0934482
1,0.184211,97.6132,100.462,-0.0287625,P,0.220432,0.220717,0.220717,0.2205,0.0217571,2.38292,2.57097,2.47695,0.0940231
1,0.184211,97.8584,100.462,-0.0262542,P,0.220065,0.220941,0.220941,0.220104,0.0836918,2.48468,2.67362,2.57915,0.0944679
1,0.184211,98.1041,100.462,-0.0237458,P,0.2197,0.219484,0.219484,0.21971,0.0226172,2.56185,2.75145,2.65665,0.0947997
1,0.184211,98.3505,100.462,-0.0212375,P,0.219337,0.219411,0.219411,0.219317,0.00943444,2.66433,2.85455,2.75944,0.0951092
1,0.184211,98.5975,100.462,-0.0187291,P,0.218974,0.217387,0.217387,0.218926,0.153864,2.7373,2.92794,2.83262,0.0953186
1,0.184211,98.8452,100.462,-0.0162207,P,0.218614,0.221718,0.221718,0.218536,0.318196,2.9189,3.11001,3.01446,0.0955529
1,0.184211,99.0934,100.462,-0.0137124,P,0.218254,0.221247,0.221247,0.218147,0.309978,3.02365,3.21494,3.1193,0.0956451
1,0.184211,99.3423,100.462,-0.011204,P,0.217897,0.214198,0.214198,0.217761,0.356256,3.02022,3.21149,3.11585,0.0956363
1,0.184211,99.5918,100.462,-0.00869565,P,0.21754,0.217702,0.217702,0.217375,0.0326947,3.19764,3.38889,3.29327,0.0956248
1,0.184211,99.8419,100.462,-0.00618729,P,0.217185,0.217866,0.217866,0.216991,0.0875188,3.32175,3.5128,3.41728,0.0955232
1,0.184211,100.093,100.462,-0.00367893,P,0.216832,0.219138,0.219138,0.216608,0.253005,3.46783,3.65853,3.56318,0.0953504
1,0.184211,100.344,100.462,-0.00117057,P,0.21648,0.212183,0.212183,0.216227,0.404449,3.47641,3.66664,3.57153,0.0951131
1,0.184211,100.596,100.462,0.00133779,C,0.216129,0.214916,0.214916,0.215848,0.093148,3.51926,3.70977,3.61452,0.0952564
1,0.184211,100.849,100.462,0.00384615,C,0.21578,0.215778,0.215778,0.21547,0.0307651,3.41523,3.60669,3.51096,0.0957323
1,0.184211,101.102,100.462,0.00635452,C,0.215432,0.21519,0.21519,0.215094,0.00962221,3.28888,3.48116,3.38502,0.0961382
1,0.184211,101.356,100.462,0.00886288,C,0.215086,0.214652,0.214652,0.214719,0.00671925,3.1659,3.35885,3.26237,0.0964708
1,0.184211,101.61,100.462,0.0113712,C,0.214741,0.217782,0.217782,0.214346,0.343678,3.10808,3.30158,3.20483,0.0967496
1,0.184211,101.866,100.462,0.0138796,C,0.214398,0.210077,0.210077,0.213974,0.389663,2.86808,3.06183,2.96496,0.096875
1,0.184211,102.122,100.462,0.016388,C,0.214056,0.218049,0.218049,0.213604,0.444529,2.89733,3.09149,2.99441,0.0970774
1,0.184211,102.378,100.462,0.0188963,C,0.213715,0.215485,0.215485,0.213235,0.224939,2.75006,2.94424,2.84715,0.0970884
1,0.184211,102.635,100.462,0.0214047,C,0.213376,0.210315,0.210315,0.212869,0.255364,2.56196,2.75583,2.6589,0.0969347
1,0.184211,102.893,100.462,0.023913,C,0.213039,0.213518,0.213518,0.212504,0.101445,2.51716,2.71096,2.61406,0.0968988
1,0.184211,103.151,100.462,0.0264214,C,0.212703,0.210029,0.210029,0.21214,0.211115,2.36325,2.55641,2.45983,0.0965789
1,0.184211,103.41,100.462,0.0289298,C,0.212368,0.211513,0.211513,0.211778,0.0265307,2.29451,2.48723,2.39087,0.0963584
1,0.184211,103.67,100.462,0.0314381,C,0.212035,0.210339,0.210339,0.211418,0.107969,2.18454,2.37643,2.28048,0.0959433
1,0.184211,103.93,100.462,0.0339465,C,0.211703,0.207701,0.207701,0.21106,0.335844,2.05386,2.24453,2.14919,0.0953376
1,0.184211,104.191,100.462,0.0364548,C,0.211373,0.212764,0.212764,0.210703,0.20607,2.04952,2.23987,2.1447,0.095173
1,0.184211,104.453,100.462,0.0389632,C,0.211044,0.210736,0.210736,0.210348,0.0387693,1.93382,2.12272,2.02827,0.0944515
1,0.184211,104.715,100.462,0.0414716,C,0.210716,0.207723,0.207723,0.209995,0.22724,1.80599,1.99303,1.89951,0.093519
1,0.184211,104.978,100.462,0.0439799,C,0.21039,0.209593,0.209593,0.209644,0.00509855,1.75696,1.9429,1.84993,0.0929691
1,0.184211,105.242,100.462,0.0464883,C,0.210066,0.211533,0.211533,0.209294,0.223889,1.71071,1.8955,1.80311,0.0923965
1,0.184211,105.506,100.462,0.0489967,C,0.209743,0.210964,0.210964,0.208946,0.201793,1.62834,1.81132,1.71983,0.0914857
1,0.184211,105.771,100.462,0.051505,C,0.209421,0.208799,0.208799,0.2086,0.0198653,1.52502,1.70556,1.61529,0.0902729
1,0.184211,106.037,100.462,0.0540134,C,0.209101,0.211478,0.211478,0.208256,0.322226,1.49539,1.67476,1.58508,0.0896829
1,0.184211,106.303,100.462,0.0565217,C,0.208782,0.209788,0.209788,0.207914,0.187426,1.40429,1.58106,1.49268,0.0883829
1,0.184211,106.57,100.462,0.0590301,C,0.208465,0.212239,0.212239,0.207573,0.466511,1.37448,1.54991,1.46219,0.0877115
1,0.184211,106.838,100.462,0.0615385,C,0.208149,0.210615,0.210615,0.207235,0.337972,1.28935,1.46191,1.37563,0.0862824
1,0.184211,107.106,100.462,0.0640468,C,0.207835,0.207886,0.207886,0.206898,0.0988187,1.19245,1.3615,1.27697,0.084524
1,0.184211,107.375,100.462,0.0665552,C,0.207522,0.20277,0.20277,0.206563,0.379366,1.06839,1.23253,1.15046,0.0820686
1,0.184211,107.645,100.462,0.0690635,C,0.20721,0.211099,0.211099,0.20623,0.486875,1.12165,1.28696,1.20431,0.0826549
1,0.184211,107.915,100.462,0.0715719,C,0.2069,0.204067,0.204067,0.205899,0.183287,0.979198,1.13833,1.05876,0.0795673
1,0.184211,108.186,100.462,0.0740803,C,0.206592,0.204785,0.204785,0.20557,0.0785075,0.937986,1.09458,1.01628,0.0782983
1,0.184211,108.458,100.462,0.0765886,C,0.206284,0.205954,0.205954,0.205243,0.0711085,0.90372,1.05799,0.980857,0.0771364
1,0.184211,108.731,100.462,0.079097,C,0.205979,0.204634,0.204634,0.204918,0.0283947,0.84184,0.99231,0.917075,0.0752347
1,0.184211,109.004,100.462,0.0816054,C,0.205675,0.207128,0.207128,0.204595,0.253342,0.825772,0.974652,0.900212,0.07444
1,0.184211,109.277,100.462,0.0841137,C,0.205372,0.204049,0.204049,0.204274,0.022477,0.748708,0.892507,0.820607,0.0718995
1,0.184211,109.552,100.462,0.0866221,C,0.20507,0.205751,0.205751,0.203955,0.179591,0.726365,0.868064,0.797215,0.0708494
1,0.184211,109.827,100.462,0.0891304,C,0.204771,0.205034,0.205034,0.203638,0.139662,0.679692,0.81766,0.748676,0.0689837
1,0.184211,110.103,100.462,0.0916388,C,0.204472,0.204275,0.204275,0.203323,0.0952218,0.634758,0.768892,0.701825,0.0670667
1,0.184211,110.379,100.462,0.0941472,C,0.204175,0.205246,0.205246,0.20301,0.223646,0.608767,0.740276,0.674521,0.0657544
1,0.184211,110.657,100.462,0.0966555,C,0.20388,0.202465,0.202465,0.202699,0.0234349,0.548596,0.674648,0.611622,0.0630261
1,0.184211,110.934,100.462,0.0991639,C,0.203585,0.202897,0.202897,0.20239,0.0506849,0.520755,0.643736,0.582246,0.0614904
1,0.184211,111.213,100.462,0.101672,C,0.203293,0.204119,0.204119,0.202084,0.203539,0.50107,0.621614,0.561342,0.060272
1,0.184211,111.492,100.462,0.104181,C,0.203002,0.200912,0.200912,0.201779,0.0867482,0.44497,0.559484,0.502227,0.057257
1,0.184211,111.772,100.462,0.106689,C,0.202712,0.202631,0.202631,0.201477,0.115392,0.43185,0.544367,0.488108,0.0562582
1,0.184211,112.053,100.462,0.109197,C,0.202424,0.203938,0.203938,0.201176,0.2762,0.41602,0.526232,0.471126,0.055106
1,0.184211,112.335,100.462,0.111706,C,0.202137,0.202572,0.202572,0.200878,0.169424,0.380601,0.486264,0.433433,0.0528315
1,0.184211,112.617,100.462,0.114214,C,0.201851,0.202623,0.202623,0.200582,0.204091,0.357489,0.45982,0.408655,0.0511655
1,0.184211,112.899,100.462,0.116722,C,0.201567,0.201943,0.201943,0.200289,0.165407,0.330517,0.428897,0.379707,0.0491901
1,0.184211,113.183,100.462,0.119231,C,0.201285,0.19989,0.19989,0.199997,0.0107304,0.296197,0.389413,0.342805,0.0466079
1,0.184211,113.467,100.462,0.121739,C,0.201004,0.201588,0.201588,0.199708,0.187983,0.287546,0.378988,0.333267,0.0457211
1,0.184211,113.752,100.462,0.124247,C,0.200724,0.20212,0.20212,0.199421,0.269934,0.272128,0.360794,0.316461,0.0443332
1,0.184211,114.038,100.462,0.126756,C,0.200446,0.198831,0.198831,0.199136,0.0305004,0.235636,0.318106,0.276871,0.0412348
1,0.184211,114.324,100.462,0.129264,C,0.200169,0.202294,0.202294,0.198854,0.344033,0.238575,0.321025,0.2798,0.0412247
1,0.184211,114.611,100.462,0.131773,C,0.199894,0.200556,0.200556,0.198573,0.198307,0.213569,0.291333,0.252451,0.0388818
1,0.184211,114.899,100.462,0.134281,C,0.19962,0.201955,0.201955,0.198296,0.36596,0.206031,0.282001,0.244016,0.0379851
1,0.184211,115.188,100.462,0.136789,C,0.199348,0.198351,0.198351,0.19802,0.0330869,0.175069,0.244783,0.209926,0.0348571
1,0.184211,115.477,100.462,0.139298,C,0.199077,0.198784,0.198784,0.197747,0.103733,0.164583,0.231762,0.198172,0.0335895
1,0.184211,115.767,100.462,0.141806,C,0.198807,0.194794,0.194794,0.197476,0.268223,0.136756,0.197505,0.167131,0.0303746
1,0.184211,116.058,100.462,0.144314,C,0.198539,0.196965,0.196965,0.197207,0.02426,0.134787,0.194702,0.164744,0.0299575
1,0.184211,116.349,100.462,0.146823,C,0.198273,0.198282,0.198282,0.196941,0.134101,0.129699,0.188061,0.15888,0.0291811
1,0.184211,116.642,100.462,0.149331,C,0.198008,0.197421,0.197421,0.196677,0.0743747,0.117138,0.172111,0.144625,0.0274863
1,0.184211,116.935,100.462,0.151839,C,0.197744,0.199122,0.199122,0.196416,0.270658,0.114036,0.167896,0.140966,0.0269296
1,0.184211,117.228,100.462,0.154348,C,0.197482,0.198139,0.198139,0.196157,0.198235,0.102414,0.152939,0.127677,0.0252628
1,0.184211,117.523,100.462,0.156856,C,0.197221,0.19658,0.19658,0.1959,0.0679621,0.0900811,0.136903,0.113492,0.023411
1,0.184211,117.818,100.462,0.159365,C,0.196962,0.199297,0.199297,0.195646,0.365117,0.0906653,0.137364,0.114014,0.0233491
1,0.184211,118.114,100.462,0.161873,C,0.196704,0.196445,0.196445,0.195395,0.105073,0.076231,0.118382,0.0973067,0.0210757
1,0.184211,118.41,100.462,0.164381,C,0.196448,0.195917,0.195917,0.195146,0.077184,0.0689333,0.108514,0.0887236,0.0197904
1,0.184211,118.708,100.462,0.16689,C,0.196193,0.193452,0.193452,0.194899,0.144642,0.0580618,0.0937242,0.075893,0.0178312
1,0.184211,119.006,100.462,0.169398,C,0.195939,0.198112,0.198112,0.194655,0.345748,0.0629541,0.100077,0.0815155,0.0185614
1,0.184211,119.305,100.462,0.171906,C,0.195687,0.195419,0.195419,0.194413,0.100625,0.0525163,0.085743,0.0691297,0.0166134
1,0.184211,119.604,100.462,0.174415,C,0.195436,0.193711,0.193711,0.194174,0.0462758,0.0451311,0.0753455,0.0602383,0.0151072
1,0.184211,119.905,100.462,0.176923,C,0.195187,0.196196,0.196196,0.193937,0.225827,0.0454531,0.0756038,0.0605285,0.0150753
1,0.184211,120.206,100.462,0.179431,C,0.194939,0.19479,0.19479,0.193704,0.108647,0.0394084,0.0669385,0.0531734,0.0137651
1,0.184211,120.508,100.462,0.18194,C,0.194693,0.194694,0.194694,0.193472,0.122236,0.0358903,0.0617579,0.0488241,0.0129338
1,0.184211,120.811,100.462,0.184448,C,0.194448,0.191612,0.191612,0.193243,0.163136,0.0288008,0.0512985,0.0400496,0.0112489
1,0.184211,121.114,100.462,0.186957,C,0.194205,0.191722,0.191722,0.193017,0.129503,0.0263415,0.0475075,0.0369245,0.010583
1,0.184211,121.418,100.462,0.189465,C,0.193963,0.193697,0.193697,0.192793,0.0903096,0.02613,0.0470577,0.0365939,0.0104638
1,0.184211,121.723,100.462,0.191973,C,0.193723,0.194665,0.194665,0.192572,0.209205,0.024819,0.044966,0.0348925,0.0100735
1,0.184211,122.029,100.462,0.194482,C,0.193483,0.191331,0.191331,0.192354,0.102294,0.0194083,0.0365897,0.027999,0.00859067
1,0.184211,122.335,100.462,0.19699,C,0.193246,0.193216,0.193216,0.192138,0.107776,0.0192243,0.0361949,0.0277096,0.0084853
1,0.184211,122.643,100.462,0.199498,C,0.19301,0.192732,0.192732,0.191925,0.0806097,0.0170494,0.0326859,0.0248676,0.00781824
1,0.184211,122.951,100.462,0.202007,C,0.192775,0.197894,0.197894,0.191715,0.617862,0.0196721,0.036678,0.0281751,0.00850295
1,0.184211,123.259,100.462,0.204515,C,0.192542,0.192255,0.192255,0.191507,0.0747341,0.0136635,0.0270775,0.0203705,0.00670699
1,0.184211,123.569,100.462,0.207023,C,0.19231,0.19282,0.19282,0.191303,0.151747,0.0127118,0.025439,0.0190754,0.00636361
1,0.184211,123.879,100.462,0.209532,C,0.19208,0.190879,0.190879,0.1911,0.0220919,0.0103898,0.0214948,0.0159423,0.00555251
1,0.184211,124.19,100.462,0.21204,C,0.191851,0.191939,0.191939,0.190901,0.103856,0.00990768,0.0206075,0.0152576,0.00534993
1,0.184211,124.502,100.462,0.214548,C,0.191623,0.191245,0.191245,0.190704,0.0540642,0.00860251,0.0183004,0.0134514,0.00484892
1,0.184211,124.815,100.462,0.217057,C,0.191397,0.18734,0.18734,0.19051,0.316976,0.006202,0.0139746,0.0100883,0.0038863
1,0.184211,125.128,100.462,0.219565,C,0.191173,0.192943,0.192943,0.190319,0.262438,0.00765158,0.0165203,0.0120859,0.00443434
1,0.184211,125.443,100.462,0.222074,C,0.19095,0.19247,0.19247,0.190131,0.233962,0.00670491,0.0147836,0.0107442,0.00403933
1,0.184211,125.758,100.462,0.224582,C,0.190728,0.190162,0.190162,0.189945,0.0217458,0.00526669,0.0121066,0.00868664,0.00341995
1,0.184211,126.074,100.462,0.22709,C,0.190508,0.191153,0.191153,0.189762,0.139095,0.00500534,0.0115751,0.00829021,0.00328487
1,0.184211,126.39,100.462,0.229599,C,0.190289,0.190541,0.190541,0.189582,0.0958953,0.0043196,0.0102349,0.00727726,0.00295766
1,0.184211,126.708,100.462,0.232107,C,0.190072,0.189412,0.189412,0.189405,0.00071058,0.00359912,0.00879807,0.0061986,0.00259947
1,0.184211,127.026,100.462,0.234615,C,0.189856,0.188691,0.188691,0.189231,0.0540121,0.00306527,0.00769975,0.00538251,0.00231724
1,0.184211,127.345,100.462,0.237124,C,0.189642,0.189704,0.189704,0.189059,0.0644854,0.00291802,0.00737161,0.00514482,0.00222679
1,0.184211,127.665,100.462,0.239632,C,0.189429,0.191294,0.191294,0.188891,0.240363,0.00288507,0.00727639,0.00508073,0.00219566
1,0.184211,127.985,100.462,0.24214,C,0.189217,0.192198,0.192198,0.188725,0.347308,0.00272919,0.00693111,0.00483015,0.00210096
1,0.184211,128.307,100.462,0.244649,C,0.189007,0.189121,0.189121,0.188562,0.0559243,0.00197631,0.00532491,0.00365061,0.0016743
1,0.184211,128.629,100.462,0.247157,C,0.188798,0.189358,0.189358,0.188402,0.0955718,0.00178371,0.00488458,0.00333415,0.00155044
1,0.184211,128.952,100.462,0.249666,C,0.188591,0.191866,0.191866,0.188245,0.362107,0.00188596,0.00508765,0.00348681,0.00160085
1,0.184211,129.276,100.462,0.252174,C,0.188386,0.18698,0.18698,0.188091,0.111106,0.00117661,0.00347298,0.00232479,0.00114818
1,0.184211,129.601,100.462,0.254682,C,0.188181,0.188669,0.188669,0.18794,0.072867,0.00117956,0.00346498,0.00232227,0.00114271
1,0.184211,129.926,100.462,0.257191,C,0.187979,0.188498,0.188498,0.187792,0.0706572,0.001029,0.00309401,0.0020615,0.00103251
1,0.184211,130.252,100.462,0.259699,C,0.187777,0.187376,0.187376,0.187646,0.0270644,0.000832297,0.00260174,0.00171702,0.000884721
1,0.184211,130.58,100.462,0.262207,C,0.187577,0.185821,0.185821,0.187504,0.16831,0.000646474,0.00211935,0.00138291,0.000736438
1,0.184211,130.908,100.462,0.264716,C,0.187379,0.183871,0.183871,0.187365,0.349429,0.000481571,0.00167118,0.00107637,0.000594802
1,0.184211,131.236,100.462,0.267224,C,0.187182,0.188583,0.188583,0.187228,0.135431,0.000624956,0.00204447,0.00133471,0.000709758
1,0.184211,131.566,100.462,0.269732,C,0.186986,0.18447,0.18447,0.187095,0.262497,0.000387783,0.00139514,0.000891461,0.000503677
1,0.184211,131.896,100.462,0.272241,C,0.186792,0.186937,0.186937,0.186965,0.00279213,0.000419908,0.00147845,0.000949181,0.000529273
1,0.184211,132.228,100.462,0.274749,C,0.186599,0.186463,0.186463,0.186837,0.0374421,0.000352728,0.00128223,0.00081748,0.000464752
1,0.184211,132.56,100.462,0.277258,C,0.186408,0.184042,0.184042,0.186713,0.267148,0.000247574,0.00096574,0.000606657,0.000359083
1,0.184211,132.893,100.462,0.279766,C,0.186218,0.184122,0.184122,0.186592,0.246972,0.000217031,0.000866538,0.000541784,0.000324753
1,0.184211,133.226,100.462,0.282274,C,0.18603,0.186845,0.186844,0.186474,0.0370933,0.000243067,0.000942443,0.000592755,0.000349688
1,0.184211,133.561,100.462,0.284783,C,0.185843,0.184908,0.184908,0.186358,0.145066,0.000176623,0.000729808,0.000453215,0.000276593
1,0.184211,133.896,100.462,0.287291,C,0.185658,0.185916,0.185916,0.186246,0.0330009,0.000168981,0.00070135,0.000435165,0.000266185
1,0.184211,134.233,100.462,0.289799,C,0.185474,0.181897,0.181896,0.186137,0.424056,9.82499e-05,0.000456804,0.000277527,0.000179277
1,0.184211,134.57,100.462,0.292308,C,0.185291,0.188478,0.188478,0.186031,0.244688,0.00016308,0.000675239,0.00041916,0.000256079
1,0.184211,134.908,100.462,0.294816,C,0.18511,0.186707,0.186708,0.185928,0.0779615,0.00011945,0.000526371,0.000322911,0.00020346
1,0.184211,135.247,100.462,0.297324,C,0.184931,0.187206,0.187206,0.185828,0.137777,0.000108835,0.000486897,0.000297866,0.000189031
1,0.184211,135.586,100.462,0.299833,C,0.184753,0.18547,0.18547,0.185731,0.0261105,7.90014e-05,0.000377182,0.000228092,0.00014909
1,0.184211,135.927,100.462,0.302341,C,0.184576,0.185678,0.185678,0.185638,0.0039992,6.97191e-05,0.000340359,0.000205039,0.00013532
1,0.184211,136.268,100.462,0.304849,C,0.184401,0.184529,0.184529,0.185547,0.101859,5.31837e-05,0.000274258,0.000163721,0.000110537
1,0.184211,136.61,100.462,0.307358,C,0.184227,0.184561,0.184561,0.18546,0.0898949,4.59197e-05,0.000243361,0.00014464,9.87206e-05
1,0.184211,136.954,100.462,0.309866,C,0.184054,0.182008,0.182007,0.185375,0.336802,2.95309e-05,0.000171973,0.000100752,7.12212e-05
1,0.184211,137.297,100.462,0.312375,C,0.183883,0.185621,0.185622,0.185294,0.0327539,3.81596e-05,0.000208475,0.000123317,8.51579e-05
1,0.184211,137.642,100.462,0.314883,C,0.183714,0.1824,0.182401,0.185216,0.281535,2.25915e-05,0.000138237,8.04145e-05,5.7823e-05
1,0.184211,137.988,100.462,0.317391,C,0.183546,0.183983,0.183984,0.185141,0.115735,2.32713e-05,0.0001406,8.19358e-05,5.86644e-05
1,0.184211,138.335,100.462,0.3199,C,0.183379,0.184675,0.184675,0.185069,0.0394155,2.15901e-05,0.000131923,7.67567e-05,5.51666e-05
1,0.184211,138.682,100.462,0.322408,C,0.183214,0.182851,0.182854,0.185001,0.214699,1.48052e-05,9.80791e-05,5.64421e-05,4.16369e-05
1,0.184211,139.03,100.462,0.324916,C,0.18305,0.182302,0.182301,0.184935,0.263463,1.17614e-05,8.16922e-05,4.67268e-05,3.49654e-05
1,0.184211,139.379,100.462,0.327425,C,0.182888,0.183236,0.183235,0.184873,0.163772,1.12455e-05,7.84448e-05,4.48452e-05,3.35997e-05
1,0.184211,139.73,100.462,0.329933,C,0.182727,0.182658,0.182658,0.184814,0.215552,8.87859e-06,6.50426e-05,3.69606e-05,2.8082e-05
1,0.184211,140.08,100.462,0.332441,C,0.182568,0.182322,0.182324,0.184758,0.243331,7.20914e-06,5.51122e-05,3.11607e-05,2.39515e-05
1,0.184211,140.432,100.462,0.33495,C,0.18241,0.18519,0.18519,0.184705,0.0485245,8.8536e-06,6.41086e-05,3.64811e-05,2.76275e-05
1,0.184211,140.785,100.462,0.337458,C,0.182254,0.181699,0.181695,0.184655,0.296027,4.74068e-06,3.95099e-05,2.21253e-05,1.73846e-05
1,0.184211,141.139,100.462,0.339967,C,0.182099,0.18077,0.18077,0.184609,0.383886,3.51783e-06,3.12768e-05,1.73973e-05,1.38795e-05
1,0.184211,141.493,100.462,0.342475,C,0.181945,0.184028,0.184031,0.184566,0.0534092,4.64388e-06,3.83972e-05,2.15206e-05,1.68767e-05
1,0.184211,141.848,100.462,0.344983,C,0.181793,0.183479,0.183478,0.184526,0.104714,3.63967e-06,3.16806e-05,1.76601e-05,1.40205e-05
1,0.184211,142.205,100.462,0.347492,C,0.181643,0.184012,0.184012,0.184489,0.047621,3.30685e-06,2.92588e-05,1.62828e-05,1.2976e-05
1,0.184211,142.562,100.462,0.35,C,0.181493,0.179652,0.179654,0.184455,0.480073,1.48199e-06,1.58064e-05,8.64418e-06,7.16219e-06
2,0.285088,67.5115,100.715,-0.4,P,0.274198,0.275606,0.275606,0.273027,0.257907,0.00827596,0.0168585,0.0125673,0.00429129
2,0.285088,67.681,100.715,-0.397492,P,0.273729,0.273353,0.273353,0.272619,0.073356,0.00805215,0.0165044,0.0122783,0.00422612
2,0.285088,67.851,100.715,-0.394983,P,0.273262,0.273031,0.273031,0.272211,0.0819481,0.00846156,0.0172282,0.0128449,0.00438332
2,0.285088,68.0214,100.715,-0.392475,P,0.272795,0.273228,0.273228,0.271804,0.142426,0.00907455,0.0182916,0.0136831,0.00460851
2,0.285088,68.1922,100.715,-0.389967,P,0.27233,0.272321,0.272321,0.271397,0.0924311,0.00931745,0.0187289,0.0140232,0.00470573
2,0.285088,68.3635,100.715,-0.387458,P,0.271866,0.270123,0.270123,0.27099,0.0867427,0.00909345,0.0183828,0.0137381,0.00464466
2,0.285088,68.5352,100.715,-0.38495,P,0.271403,0.271165,0.271165,0.270583,0.0581217,0.0100813,0.0200652,0.0150732,0.00499195
2,0.285088,68.7073,100.715,-0.382441,P,0.270941,0.271541,0.271541,0.270177,0.136364,0.0108791,0.0214161,0.0161476,0.00526851
2,0.285088,68.8799,100.715,-0.379933,P,0.270481,0.27288,0.27288,0.269771,0.310965,0.012165,0.023549,0.017857,0.005692
2,0.285088,69.0529,100.715,-0.377425,P,0.270021,0.270305,0.270305,0.269365,0.0940186,0.0117342,0.0228857,0.01731,0.00557577
2,0.285088,69.2263,100.715,-0.374916,P,0.269563,0.272553,0.272553,0.268959,0.359395,0.0135609,0.0258702,0.0197155,0.00615465
2,0.285088,69.4002,100.715,-0.372408,P,0.269106,0.266161,0.266161,0.268554,0.239245,0.0113297,0.0222974,0.0168135,0.00548382
2,0.285088,69.5745,100.715,-0.3699,P,0.26865,0.266841,0.266841,0.268148,0.130713,0.0123743,0.024039,0.0182067,0.00583234
2,0.285088,69.7492,100.715,-0.367391,P,0.268196,0.267712,0.267712,0.267743,0.00316482,0.0135976,0.0260506,0.0198241,0.00622648
2,0.285088,69.9244,100.715,-0.364883,P,0.267742,0.26962,0.26962,0.267339,0.22813,0.0154973,0.0291096,0.0223035,0.00680614
2,0.285088,70.1,100.715,-0.362375,P,0.26729,0.267829,0.267829,0.266934,0.0895374,0.0154234,0.0290382,0.0222308,0.00680743
2,0.285088,70.2761,100.715,-0.359866,P,0.266839,0.266332,0.266332,0.26653,0.019736,0.0155152,0.0292288,0.022372,0.00685679
2,0.285088,70.4526,100.715,-0.357358,P,0.266389,0.266969,0.266969,0.266126,0.0843482,0.0168684,0.0313984,0.0241334,0.00726501
2,0.285088,70.6295,100.715,-0.354849,P,0.26594,0.267733,0.267733,0.265722,0.201094,0.0184046,0.0338316,0.0261181,0.00771352
2,0.285088,70.8069,100.715,-0.352341,P,0.265492,0.26496,0.26496,0.265319,0.0359146,0.0177044,0.0327997,0.0252521,0.00754761
2,0.285088,70.9847,100.715,-0.349833,P,0.265046,0.265442,0.265442,0.264916,0.0526762,0.0191282,0.035052,0.0270901,0.00796186
2,0.285088,71.163,100.715,-0.347324,P,0.264601,0.266226,0.266226,0.264513,0.171305,0.0208675,0.0377668,0.0293172,0.00844963
2,0.285088,71.3417,100.715,-0.344816,P,0.264156,0.268311,0.268311,0.26411,0.420138,0.0237639,0.042193,0.0329785,0.00921457
2,0.285088,71.5209,100.715,-0.342308,P,0.263713,0.264861,0.264861,0.263708,0.115355,0.0224114,0.0402234,0.0313174,0.00890599
2,0.285088,71.7005,100.715,-0.339799,P,0.263272,0.263691,0.263691,0.263306,0.0385046,0.022842,0.0409343,0.0318881,0.00904612
2,0.285088,71.8806,100.715,-0.337291,P,0.262831,0.262456,0.262456,0.262904,0.0448372,0.0232324,0.041585,0.0324087,0.0091763
2,0.285088,72.0611,100.715,-0.334783,P,0.262392,0.260238,0.260238,0.262503,0.226429,0.0228427,0.0410622,0.0319525,0.00910974
2,0.285088,72.2421,100.715,-0.332274,P,0.261954,0.260199,0.260199,0.262102,0.190249,0.0242205,0.0431992,0.0337099,0.00948936
2,0.285088,72.4235,100.715,-0.329766,P,0.261516,0.263113,0.263113,0.261701,0.141214,0.0283458,0.0493855,0.0388657,0.0105199
2,0.285088,72.6054,100.715,-0.327258,P,0.261081,0.262521,0.262521,0.2613,0.122109,0.0294672,0.051103,0.0402851,0.0108179
2,0.285088,72.7878,100.715,-0.324749,P,0.260646,0.26317,0.26317,0.2609,0.226983,0.0318922,0.0547086,0.0433004,0.0114082
2,0.285088,72.9706,100.715,-0.322241,P,0.260212,0.259498,0.259498,0.2605,0.100206,0.0299841,0.0520132,0.0409987,0.0110145
2,0.285088,73.1539,100.715,-0.319732,P,0.25978,0.255394,0.255394,0.260101,0.470718,0.0277267,0.0487748,0.0382507,0.0105241
2,0.285088,73.3376,100.715,-0.317224,P,0.259349,0.254506,0.254506,0.259702,0.519626,0.0285683,0.0500945,0.0393314,0.0107631
2,0.285088,73.5218,100.715,-0.314716,P,0.258919,0.261518,0.261518,0.259303,0.221479,0.0380682,0.063903,0.0509856,0.0129174
2,0.285088,73.7064,100.715,-0.312207,P,0.25849,0.262851,0.262851,0.258905,0.394644,0.0419823,0.0695203,0.0557513,0.013769
2,0.285088,73.8915,100.715,-0.309699,P,0.258062,0.258406,0.258406,0.258507,0.0100183,0.038721,0.0650167,0.0518688,0.0131479
2,0.285088,74.0771,100.715,-0.307191,P,0.257636,0.261425,0.261425,0.258109,0.331605,0.0449874,0.0739218,0.0594546,0.0144672
2,0.285088,74.2632,100.715,-0.304682,P,0.257211,0.257466,0.257466,0.257712,0.0245679,0.0421784,0.0700955,0.0561369,0.0139586
2,0.285088,74.4497,100.715,-0.302174,P,0.256787,0.260024,0.260024,0.257315,0.270921,0.0482552,0.0786699,0.0634625,0.0152073
2,0.285088,74.6367,100.715,-0.299666,P,0.256364,0.258415,0.258415,0.256918,0.149733,0.0486441,0.0793187,0.0639814,0.0153373
2,0.285088,74.8241,100.715,-0.297157,P,0.255942,0.253063,0.253063,0.256522,0.345898,0.0437219,0.0725786,0.0581503,0.0144283
2,0.285088,75.012,100.715,-0.294649,P,0.255521,0.254375,0.254375,0.256126,0.17506,0.0482286,0.0789714,0.0636,0.0153714
2,0.285088,75.2004,100.715,-0.29214,P,0.255102,0.258156,0.258156,0.255731,0.242502,0.0570884,0.0912404,0.0741644,0.017076
2,0.285088,75.3893,100.715,-0.289632,P,0.254684,0.254592,0.254592,0.255336,0.074313,0.054388,0.0876874,0.0710377,0.0166497
2,0.285088,75.5786,100.715,-0.287124,P,0.254267,0.253596,0.253596,0.254941,0.134476,0.0558768,0.0898469,0.0728619,0.016985
2,0.285088,75.7685,100.715,-0.284615,P,0.253851,0.252935,0.252935,0.254547,0.161157,0.057983,0.0928433,0.0754132,0.0174302
2,0.285088,75.9587,100.715,-0.282107,P,0.253436,0.255572,0.255572,0.254153,0.141942,0.0661504,0.103985,0.0850675,0.0189172
2,0.285088,76.1495,100.715,-0.279599,P,0.253023,0.253942,0.253942,0.253759,0.0182962,0.0667581,0.104941,0.0858496,0.0190915
2,0.285088,76.3408,100.715,-0.27709,P,0.25261,0.251191,0.251191,0.253366,0.217498,0.0652536,0.103073,0.0841632,0.0189095
2,0.285088,76.5325,100.715,-0.274582,P,0.252199,0.253082,0.253082,0.252974,0.0108409,0.072777,0.113249,0.0930132,0.0202362
2,0.285088,76.7247,100.715,-0.272074,P,0.251789,0.252807,0.252807,0.252582,0.0225718,0.0763061,0.11807,0.0971879,0.0208818
2,0.285088,76.9174,100.715,-0.269565,P,0.25138,0.252343,0.252343,0.25219,0.0152974,0.0795812,0.12254,0.10106,0.0214793
2,0.285088,77.1106,100.715,-0.267057,P,0.250972,0.253114,0.253114,0.251799,0.13148,0.0858015,0.130837,0.108319,0.0225178
2,0.285088,77.3042,100.715,-0.264548,P,0.250566,0.248661,0.248661,0.251408,0.274699,0.0802923,0.123811,0.102052,0.0217596
2,0.285088,77.4984,100.715,-0.26204,P,0.250161,0.250955,0.250955,0.251018,0.00625175,0.0902604,0.136983,0.113622,0.0233611
2,0.285088,77.693,100.715,-0.259532,P,0.249757,0.252295,0.252295,0.250628,0.166716,0.0986668,0.148004,0.123336,0.0246688
2,0.285088,77.8882,100.715,-0.257023,P,0.249354,0.249539,0.249539,0.250238,0.0699042,0.0968837,0.145908,0.121396,0.024512
2,0.285088,78.0838,100.715,-0.254515,P,0.248952,0.248385,0.248385,0.24985,0.146422,0.0992164,0.149101,0.124159,0.0249425
2,0.285088,78.2799,100.715,-0.252007,P,0.248551,0.248058,0.248058,0.249461,0.140277,0.103835,0.155218,0.129527,0.0256911
2,0.285088,78.4765,100.715,-0.249498,P,0.248152,0.248784,0.248784,0.249073,0.0289398,0.111619,0.165331,0.138475,0.0268562
2,0.285088,78.6736,100.715,-0.24699,P,0.247754,0.246591,0.246591,0.248686,0.209428,0.111351,0.165208,0.13828,0.0269288
2,0.285088,78.8712,100.715,-0.244482,P,0.247357,0.248008,0.248008,0.248299,0.0291224,0.121735,0.178542,0.150139,0.0284034
2,0.285088,79.0693,100.715,-0.241973,P,0.246961,0.246421,0.246421,0.247912,0.149119,0.123389,0.180851,0.15212,0.0287309
2,0.285088,79.2678,100.715,-0.239465,P,0.246566,0.245434,0.245434,0.247526,0.209258,0.126967,0.185574,0.156271,0.0293035
2,0.285088,79.4669,100.715,-0.236957,P,0.246172,0.247571,0.247571,0.247141,0.0429702,0.141003,0.203295,0.172149,0.031146
2,0.285088,79.6665,100.715,-0.234448,P,0.24578,0.24392,0.24392,0.246756,0.283648,0.136017,0.197362,0.16669,0.0306725
2,0.285088,79.8666,100.715,-0.23194,P,0.245389,0.24802,0.24802,0.246372,0.164786,0.158035,0.224788,0.191411,0.0333767
2,0.285088,80.0672,100.715,-0.229431,P,0.244999,0.245426,0.245426,0.245988,0.0562242,0.156619,0.223328,0.189973,0.0333543
2,0.285088,80.2683,100.715,-0.226923,P,0.24461,0.244271,0.244271,0.245605,0.133318,0.160556,0.228429,0.194492,0.0339363
2,0.285088,80.4699,100.715,-0.224415,P,0.244222,0.241708,0.241708,0.245222,0.351337,0.159259,0.227126,0.193192,0.0339336
2,0.285088,80.672,100.715,-0.221906,P,0.243836,0.242248,0.242248,0.24484,0.259169,0.169924,0.24044,0.205182,0.0352579
2,0.285088,80.8746,100.715,-0.219398,P,0.243451,0.24264,0.24264,0.244458,0.181821,0.180556,0.253644,0.2171,0.0365439
2,0.285088,81.0777,100.715,-0.21689,P,0.243066,0.245772,0.245772,0.244077,0.169524,0.203672,0.281755,0.242713,0.0390415
2,0.285088,81.2813,100.715,-0.214381,P,0.242683,0.243158,0.243158,0.243696,0.0538843,0.202287,0.280426,0.241357,0.0390697
2,0.285088,81.4854,100.715,-0.211873,P,0.242302,0.241083,0.241083,0.243317,0.223333,0.203317,0.281993,0.242655,0.039338
2,0.285088,81.6901,100.715,-0.209365,P,0.241921,0.241541,0.241541,0.242937,0.139611,0.216047,0.297523,0.256785,0.0407376
2,0.285088,81.8953,100.715,-0.206856,P,0.241542,0.241103,0.241103,0.242558,0.145568,0.225074,0.308594,0.266834,0.0417598
2,0.285088,82.1009,100.715,-0.204348,P,0.241163,0.242565,0.242565,0.24218,0.0384499,0.244001,0.331302,0.287652,0.0436509
2,0.285088,82.3071,100.715,-0.201839,P,0.240786,0.241065,0.241065,0.241803,0.0737661,0.248521,0.336992,0.292756,0.0442355
2,0.285088,82.5139,100.715,-0.199331,P,0.24041,0.242196,0.242196,0.241426,0.0770457,0.267201,0.359242,0.313222,0.0460208
2,0.285088,82.7211,100.715,-0.196823,P,0.240036,0.239172,0.239172,0.24105,0.187717,0.263909,0.355798,0.309854,0.0459443
2,0.285088,82.9288,100.715,-0.194314,P,0.239662,0.244673,0.244673,0.240674,0.399904,0.308968,0.408457,0.358712,0.0497442
2,0.285088,83.1371,100.715,-0.191806,P,0.23929,0.23847,0.23847,0.240299,0.182851,0.287154,0.383675,0.335414,0.0482605
2,0.285088,83.3459,100.715,-0.189298,P,0.238919,0.236793,0.236793,0.239925,0.313198,0.291671,0.389338,0.340504,0.0488336
2,0.285088,83.5552,100.715,-0.186789,P,0.238549,0.237053,0.237053,0.239551,0.249768,0.307927,0.408558,0.358242,0.0503158
2,0.285088,83.7651,100.715,-0.184281,P,0.23818,0.238859,0.238859,0.239178,0.0319004,0.334673,0.439723,0.387198,0.052525
2,0.285088,83.9755,100.715,-0.181773,P,0.237812,0.239288,0.239288,0.238805,0.0482897,0.35388,0.462112,0.407996,0.0541161
2,0.285088,84.1864,100.715,-0.179264,P,0.237446,0.238291,0.238291,0.238434,0.014292,0.364277,0.474417,0.419347,0.0550698
2,0.285088,84.3978,100.715,-0.176756,P,0.23708,0.234819,0.234819,0.238063,0.324372,0.358165,0.467959,0.413062,0.054897
2,0.285088,84.6098,100.715,-0.174247,P,0.236716,0.236739,0.236739,0.237692,0.0952848,0.389237,0.503687,0.446462,0.0572249
2,0.285088,84.8223,100.715,-0.171739,P,0.236353,0.234505,0.234505,0.237322,0.281795,0.391874,0.507181,0.449527,0.0576534
2,0.285088,85.0353,100.715,-0.169231,P,0.235991,0.235823,0.235823,0.236953,0.113093,0.420668,0.540126,0.480397,0.0597291
2,0.285088,85.2489,100.715,-0.166722,P,0.235631,0.234743,0.234743,0.236585,0.184258,0.432516,0.553953,0.493234,0.0607186
2,0.285088,85.463,100.715,-0.164214,P,0.235271,0.235588,0.235588,0.236218,0.0630079,0.459819,0.585013,0.522416,0.0625969
2,0.285088,85.6776,100.715,-0.161706,P,0.234913,0.233929,0.233929,0.235851,0.192179,0.468112,0.594818,0.531465,0.0633527
2,0.285088,85.8928,100.715,-0.159197,P,0.234556,0.235947,0.235947,0.235485,0.0461922,0.507036,0.638582,0.572809,0.0657731
2,0.285088,86.1085,100.715,-0.156689,P,0.2342,0.235882,0.235882,0.235119,0.0762449,0.529973,0.664502,0.597237,0.0672643
2,0.285088,86.3248,100.715,-0.154181,P,0.233845,0.233567,0.233567,0.234755,0.118785,0.53402,0.669569,0.601795,0.0677745
2,0.285088,86.5416,100.715,-0.151672,P,0.233492,0.232539,0.232539,0.234391,0.185163,0.549595,0.687328,0.618461,0.0688667
2,0.285088,86.7589,100.715,-0.149164,P,0.233139,0.229623,0.229623,0.234028,0.440486,0.548642,0.686915,0.617778,0.0691368
2,0.285088,86.9768,100.715,-0.146656,P,0.232788,0.231448,0.231448,0.233665,0.221689,0.591242,0.73426,0.662751,0.0715091
2,0.285088,87.1953,100.715,-0.144147,P,0.232438,0.2313,0.2313,0.233304,0.200397,0.616955,0.762985,0.68997,0.0730147
2,0.285088,87.4143,100.715,-0.141639,P,0.232089,0.229714,0.229714,0.232943,0.322849,0.629578,0.777404,0.703491,0.0739129
2,0.285088,87.6338,100.715,-0.13913,P,0.231742,0.235097,0.235097,0.232583,0.251405,0.712986,0.868432,0.790709,0.0777232
2,0.285088,87.8539,100.715,-0.136622,P,0.231395,0.234209,0.234209,0.232224,0.198501,0.734862,0.892697,0.81378,0.0789177
2,0.285088,88.0746,100.715,-0.134114,P,0.23105,0.229297,0.229297,0.231865,0.256845,0.714746,0.871739,0.793242,0.0784969
2,0.285088,88.2958,100.715,-0.131605,P,0.230706,0.232114,0.232114,0.231508,0.0606293,0.777253,0.939662,0.858458,0.0812042
2,0.285088,88.5175,100.715,-0.129097,P,0.230363,0.232493,0.232493,0.231151,0.134205,0.815384,0.981207,0.898295,0.0829116
2,0.285088,88.7398,100.715,-0.126589,P,0.230021,0.231697,0.231697,0.230795,0.09024,0.841455,1.00978,0.925618,0.0841637
2,0.285088,88.9627,100.715,-0.12408,P,0.22968,0.231158,0.231158,0.23044,0.0718301,0.87135,1.04238,0.956866,0.0855154
2,0.285088,89.1861,100.715,-0.121572,P,0.229341,0.231148,0.231148,0.230086,0.106273,0.908539,1.08266,0.995599,0.0870604
2,0.285088,89.4101,100.715,-0.119064,P,0.229002,0.232489,0.232489,0.229732,0.275733,0.963552,1.1417,1.05263,0.0890735
2,0.285088,89.6347,100.715,-0.116555,P,0.228665,0.231549,0.231549,0.22938,0.216983,0.992039,1.17257,1.0823,0.090266
2,0.285088,89.8598,100.715,-0.114047,P,0.228329,0.230709,0.230709,0.229028,0.168143,1.02268,1.20567,1.11417,0.091494
2,0.285088,90.0855,100.715,-0.111538,P,0.227995,0.2304,0.2304,0.228677,0.172333,1.06116,1.24696,1.15406,0.0928973
2,0.285088,90.3117,100.715,-0.10903,P,0.227661,0.226109,0.226109,0.228327,0.221828,1.04853,1.2345,1.14151,0.0929847
2,0.285088,90.5385,100.715,-0.106522,P,0.227329,0.230165,0.230165,0.227978,0.218691,1.14705,1.33864,1.24284,0.0957919
2,0.285088,90.7659,100.715,-0.104013,P,0.226997,0.227822,0.227822,0.22763,0.019244,1.16152,1.35459,1.25805,0.0965364
2,0.285088,90.9939,100.715,-0.101505,P,0.226667,0.225896,0.225896,0.227283,0.138671,1.18223,1.37706,1.27964,0.097419
2,0.285088,91.2224,100.715,-0.0989967,P,0.226339,0.224055,0.224055,0.226937,0.288197,1.20477,1.40143,1.3031,0.0983346
2,0.285088,91.4515,100.715,-0.0964883,P,0.226011,0.224031,0.224031,0.226591,0.256064,1.25398,1.45356,1.35377,0.0997864
2,0.285088,91.6812,100.715,-0.0939799,P,0.225684,0.226064,0.226064,0.226247,0.0182925,1.33493,1.53849,1.43671,0.101779
2,0.285088,91.9115,100.715,-0.0914716,P,0.225359,0.224847,0.224847,0.225903,0.105654,1.37008,1.57577,1.47292,0.102846
2,0.285088,92.1423,100.715,-0.0889632,P,0.225035,0.223521,0.223521,0.225561,0.20396,1.40463,1.61239,1.50851,0.103881
2,0.285088,92.3737,100.715,-0.0864548,P,0.224712,0.223798,0.223798,0.225219,0.142151,1.46489,1.6755,1.57019,0.105306
2,0.285088,92.6057,100.715,-0.0839465,P,0.22439,0.222955,0.222955,0.224879,0.192376,1.50947,1.72233,1.6159,0.106432
2,0.285088,92.8383,100.715,-0.0814381,P,0.224069,0.224024,0.224024,0.224539,0.0515056,1.58583,1.80177,1.6938,0.107971
2,0.285088,93.0715,100.715,-0.0789298,P,0.22375,0.222289,0.222289,0.2242,0.191146,1.61912,1.83684,1.72798,0.108857
2,0.285088,93.3052,100.715,-0.0764214,P,0.223432,0.224771,0.224771,0.223863,0.0908018,1.72274,1.94392,1.83333,0.110594
2,0.285088,93.5395,100.715,-0.073913,P,0.223115,0.225642,0.225642,0.223526,0.211582,1.80258,2.02644,1.91451,0.11193
2,0.285088,93.7745,100.715,-0.0714047,P,0.222799,0.224185,0.224185,0.223191,0.0993942,1.84512,2.07072,1.95792,0.112799
2,0.285088,94.01,100.715,-0.0688963,P,0.222484,0.223442,0.223442,0.222856,0.0585975,1.9012,2.12875,2.01498,0.113776
2,0.285088,94.2461,100.715,-0.066388,P,0.22217,0.223199,0.223199,0.222522,0.0676722,1.96759,2.1972,2.08239,0.114806
2,0.285088,94.4828,100.715,-0.0638796,P,0.221858,0.220646,0.220646,0.22219,0.154372,1.99505,2.22595,2.1105,0.115451
2,0.285088,94.7201,100.715,-0.0613712,P,0.221547,0.221904,0.221904,0.221859,0.00458145,2.09147,2.32474,2.2081,0.116638
2,0.285088,94.958,100.715,-0.0588629,P,0.221237,0.222312,0.222312,0.221528,0.0784068,2.17511,2.4104,2.29276,0.117641
2,0.285088,95.1965,100.715,-0.0563545,P,0.220928,0.2184,0.2184,0.221199,0.279912,2.1819,2.41803,2.29997,0.118066
2,0.285088,95.4356,100.715,-0.0538462,P,0.22062,0.219631,0.219631,0.220871,0.123985,2.28431,2.5225,2.40341,0.119095
2,0.285088,95.6752,100.715,-0.0513378,P,0.220314,0.217105,0.217105,0.220543,0.343834,2.31911,2.55843,2.43877,0.119659
2,0.285088,95.9155,100.715,-0.0488294,P,0.220008,0.220578,0.220578,0.220217,0.036026,2.46848,2.71005,2.58926,0.120787
2,0.285088,96.1564,100.715,-0.0463211,P,0.219704,0.221822,0.221822,0.219892,0.192904,2.57886,2.82207,2.70047,0.121605
2,0.285088,96.3979,100.715,-0.0438127,P,0.219401,0.222213,0.222213,0.219569,0.264393,2.67543,2.92,2.79771,0.122285
2,0.285088,96.64,100.715,-0.0413043,P,0.219099,0.219838,0.219838,0.219246,0.0591662,2.72035,2.96579,2.84307,0.122722
2,0.285088,96.8827,100.715,-0.038796,P,0.218799,0.220613,0.220613,0.218924,0.168843,2.82872,3.07537,2.95205,0.123327
2,0.285088,97.1261,100.715,-0.0362876,P,0.218499,0.219373,0.219373,0.218604,0.076922,2.89962,3.14714,3.02338,0.123759
2,0.285088,97.37,100.715,-0.0337793,P,0.218201,0.218333,0.218333,0.218285,0.00481461,2.97642,3.22474,3.10058,0.124161
2,0.285088,97.6145,100.715,-0.0312709,P,0.217904,0.218074,0.218074,0.217967,0.0107963,3.07099,3.32009,3.19554,0.124549
2,0.285088,97.8597,100.715,-0.0287625,P,0.217608,0.216422,0.216422,0.21765,0.122722,3.13956,3.38923,3.2644,0.124835
2,0.285088,98.1055,100.715,-0.0262542,P,0.217313,0.215348,0.215348,0.217334,0.198553,3.22188,3.47207,3.34698,0.125097
2,0.285088,98.3519,100.715,-0.0237458,P,0.217019,0.214858,0.214858,0.217019,0.216135,3.31833,3.56897,3.44365,0.125322
2,0.285088,98.5989,100.715,-0.0212375,P,0.216727,0.216996,0.216995,0.216706,0.0289611,3.47142,3.7225,3.59696,0.125538
2,0.285088,98.8465,100.715,-0.0187291,P,0.216436,0.218444,0.218444,0.216394,0.205063,3.61313,3.86446,3.7388,0.125664
2,0.285088,99.0948,100.715,-0.0162207,P,0.216146,0.219514,0.219514,0.216083,0.343124,3.74968,4.00111,3.87539,0.125714
2,0.285088,99.3436,100.715,-0.0137124,P,0.215857,0.215479,0.215479,0.215773,0.0294336,3.78184,4.03317,3.9075,0.125665
2,0.285088,99.5931,100.715,-0.011204,P,0.215569,0.218726,0.218726,0.215465,0.32619,3.9691,4.22031,4.0947,0.125604
2,0.285088,99.8433,100.715,-0.00869565,P,0.215282,0.214702,0.214702,0.215157,0.0455439,4.00579,4.2567,4.13125,0.125457
2,0.285088,100.094,100.715,-0.00618729,P,0.214997,0.212588,0.212588,0.214851,0.226335,4.08496,4.33549,4.21023,0.125263
2,0.285088,100.345,100.715,-0.00367893,P,0.214713,0.217746,0.217746,0.214547,0.319884,4.32077,4.57077,4.44577,0.125002
2,0.285088,100.597,100.715,-0.00117057,P,0.21443,0.21282,0.21282,0.214243,0.142299,4.34524,4.59462,4.46993,0.124691
2,0.285088,100.85,100.715,0.00133779,C,0.214148,0.212969,0.212969,0.213941,0.0971781,4.34554,4.5953,4.47042,0.124881
2,0.285088,101.103,100.715,0.00384615,C,0.213867,0.212624,0.212624,0.21364,0.10163,4.2198,4.47081,4.34531,0.125509
2,0.285088,101.357,100.715,0.00635452,C,0.213588,0.214165,0.214165,0.213341,0.0824334,4.13621,4.38836,4.26229,0.126076
2,0.285088,101.612,100.715,0.00886288,C,0.21331,0.211502,0.211502,0.213043,0.154099,3.96506,4.21822,4.09164,0.12658
2,0.285088,101.867,100.715,0.0113712,C,0.213033,0.212712,0.212712,0.212746,0.00339276,3.87839,4.13244,4.00541,0.127025
2,0.285088,102.123,100.715,0.0138796,C,0.212757,0.213705,0.213705,0.21245,0.125448,3.78904,4.04387,3.91646,0.127412
2,0.285088,102.379,100.715,0.016388,C,0.212482,0.214856,0.214856,0.212156,0.269995,3.70498,3.96047,3.83272,0.127745
2,0.285088,102.637,100.715,0.0188963,C,0.212208,0.210691,0.210691,0.211863,0.117192,3.51031,3.7662,3.63825,0.127945
2,0.285088,102.894,100.715,0.0214047,C,0.211936,0.213485,0.213485,0.211571,0.191403,3.46493,3.72129,3.59311,0.128179
2,0.285088,103.153,100.715,0.023913,C,0.211664,0.212842,0.212842,0.211281,0.156088,3.3489,3.60548,3.47719,0.128292
2,0.285088,103.412,100.715,0.0264214,C,0.211394,0.212828,0.212828,0.210993,0.183571,3.24815,3.50485,3.3765,0.128352
2,0.285088,103.671,100.715,0.0289298,C,0.211126,0.211918,0.211918,0.210705,0.121283,3.1307,3.38733,3.25901,0.128313
2,0.285088,103.932,100.715,0.0314381,C,0.210858,0.209427,0.209427,0.210419,0.0992529,2.98267,3.23892,3.11079,0.128123
2,0.285088,104.193,100.715,0.0339465,C,0.210591,0.209496,0.209496,0.210135,0.0638912,2.88999,3.14592,3.01795,0.127967
2,0.285088,104.455,100.715,0.0364548,C,0.210326,0.209734,0.209734,0.209852,0.0117203,2.80277,3.05828,2.93052,0.127756
2,0.285088,104.717,100.715,0.0389632,C,0.210062,0.207339,0.207339,0.20957,0.223053,2.66396,2.91855,2.79125,0.127291
2,0.285088,104.98,100.715,0.0414716,C,0.209799,0.210408,0.210408,0.20929,0.11178,2.63808,2.89241,2.76525,0.127166
2,0.285088,105.244,100.715,0.0439799,C,0.209537,0.20971,0.20971,0.209011,0.0699441,2.53785,2.79122,2.66453,0.126689
2,0.285088,105.508,100.715,0.0464883,C,0.209276,0.20929,0.20929,0.208734,0.0556278,2.4453,2.69763,2.57147,0.126162
2,0.285088,105.773,100.715,0.0489967,C,0.209017,0.208078,0.208078,0.208458,0.0379656,2.33931,2.59025,2.46478,0.125472
2,0.285088,106.039,100.715,0.051505,C,0.208758,0.207448,0.207448,0.208184,0.0735792,2.24706,2.49658,2.37182,0.124763
2,0.285088,106.305,100.715,0.0540134,C,0.208501,0.209296,0.209296,0.207911,0.138577,2.20477,2.45342,2.32909,0.124321
2,0.285088,106.572,100.715,0.0565217,C,0.208245,0.207053,0.207053,0.207639,0.0586221,2.08563,2.33212,2.20888,0.123244
2,0.285088,106.839,100.715,0.0590301,C,0.20799,0.20967,0.20967,0.20737,0.230008,2.06099,2.30669,2.18384,0.122849
2,0.285088,107.108,100.715,0.0615385,C,0.207737,0.210225,0.210225,0.207101,0.312363,1.99869,2.24289,2.12079,0.122096
2,0.285088,107.377,100.715,0.0640468,C,0.207484,0.206752,0.206752,0.206834,0.00821915,1.86383,2.1049,1.98436,0.120536
2,0.285088,107.646,100.715,0.0665552,C,0.207233,0.206663,0.206663,0.206569,0.00934245,1.79393,2.03296,1.91344,0.119516
2,0.285088,107.917,100.715,0.0690635,C,0.206983,0.207407,0.207407,0.206306,0.110135,1.74082,1.97807,1.85945,0.118624
2,0.285088,108.188,100.715,0.0715719,C,0.206734,0.208048,0.208048,0.206043,0.20043,1.68736,1.9227,1.80503,0.117674
2,0.285088,108.46,100.715,0.0740803,C,0.206486,0.206407,0.206407,0.205783,0.0624232,1.59569,1.82794,1.71181,0.116121
2,0.285088,108.732,100.715,0.0765886,C,0.20624,0.20695,0.20695,0.205524,0.14257,1.54401,1.77411,1.65906,0.115051
2,0.285088,109.005,100.715,0.079097,C,0.205994,0.206175,0.206175,0.205267,0.0908517,1.47163,1.69879,1.58521,0.113577
2,0.285088,109.279,100.715,0.0816054,C,0.20575,0.204827,0.204827,0.205011,0.0183843,1.39199,1.61571,1.50385,0.11186
2,0.285088,109.553,100.715,0.0841137,C,0.205507,0.205653,0.205653,0.204757,0.08966,1.35004,1.57153,1.46078,0.110744
2,0.285088,109.828,100.715,0.0866221,C,0.205265,0.207592,0.207592,0.204504,0.308821,1.32713,1.54707,1.4371,0.10997
2,0.285088,110.104,100.715,0.0891304,C,0.205025,0.204549,0.204549,0.204253,0.029569,1.22667,1.44169,1.33418,0.107509
2,0.285088,110.381,100.715,0.0916388,C,0.204785,0.204179,0.204179,0.204004,0.0175099,1.17073,1.38248,1.2766,0.105874
2,0.285088,110.658,100.715,0.0941472,C,0.204547,0.205331,0.205331,0.203757,0.157472,1.13942,1.34895,1.24418,0.104767
2,0.285088,110.936,100.715,0.0966555,C,0.20431,0.20453,0.20453,0.203511,0.101886,1.08026,1.28605,1.18316,0.102895
2,0.285088,111.215,100.715,0.0991639,C,0.204074,0.202467,0.202467,0.203266,0.0799789,1.00516,1.20605,1.1056,0.100444
2,0.285088,111.494,100.715,0.101672,C,0.203839,0.203547,0.203547,0.203024,0.0523095,0.976807,1.1753,1.07605,0.0992479
2,0.285088,111.774,100.715,0.104181,C,0.203605,0.203478,0.203478,0.202783,0.0694795,0.933564,1.12866,1.03111,0.0975472
2,0.285088,112.055,100.715,0.106689,C,0.203373,0.202654,0.202654,0.202544,0.0110593,0.881745,1.0727,0.977221,0.0954768
2,0.285088,112.336,100.715,0.109197,C,0.203142,0.203224,0.203224,0.202306,0.091802,0.850024,1.03806,0.94404,0.094016
2,0.285088,112.618,100.715,0.111706,C,0.202912,0.200869,0.200869,0.202071,0.120142,0.782277,0.964539,0.873408,0.0911314
2,0.285088,112.901,100.715,0.114214,C,0.202683,0.203215,0.203215,0.201837,0.137858,0.775386,0.956414,0.8659,0.0905136
2,0.285088,113.185,100.715,0.116722,C,0.202455,0.199746,0.199746,0.201604,0.185826,0.698545,0.87247,0.785508,0.0869626
2,0.285088,113.469,100.715,0.119231,C,0.202228,0.202658,0.202658,0.201374,0.128423,0.699598,0.872933,0.786265,0.0866673
2,0.285088,113.754,100.715,0.121739,C,0.202003,0.199602,0.199602,0.201145,0.154329,0.632421,0.798873,0.715647,0.0832261
2,0.285088,114.039,100.715,0.124247,C,0.201779,0.203875,0.203875,0.200918,0.295692,0.649398,0.816814,0.733106,0.0837082
2,0.285088,114.326,100.715,0.126756,C,0.201556,0.202788,0.202788,0.200693,0.209515,0.607075,0.769695,0.688385,0.08131
2,0.285088,114.613,100.715,0.129264,C,0.201334,0.200758,0.200758,0.20047,0.0288157,0.556844,0.713542,0.635193,0.0783492
2,0.285088,114.901,100.715,0.131773,C,0.201113,0.198943,0.198943,0.200248,0.130512,0.511459,0.662379,0.586919,0.0754602
2,0.285088,115.189,100.715,0.134281,C,0.200894,0.200121,0.200121,0.200028,0.00926578,0.497272,0.645877,0.571575,0.0743024
2,0.285088,115.479,100.715,0.136789,C,0.200675,0.197911,0.197911,0.19981,0.189924,0.45177,0.59406,0.522915,0.071145
2,0.285088,115.769,100.715,0.139298,C,0.200458,0.201613,0.201613,0.199594,0.201829,0.462279,0.605323,0.533801,0.0715219
2,0.285088,116.06,100.715,0.141806,C,0.200242,0.201491,0.201491,0.19938,0.21112,0.437919,0.577186,0.507552,0.0696335
2,0.285088,116.351,100.715,0.144314,C,0.200027,0.200175,0.200175,0.199168,0.100756,0.404311,0.538365,0.471338,0.0670266
2,0.285088,116.643,100.715,0.146823,C,0.199814,0.198412,0.198412,0.198957,0.0545591,0.368895,0.497165,0.43303,0.0641351
2,0.285088,116.936,100.715,0.149331,C,0.199601,0.20142,0.20142,0.198748,0.267126,0.373368,0.501766,0.437567,0.0641993
2,0.285088,117.23,100.715,0.151839,C,0.19939,0.200222,0.200222,0.198542,0.168035,0.344548,0.467921,0.406235,0.0616864
2,0.285088,117.524,100.715,0.154348,C,0.19918,0.199897,0.199897,0.198337,0.156062,0.323818,0.443267,0.383542,0.0597246
2,0.285088,117.819,100.715,0.156856,C,0.198971,0.197625,0.197625,0.198134,0.0508307,0.290333,0.403441,0.346887,0.0565544
2,0.285088,118.115,100.715,0.159365,C,0.198763,0.196418,0.196418,0.197932,0.15142,0.266259,0.37439,0.320325,0.0540655
2,0.285088,118.412,100.715,0.161873,C,0.198557,0.197873,0.197873,0.197733,0.0139353,0.260646,0.367213,0.31393,0.0532834
2,0.285088,118.709,100.715,0.164381,C,0.198351,0.199116,0.199116,0.197536,0.158049,0.25388,0.358653,0.306267,0.0523865
2,0.285088,119.008,100.715,0.16689,C,0.198147,0.200683,0.200683,0.197341,0.334201,0.249355,0.352773,0.301064,0.0517092
2,0.285088,119.306,100.715,0.169398,C,0.197944,0.198676,0.198676,0.197147,0.152924,0.223583,0.321229,0.272406,0.0488228
2,0.285088,119.606,100.715,0.171906,C,0.197742,0.196344,0.196344,0.196956,0.061212,0.197965,0.289488,0.243726,0.0457616
2,0.285088,119.906,100.715,0.174415,C,0.197541,0.196544,0.196544,0.196766,0.0222415,0.187393,0.276025,0.231709,0.0443159
2,0.285088,120.208,100.715,0.176923,C,0.197342,0.197708,0.197708,0.196579,0.11291,0.182192,0.269176,0.225684,0.0434921
2,0.285088,120.51,100.715,0.179431,C,0.197143,0.196605,0.196605,0.196393,0.0211873,0.16612,0.248719,0.20742,0.0412995
2,0.285088,120.812,100.715,0.18194,C,0.196946,0.195964,0.195964,0.196209,0.0245749,0.153231,0.232088,0.192659,0.0394285
2,0.285088,121.116,100.715,0.184448,C,0.19675,0.194682,0.194682,0.196028,0.134592,0.138421,0.212845,0.175633,0.0372119
2,0.285088,121.42,100.715,0.186957,C,0.196555,0.19531,0.19531,0.195848,0.0537954,0.132398,0.204755,0.168576,0.0361785
2,0.285088,121.725,100.715,0.189465,C,0.196362,0.193544,0.193544,0.195671,0.21271,0.117383,0.184915,0.151149,0.0337658
2,0.285088,122.03,100.715,0.191973,C,0.196169,0.196509,0.196509,0.195495,0.10133,0.120906,0.189205,0.155056,0.0341496
2,0.285088,122.337,100.715,0.194482,C,0.195978,0.193996,0.193996,0.195322,0.132595,0.104426,0.167215,0.13582,0.0313947
2,0.285088,122.644,100.715,0.19699,C,0.195788,0.195085,0.195085,0.19515,0.00656098,0.101331,0.162808,0.132069,0.0307384
2,0.285088,122.952,100.715,0.199498,C,0.195599,0.196616,0.196616,0.194981,0.163519,0.0998102,0.160499,0.130154,0.0303442
2,0.285088,123.261,100.715,0.202007,C,0.195411,0.194646,0.194646,0.194813,0.0167275,0.087337,0.143434,0.115386,0.0280486
2,0.285088,123.571,100.715,0.204515,C,0.195225,0.198151,0.198151,0.194648,0.350345,0.0920912,0.149609,0.12085,0.0287589
2,0.285088,123.881,100.715,0.207023,C,0.195039,0.19579,0.19579,0.194485,0.130511,0.0793832,0.132063,0.105723,0.02634
2,0.285088,124.192,100.715,0.209532,C,0.194855,0.195576,0.195576,0.194324,0.125253,0.0735797,0.123809,0.0986946,0.0251148
2,0.285088,124.504,100.715,0.21204,C,0.194672,0.196008,0.196008,0.194165,0.184333,0.0697725,0.118279,0.0940259,0.0242534
2,0.285088,124.817,100.715,0.214548,C,0.19449,0.19276,0.19276,0.194008,0.124708,0.0575791,0.1008,0.0791895,0.0216104
2,0.285088,125.13,100.715,0.217057,C,0.194309,0.197099,0.197099,0.193853,0.324626,0.0632528,0.108682,0.0859675,0.0227148
2,0.285088,125.444,100.715,0.219565,C,0.19413,0.194309,0.194309,0.1937,0.06094,0.052997,0.093794,0.0733955,0.0203985
2,0.285088,125.759,100.715,0.222074,C,0.193951,0.194274,0.194274,0.193549,0.0724759,0.0492493,0.0881446,0.0686969,0.0194477
2,0.285088,126.075,100.715,0.224582,C,0.193774,0.195079,0.195079,0.193401,0.167878,0.0473143,0.0851247,0.0662195,0.0189052
2,0.285088,126.392,100.715,0.22709,C,0.193598,0.192324,0.192324,0.193254,0.0929874,0.0392521,0.0729259,0.056089,0.0168369
2,0.285088,126.709,100.715,0.229599,C,0.193423,0.194342,0.194342,0.19311,0.123238,0.0396655,0.0733933,0.0565294,0.0168639
2,0.285088,127.028,100.715,0.232107,C,0.19325,0.192431,0.192431,0.192968,0.0537069,0.0339225,0.0644752,0.0491989,0.0152763
2,0.285088,127.347,100.715,0.234615,C,0.193077,0.192867,0.192867,0.192828,0.00389563,0.0320482,0.0614274,0.0467378,0.0146896
2,0.285088,127.666,100.715,0.237124,C,0.192906,0.191663,0.191663,0.19269,0.102675,0.0281241,0.0551256,0.0416248,0.0135008
2,0.285088,127.987,100.715,0.239632,C,0.192736,0.193062,0.193062,0.192554,0.0507508,0.0277376,0.0543854,0.0410615,0.0133239
2,0.285088,128.309,100.715,0.24214,C,0.192567,0.194008,0.194008,0.192421,0.158726,0.0268076,0.0527816,0.0397946,0.012987
2,0.285088,128.631,100.715,0.244649,C,0.192399,0.193555,0.193555,0.19229,0.12655,0.0242984,0.0486306,0.0364645,0.0121661
2,0.285088,128.954,100.715,0.247157,C,0.192233,0.193305,0.193305,0.19216,0.114442,0.0222065,0.0451099,0.0336582,0.0114517
2,0.285088,129.278,100.715,0.249666,C,0.192067,0.192659,0.192659,0.192034,0.0625477,0.0198901,0.0411729,0.0305315,0.0106414
2,0.285088,129.602,100.715,0.252174,C,0.191903,0.193167,0.193167,0.191909,0.125835,0.0188237,0.0392884,0.0290561,0.0102323
2,0.285088,129.928,100.715,0.254682,C,0.19174,0.192169,0.192169,0.191786,0.038266,0.0165261,0.0352924,0.0259093,0.00938314
2,0.285088,130.254,100.715,0.257191,C,0.191578,0.190856,0.190856,0.191666,0.0810393,0.0142331,0.0312246,0.0227288,0.00849576
2,0.285088,130.581,100.715,0.259699,C,0.191417,0.190358,0.190358,0.191548,0.118956,0.0127552,0.0285254,0.0206403,0.0078851
2,0.285088,130.909,100.715,0.262207,C,0.191258,0.188634,0.188634,0.191432,0.279853,0.0106689,0.0246668,0.0176678,0.00699894
2,0.285088,131.238,100.715,0.264716,C,0.191099,0.191769,0.191769,0.191318,0.0450779,0.0116281,0.0263511,0.0189896,0.00736149
2,0.285088,131.568,100.715,0.267224,C,0.190942,0.19385,0.19385,0.191207,0.264276,0.0119538,0.0268704,0.0194121,0.0074583
2,0.285088,131.898,100.715,0.269732,C,0.190786,0.194572,0.194572,0.191098,0.347441,0.0114326,0.025861,0.0186468,0.00721424
2,0.285088,132.229,100.715,0.272241,C,0.190631,0.194282,0.194282,0.190991,0.329132,0.0103546,0.0238281,0.0170914,0.00673676
2,0.285088,132.561,100.715,0.274749,C,0.190478,0.189546,0.189546,0.190886,0.134082,0.00726783,0.017923,0.0125954,0.00532759
2,0.285088,132.894,100.715,0.277258,C,0.190325,0.190775,0.190775,0.190784,0.000883687,0.00715344,0.0176484,0.0124009,0.00524748
2,0.285088,133.228,100.715,0.279766,C,0.190174,0.188024,0.188024,0.190684,0.265981,0.00554103,0.0143739,0.00995747,0.00441644
2,0.285088,133.563,100.715,0.282274,C,0.190024,0.189956,0.189956,0.190586,0.0630242,0.00570094,0.0146574,0.0101792,0.00447825
2,0.285088,133.898,100.715,0.284783,C,0.189875,0.187833,0.187833,0.190491,0.265729,0.00455713,0.0122447,0.00840093,0.0038438
2,0.285088,134.235,100.715,0.287291,C,0.189727,0.188392,0.188392,0.190397,0.200502,0.00430604,0.0116741,0.00799005,0.00368401
2,0.285088,134.572,100.715,0.289799,C,0.18958,0.187957,0.187957,0.190306,0.234937,0.00381362,0.010577,0.00719531,0.00338169
2,0.285088,134.91,100.715,0.292308,C,0.189435,0.191364,0.191364,0.190218,0.114599,0.00433235,0.0116596,0.00799597,0.00366362
2,0.285088,135.248,100.715,0.294816,C,0.189291,0.191048,0.191048,0.190131,0.0916517,0.00387381,0.0106426,0.00725822,0.00338441
2,0.285088,135.588,100.715,0.297324,C,0.189148,0.193378,0.193378,0.190047,0.333088,0.00410438,0.0111065,0.00760544,0.00350107
2,0.285088,135.929,100.715,0.299833,C,0.189006,0.187533,0.187533,0.189965,0.243239,0.00253235,0.00757406,0.0050532,0.00252086
2,0.285088,136.27,100.715,0.302341,C,0.188865,0.187785,0.187785,0.189886,0.210091,0.00233956,0.00709589,0.00471773,0.00237817
2,0.285088,136.612,100.715,0.304849,C,0.188725,0.190892,0.190892,0.189809,0.108322,0.00263826,0.00777116,0.00520471,0.00256645
2,0.285088,136.955,100.715,0.307358,C,0.188587,0.185708,0.185708,0.189734,0.402647,0.0016507,0.00537002,0.00351036,0.00185966
2,0.285088,137.299,100.715,0.309866,C,0.18845,0.190166,0.190166,0.189661,0.0504086,0.00207073,0.00638699,0.00422886,0.00215813
2,0.285088,137.644,100.715,0.312375,C,0.188314,0.189303,0.189303,0.189591,0.0288783,0.00176514,0.00561949,0.00369232,0.00192718
2,0.285088,137.99,100.715,0.314883,C,0.188179,0.187399,0.187399,0.189523,0.212421,0.00138663,0.0046409,0.00301376,0.00162714
2,0.285088,138.336,100.715,0.317391,C,0.188045,0.189438,0.189438,0.189458,0.00198024,0.00146314,0.00482241,0.00314278,0.00167963
2,0.285088,138.684,100.715,0.3199,C,0.187913,0.186934,0.186934,0.189395,0.2461,0.00109132,0.00382689,0.0024591,0.00136779
2,0.285088,139.032,100.715,0.322408,C,0.187781,0.191948,0.191948,0.189334,0.261391,0.00144742,0.00475024,0.00309883,0.00165141
2,0.285088,139.381,100.715,0.324916,C,0.187651,0.187745,0.187745,0.189275,0.15306,0.000947313,0.00340528,0.0021763,0.00122898
2,0.285088,139.731,100.715,0.327425,C,0.187522,0.188332,0.188332,0.189219,0.0887203,0.000895554,0.00324874,0.00207215,0.00117659
2,0.285088,140.082,100.715,0.329933,C,0.187394,0.186338,0.186338,0.189165,0.282758,0.000685022,0.0026317,0.00165836,0.000973339
2,0.285088,140.434,100.715,0.332441,C,0.187268,0.187978,0.187978,0.189114,0.113584,0.000706622,0.00268558,0.0016961,0.000989477
2,0.285088,140.787,100.715,0.33495,C,0.187142,0.188939,0.188939,0.189065,0.0125641,0.000688989,0.00262414,0.00165656,0.000967575
2,0.285088,141.14,100.715,0.337458,C,0.187018,0.185943,0.185943,0.189018,0.307547,0.000480008,0.00197924,0.00122962,0.000749614
2,0.285088,141.495,100.715,0.339967,C,0.186895,0.187923,0.187923,0.188974,0.105106,0.000511796,0.00207136,0.00129158,0.000779783
2,0.285088,141.85,100.715,0.342475,C,0.186773,0.187244,0.187244,0.188932,0.168823,0.00043314,0.00181516,0.00112415,0.000691009
2,0.285088,142.207,100.715,0.344983,C,0.186652,0.18513,0.18513,0.188892,0.376213,0.000320758,0.00143645,0.000878603,0.000557845
2,0.285088,142.564,100.715,0.347492,C,0.186533,0.187299,0.1873,0.188855,0.155528,0.000349972,0.00152951,0.000939743,0.00058977
2,0.285088,142.922,100.715,0.35,C,0.186414,0.187484,0.187484,0.18882,0.13362,0.0003188,0.00141851,0.000868657,0.000549857
3,0.385965,67.6819,100.97,-0.4,P,0.263491,0.262762,0.262762,0.262227,0.053486,0.0220533,0.042559,0.0323061,0.0102528
3,0.385965,67.8519,100.97,-0.397492,P,0.263092,0.265318,0.265318,0.261883,0.343507,0.0253997,0.0478945,0.0366471,0.0112474
3,0.385965,68.0223,100.97,-0.394983,P,0.262693,0.257499,0.257499,0.261538,0.403919,0.020265,0.0398097,0.0300373,0.00977235
3,0.385965,68.1932,100.97,-0.392475,P,0.262296,0.264739,0.264739,0.261195,0.354467,0.0275827,0.0514165,0.0394996,0.0119169
3,0.385965,68.3644,100.97,-0.389967,P,0.261899,0.264603,0.264603,0.260851,0.375218,0.0288892,0.0534981,0.0411936,0.0123044
3,0.385965,68.5361,100.97,-0.387458,P,0.261503,0.262301,0.262301,0.260507,0.179377,0.0281226,0.05239,0.0402563,0.0121337
3,0.385965,68.7083,100.97,-0.38495,P,0.261109,0.2606,0.2606,0.260164,0.0436178,0.0279356,0.052173,0.0400543,0.0121187
3,0.385965,68.8808,100.97,-0.382441,P,0.260715,0.260617,0.260617,0.259821,0.0796448,0.0294305,0.0545478,0.0419891,0.0125587
3,0.385965,69.0538,100.97,-0.379933,P,0.260323,0.262089,0.262089,0.259478,0.261098,0.0325398,0.0593625,0.0459511,0.0134113
3,0.385965,69.2272,100.97,-0.377425,P,0.259931,0.26181,0.26181,0.259135,0.267497,0.0339157,0.0615199,0.0477178,0.0138021
3,0.385965,69.4011,100.97,-0.374916,P,0.25954,0.259047,0.259047,0.258793,0.0254031,0.032559,0.059552,0.0460555,0.0134965
3,0.385965,69.5754,100.97,-0.372408,P,0.259151,0.261414,0.261414,0.25845,0.296331,0.0370288,0.0663501,0.0516895,0.0146606
3,0.385965,69.7502,100.97,-0.3699,P,0.258762,0.259111,0.259111,0.258108,0.100305,0.0361316,0.0650986,0.0506151,0.0144835
3,0.385965,69.9253,100.97,-0.367391,P,0.258374,0.258404,0.258404,0.257766,0.0637281,0.0371419,0.0666955,0.0519187,0.0147768
3,0.385965,70.101,100.97,-0.364883,P,0.257988,0.258434,0.258434,0.257425,0.100919,0.0391085,0.0697085,0.0544085,0.0153
3,0.385965,70.277,100.97,-0.362375,P,0.257602,0.256941,0.256941,0.257083,0.0142304,0.0391961,0.0699319,0.054564,0.0153679
3,0.385965,70.4535,100.97,-0.359866,P,0.257217,0.257678,0.257678,0.256742,0.0935325,0.0422154,0.0744793,0.0583474,0.016132
3,0.385965,70.6305,100.97,-0.357358,P,0.256834,0.259562,0.259562,0.256401,0.316077,0.0470814,0.0816676,0.0643745,0.0172931
3,0.385965,70.8078,100.97,-0.354849,P,0.256451,0.256809,0.256809,0.256061,0.0748405,0.0454022,0.0793373,0.0623697,0.0169676
3,0.385965,70.9857,100.97,-0.352341,P,0.256069,0.255487,0.255487,0.25572,0.0233304,0.0457868,0.080002,0.0628944,0.0171076
3,0.385965,71.164,100.97,-0.349833,P,0.255689,0.25461,0.25461,0.25538,0.0770087,0.0468332,0.0816288,0.064231,0.0173978
3,0.385965,71.3427,100.97,-0.347324,P,0.255309,0.254901,0.254901,0.25504,0.0138854,0.0496925,0.0858703,0.0677814,0.0180889
3,0.385965,71.5219,100.97,-0.344816,P,0.25493,0.255369,0.255369,0.2547,0.0669091,0.0529889,0.0907103,0.0718496,0.0188607
3,0.385965,71.7015,100.97,-0.342308,P,0.254552,0.256188,0.256188,0.254361,0.182706,0.0570681,0.0966262,0.0768471,0.019779
3,0.385965,71.8816,100.97,-0.339799,P,0.254176,0.256701,0.256701,0.254022,0.26791,0.0608497,0.102078,0.0814638,0.0206141
3,0.385965,72.0621,100.97,-0.337291,P,0.2538,0.25471,0.25471,0.253683,0.102747,0.0602244,0.101329,0.0807765,0.0205522
3,0.385965,72.2431,100.97,-0.334783,P,0.253425,0.255412,0.255412,0.253344,0.206823,0.0645656,0.107536,0.086051,0.0214854
3,0.385965,72.4245,100.97,-0.332274,P,0.253051,0.252058,0.252058,0.253006,0.0947991,0.061385,0.103223,0.0823039,0.0209188
3,0.385965,72.6064,100.97,-0.329766,P,0.252678,0.250373,0.250373,0.252668,0.229519,0.0613161,0.103261,0.0822885,0.0209724
3,0.385965,72.7888,100.97,-0.327258,P,0.252307,0.253292,0.253292,0.25233,0.0962288,0.0702132,0.11579,0.0930016,0.0227884
3,0.385965,72.9716,100.97,-0.324749,P,0.251936,0.250585,0.250585,0.251992,0.140762,0.0681204,0.11304,0.0905801,0.0224597
3,0.385965,73.1549,100.97,-0.322241,P,0.251566,0.254547,0.254547,0.251655,0.289201,0.0801172,0.129654,0.104886,0.0247684
3,0.385965,73.3386,100.97,-0.319732,P,0.251197,0.253038,0.253038,0.251318,0.171966,0.080553,0.130405,0.105479,0.024926
3,0.385965,73.5228,100.97,-0.317224,P,0.250829,0.251353,0.251353,0.250981,0.0371322,0.0805964,0.130625,0.105611,0.0250145
3,0.385965,73.7074,100.97,-0.314716,P,0.250462,0.250278,0.250278,0.250645,0.0367015,0.0820489,0.132762,0.107405,0.0253565
3,0.385965,73.8925,100.97,-0.312207,P,0.250096,0.248665,0.248665,0.250309,0.164384,0.0822746,0.133235,0.107755,0.0254803
3,0.385965,74.0781,100.97,-0.309699,P,0.249732,0.248253,0.248253,0.249973,0.172034,0.0853611,0.137586,0.111473,0.0261122
3,0.385965,74.2642,100.97,-0.307191,P,0.249368,0.248942,0.248942,0.249638,0.0696256,0.0913135,0.145773,0.118543,0.0272296
3,0.385965,74.4507,100.97,-0.304682,P,0.249005,0.249523,0.249523,0.249303,0.0220803,0.0973186,0.153974,0.125647,0.0283279
3,0.385965,74.6377,100.97,-0.302174,P,0.248643,0.243344,0.243344,0.248968,0.56241,0.0859804,0.138955,0.112468,0.0264872
3,0.385965,74.8251,100.97,-0.299666,P,0.248282,0.246393,0.246393,0.248633,0.224017,0.0983071,0.15567,0.126989,0.0286815
3,0.385965,75.0131,100.97,-0.297157,P,0.247922,0.247858,0.247858,0.248299,0.0441357,0.10727,0.167725,0.137498,0.0302274
3,0.385965,75.2014,100.97,-0.294649,P,0.247563,0.24727,0.24727,0.247965,0.0695012,0.110717,0.172459,0.141588,0.0308709
3,0.385965,75.3903,100.97,-0.29214,P,0.247205,0.247885,0.247885,0.247632,0.0253192,0.117937,0.182105,0.150021,0.0320839
3,0.385965,75.5797,100.97,-0.289632,P,0.246848,0.250808,0.250808,0.247299,0.350926,0.133088,0.20191,0.167499,0.0344111
3,0.385965,75.7695,100.97,-0.287124,P,0.246492,0.247508,0.247508,0.246966,0.0542213,0.128203,0.195852,0.162028,0.0338248
3,0.385965,75.9598,100.97,-0.284615,P,0.246137,0.242489,0.242489,0.246633,0.414468,0.117923,0.182749,0.150336,0.0324128
3,0.385965,76.1505,100.97,-0.282107,P,0.245783,0.245754,0.245754,0.246301,0.0547134,0.134534,0.204467,0.1695,0.0349665
3,0.385965,76.3418,100.97,-0.279599,P,0.24543,0.241882,0.241882,0.245969,0.408749,0.127639,0.195825,0.161732,0.0340931
3,0.385965,76.5335,100.97,-0.27709,P,0.245078,0.245759,0.245759,0.245638,0.0120536,0.14757,0.221608,0.184589,0.0370189
3,0.385965,76.7257,100.97,-0.274582,P,0.244727,0.246853,0.246853,0.245307,0.154579,0.158655,0.235894,0.197274,0.0386196
3,0.385965,76.9184,100.97,-0.272074,P,0.244377,0.24335,0.24335,0.244976,0.162578,0.152446,0.228313,0.190379,0.0379334
3,0.385965,77.1116,100.97,-0.269565,P,0.244028,0.243324,0.243324,0.244646,0.132171,0.159525,0.237528,0.198527,0.0390011
3,0.385965,77.3053,100.97,-0.267057,P,0.24368,0.244855,0.244855,0.244316,0.053856,0.173235,0.255008,0.214121,0.0408864
3,0.385965,77.4994,100.97,-0.264548,P,0.243333,0.243739,0.243739,0.243986,0.0247664,0.176511,0.259383,0.217947,0.0414359
3,0.385965,77.6941,100.97,-0.26204,P,0.242986,0.244463,0.244463,0.243657,0.0805653,0.187815,0.273724,0.230769,0.0429545
3,0.385965,77.8892,100.97,-0.259532,P,0.242641,0.243555,0.243555,0.243328,0.0226609,0.192326,0.279607,0.235966,0.0436407
3,0.385965,78.0848,100.97,-0.257023,P,0.242297,0.244301,0.244301,0.243,0.13005,0.204569,0.294997,0.249783,0.0452137
3,0.385965,78.2809,100.97,-0.254515,P,0.241954,0.241462,0.241462,0.242672,0.121002,0.200448,0.290249,0.245348,0.0449004
3,0.385965,78.4776,100.97,-0.252007,P,0.241612,0.243251,0.243251,0.242345,0.0906337,0.218276,0.312415,0.265345,0.0470696
3,0.385965,78.6746,100.97,-0.249498,P,0.241271,0.242613,0.242613,0.242017,0.0595643,0.224901,0.320819,0.27286,0.0479589
3,0.385965,78.8722,100.97,-0.24699,P,0.240931,0.24072,0.24072,0.241691,0.0971033,0.225358,0.321717,0.273538,0.0481796
3,0.385965,79.0703,100.97,-0.244482,P,0.240591,0.240064,0.240064,0.241364,0.130067,0.232162,0.330329,0.281245,0.0490834
3,0.385965,79.2689,100.97,-0.241973,P,0.240253,0.238238,0.238238,0.241038,0.280027,0.233053,0.331766,0.28241,0.0493565
3,0.385965,79.468,100.97,-0.239465,P,0.239916,0.239733,0.239733,0.240713,0.0980087,0.251744,0.3547,0.303222,0.051478
3,0.385965,79.6676,100.97,-0.236957,P,0.23958,0.24283,0.24283,0.240388,0.244224,0.280771,0.38979,0.335281,0.0545094
3,0.385965,79.8677,100.97,-0.234448,P,0.239245,0.237416,0.237416,0.240063,0.26469,0.261444,0.367107,0.314275,0.0528311
3,0.385965,80.0683,100.97,-0.23194,P,0.23891,0.240325,0.240325,0.239739,0.0586249,0.290415,0.402033,0.346224,0.0558088
3,0.385965,80.2694,100.97,-0.229431,P,0.238577,0.238346,0.238346,0.239415,0.106944,0.290991,0.403123,0.347057,0.0560658
3,0.385965,80.4709,100.97,-0.226923,P,0.238245,0.238821,0.238821,0.239092,0.0271228,0.306798,0.422231,0.364515,0.0577167
3,0.385965,80.6731,100.97,-0.224415,P,0.237914,0.238575,0.238575,0.238769,0.0194156,0.318615,0.436571,0.377593,0.0589781
3,0.385965,80.8757,100.97,-0.221906,P,0.237583,0.239568,0.239568,0.238447,0.112143,0.339101,0.461013,0.400057,0.0609556
3,0.385965,81.0788,100.97,-0.219398,P,0.237254,0.237466,0.237466,0.238125,0.0659001,0.339313,0.461708,0.400511,0.0611974
3,0.385965,81.2824,100.97,-0.21689,P,0.236926,0.237198,0.237198,0.237803,0.0604948,0.352144,0.477129,0.414637,0.0624926
3,0.385965,81.4866,100.97,-0.214381,P,0.236599,0.237179,0.237179,0.237482,0.0303232,0.367181,0.49507,0.431125,0.0639443
3,0.385965,81.6912,100.97,-0.211873,P,0.236272,0.236717,0.236717,0.237162,0.0444561,0.37953,0.509848,0.444689,0.0651587
3,0.385965,81.8964,100.97,-0.209365,P,0.235947,0.235942,0.235942,0.236842,0.090001,0.389938,0.522355,0.456146,0.0662086
3,0.385965,82.1021,100.97,-0.206856,P,0.235623,0.234149,0.234149,0.236522,0.237296,0.392961,0.52634,0.459651,0.0666893
3,0.385965,82.3083,100.97,-0.204348,P,0.235299,0.238068,0.238068,0.236203,0.186458,0.440681,0.581557,0.511119,0.0704382
3,0.385965,82.515,100.97,-0.201839,P,0.234977,0.231528,0.231528,0.235885,0.435674,0.406681,0.543157,0.474919,0.0682382
3,0.385965,82.7222,100.97,-0.199331,P,0.234655,0.233711,0.233711,0.235566,0.185552,0.441791,0.58388,0.512836,0.0710446
3,0.385965,82.93,100.97,-0.196823,P,0.234335,0.231265,0.231265,0.235249,0.398426,0.440204,0.582613,0.511409,0.0712044
3,0.385965,83.1383,100.97,-0.194314,P,0.234016,0.236842,0.236842,0.234932,0.190963,0.506954,0.658831,0.582892,0.0759386
3,0.385965,83.3471,100.97,-0.191806,P,0.233697,0.230016,0.230016,0.234615,0.459929,0.467668,0.614981,0.541325,0.0736565
3,0.385965,83.5564,100.97,-0.189298,P,0.23338,0.234406,0.234406,0.2343,0.0106922,0.526697,0.682187,0.604442,0.0777447
3,0.385965,83.7662,100.97,-0.186789,P,0.233063,0.233781,0.233781,0.233984,0.0202985,0.542441,0.700435,0.621438,0.0789971
3,0.385965,83.9766,100.97,-0.184281,P,0.232748,0.234509,0.234509,0.233669,0.0839844,0.571533,0.733553,0.652543,0.08101
3,0.385965,84.1875,100.97,-0.181773,P,0.232434,0.228925,0.228925,0.233355,0.442982,0.541,0.700037,0.620518,0.0795185
3,0.385965,84.399,100.97,-0.179264,P,0.23212,0.230991,0.230991,0.233041,0.204997,0.583572,0.748208,0.66589,0.082318
3,0.385965,84.6109,100.97,-0.176756,P,0.231808,0.230891,0.230891,0.232728,0.1837,0.606354,0.774169,0.690261,0.0839071
3,0.385965,84.8234,100.97,-0.174247,P,0.231496,0.230691,0.230691,0.232415,0.172449,0.628868,0.799765,0.714317,0.0854486
3,0.385965,85.0365,100.97,-0.171739,P,0.231186,0.233666,0.233666,0.232103,0.156263,0.685799,0.863194,0.774497,0.0886973
3,0.385965,85.25,100.97,-0.169231,P,0.230876,0.230516,0.230516,0.231791,0.1275,0.67853,0.855876,0.767203,0.088673
3,0.385965,85.4641,100.97,-0.166722,P,0.230568,0.229979,0.229979,0.23148,0.15013,0.699639,0.879745,0.789692,0.0900529
3,0.385965,85.6788,100.97,-0.164214,P,0.23026,0.228303,0.228303,0.23117,0.286664,0.708692,0.890367,0.79953,0.0908379
3,0.385965,85.894,100.97,-0.161706,P,0.229954,0.228664,0.228664,0.23086,0.219654,0.741022,0.926442,0.833732,0.0927098
3,0.385965,86.1097,100.97,-0.159197,P,0.229648,0.226599,0.226599,0.230551,0.395223,0.746362,0.932993,0.839677,0.0933154
3,0.385965,86.326,100.97,-0.156689,P,0.229344,0.229693,0.229693,0.230242,0.054883,0.812779,1.00597,0.909373,0.0965944
3,0.385965,86.5428,100.97,-0.154181,P,0.22904,0.22742,0.22742,0.229934,0.251401,0.816541,1.01079,0.913665,0.097124
3,0.385965,86.7601,100.97,-0.151672,P,0.228738,0.231403,0.231403,0.229627,0.177616,0.898155,1.09969,0.998921,0.100766
3,0.385965,86.978,100.97,-0.149164,P,0.228436,0.22961,0.22961,0.22932,0.0289525,0.909025,1.11214,1.01058,0.101558
3,0.385965,87.1965,100.97,-0.146656,P,0.228135,0.229845,0.229845,0.229014,0.0830815,0.946556,1.15321,1.04989,0.103329
3,0.385965,87.4155,100.97,-0.144147,P,0.227836,0.229176,0.229176,0.228708,0.04677,0.973234,1.18257,1.0779,0.10467
3,0.385965,87.635,100.97,-0.141639,P,0.227537,0.229938,0.229938,0.228403,0.15352,1.02008,1.23342,1.12675,0.106667
3,0.385965,87.8551,100.97,-0.13913,P,0.227239,0.229353,0.229353,0.228099,0.125384,1.04976,1.26583,1.15779,0.108039
3,0.385965,88.0757,100.97,-0.136622,P,0.226943,0.225887,0.225887,0.227795,0.190872,1.03993,1.25618,1.14805,0.108127
3,0.385965,88.297,100.97,-0.134114,P,0.226647,0.227609,0.227609,0.227492,0.0116732,1.10341,1.32448,1.21394,0.110535
3,0.385965,88.5187,100.97,-0.131605,P,0.226353,0.226806,0.226806,0.22719,0.0383479,1.13234,1.35597,1.24415,0.111816
3,0.385965,88.741,100.97,-0.129097,P,0.226059,0.226197,0.226197,0.226888,0.0690806,1.16491,1.39127,1.27809,0.113179
3,0.385965,88.9639,100.97,-0.126589,P,0.225766,0.227954,0.227954,0.226587,0.136702,1.23406,1.46506,1.34956,0.115504
3,0.385965,89.1873,100.97,-0.12408,P,0.225475,0.224479,0.224479,0.226287,0.180795,1.22516,1.45655,1.34086,0.115693
3,0.385965,89.4113,100.97,-0.121572,P,0.225184,0.221877,0.221877,0.225987,0.410982,1.22968,1.46218,1.34593,0.116249
3,0.385965,89.6359,100.97,-0.119064,P,0.224894,0.226192,0.226192,0.225688,0.0503617,1.34288,1.58192,1.4624,0.119521
3,0.385965,89.861,100.97,-0.116555,P,0.224605,0.224613,0.224613,0.22539,0.077683,1.36517,1.60613,1.48565,0.120479
3,0.385965,90.0867,100.97,-0.114047,P,0.224318,0.225826,0.225826,0.225092,0.0733331,1.43367,1.67858,1.55612,0.122452
3,0.385965,90.3129,100.97,-0.111538,P,0.224031,0.222204,0.222204,0.224795,0.259102,1.42391,1.66928,1.54659,0.122682
3,0.385965,90.5398,100.97,-0.10903,P,0.223745,0.222994,0.222994,0.224499,0.150551,1.48789,1.73684,1.61236,0.124476
3,0.385965,90.7672,100.97,-0.106522,P,0.22346,0.223658,0.223658,0.224204,0.0545503,1.55161,1.80398,1.67779,0.126184
3,0.385965,90.9951,100.97,-0.104013,P,0.223177,0.222308,0.222308,0.223909,0.160051,1.58213,1.83654,1.70933,0.127206
3,0.385965,91.2237,100.97,-0.101505,P,0.222894,0.223322,0.223322,0.223615,0.0293178,1.65506,1.91299,1.78403,0.128963
3,0.385965,91.4528,100.97,-0.0989967,P,0.222612,0.222122,0.222122,0.223322,0.119914,1.69041,1.95043,1.82042,0.130011
3,0.385965,91.6825,100.97,-0.0964883,P,0.222331,0.222499,0.222499,0.223029,0.0530159,1.75525,2.01827,1.88676,0.131507
3,0.385965,91.9127,100.97,-0.0939799,P,0.222051,0.220914,0.220914,0.222737,0.182338,1.78573,2.05057,1.91815,0.132423
3,0.385965,92.1436,100.97,-0.0914716,P,0.221773,0.222363,0.222362,0.222446,0.00836033,1.87356,2.14185,2.0077,0.134146
3,0.385965,92.375,100.97,-0.0889632,P,0.221495,0.224281,0.224281,0.222156,0.212537,1.97276,2.24458,2.10867,0.13591
3,0.385965,92.607,100.97,-0.0864548,P,0.221218,0.220534,0.220534,0.221866,0.133248,1.96558,2.23808,2.10183,0.136251
3,0.385965,92.8396,100.97,-0.0839465,P,0.220942,0.223394,0.223394,0.221577,0.181614,2.08676,2.36304,2.2249,0.138143
3,0.385965,93.0727,100.97,-0.0814381,P,0.220667,0.219428,0.219428,0.221289,0.186138,2.07655,2.35346,2.21501,0.138452
3,0.385965,93.3065,100.97,-0.0789298,P,0.220393,0.222202,0.222202,0.221002,0.119936,2.20041,2.48082,2.34061,0.140206
3,0.385965,93.5408,100.97,-0.0764214,P,0.22012,0.220817,0.220817,0.220716,0.0101314,2.24342,2.52551,2.38447,0.141046
3,0.385965,93.7757,100.97,-0.073913,P,0.219849,0.221422,0.221422,0.22043,0.0991326,2.32813,2.61261,2.47037,0.14224
3,0.385965,94.0113,100.97,-0.0714047,P,0.219578,0.220786,0.220786,0.220145,0.0640373,2.38926,2.67559,2.53242,0.143165
3,0.385965,94.2474,100.97,-0.0688963,P,0.219308,0.21833,0.21833,0.219861,0.153149,2.41392,2.70144,2.55768,0.143761
3,0.385965,94.4841,100.97,-0.066388,P,0.219039,0.219032,0.219032,0.219578,0.0546189,2.50582,2.79552,2.65067,0.144853
3,0.385965,94.7214,100.97,-0.0638796,P,0.218771,0.218957,0.218957,0.219296,0.033918,2.58331,2.87485,2.72908,0.145773
3,0.385965,94.9593,100.97,-0.0613712,P,0.218504,0.219659,0.219659,0.219014,0.0644656,2.67935,2.97286,2.8261,0.146751
3,0.385965,95.1978,100.97,-0.0588629,P,0.218238,0.220436,0.220436,0.218734,0.170246,2.77921,3.07456,2.92688,0.147677
3,0.385965,95.4369,100.97,-0.0563545,P,0.217973,0.219951,0.219951,0.218454,0.149717,2.85354,3.15034,3.00194,0.148399
3,0.385965,95.6765,100.97,-0.0538462,P,0.217709,0.218555,0.218555,0.218175,0.0380663,2.90942,3.2074,3.05841,0.148987
3,0.385965,95.9168,100.97,-0.0513378,P,0.217446,0.21651,0.21651,0.217897,0.13861,2.95222,3.25119,3.1017,0.149486
3,0.385965,96.1577,100.97,-0.0488294,P,0.217184,0.218633,0.218633,0.217619,0.101364,3.09001,3.39068,3.24034,0.150336
3,0.385965,96.3992,100.97,-0.0463211,P,0.216923,0.214116,0.214116,0.217343,0.322653,3.07992,3.38106,3.23049,0.150571
3,0.385965,96.6413,100.97,-0.0438127,P,0.216663,0.217336,0.217336,0.217067,0.0268854,3.24708,3.54985,3.39846,0.151383
3,0.385965,96.8841,100.97,-0.0413043,P,0.216404,0.217159,0.217159,0.216793,0.0366008,3.33914,3.64289,3.49101,0.151874
3,0.385965,97.1274,100.97,-0.038796,P,0.216146,0.216835,0.216835,0.216519,0.0316158,3.42979,3.7344,3.58209,0.152305
3,0.385965,97.3713,100.97,-0.0362876,P,0.215889,0.21804,0.21804,0.216246,0.179376,3.5581,3.86362,3.71086,0.15276
3,0.385965,97.6159,100.97,-0.0337793,P,0.215633,0.210798,0.210798,0.215974,0.517628,3.49032,3.79589,3.6431,0.152786
3,0.385965,97.861,100.97,-0.0312709,P,0.215378,0.213659,0.213659,0.215703,0.204399,3.66137,3.96781,3.81459,0.153221
3,0.385965,98.1068,100.97,-0.0287625,P,0.215124,0.216322,0.216322,0.215433,0.0888934,3.8307,4.13781,3.98425,0.153554
3,0.385965,98.3532,100.97,-0.0262542,P,0.21487,0.214352,0.214352,0.215164,0.0811815,3.89206,4.19943,4.04575,0.153687
3,0.385965,98.6002,100.97,-0.0237458,P,0.214618,0.216822,0.216822,0.214895,0.192697,4.06181,4.36955,4.21568,0.15387
3,0.385965,98.8479,100.97,-0.0212375,P,0.214367,0.214878,0.214878,0.214628,0.0249509,4.12767,4.43549,4.28158,0.153908
3,0.385965,99.0961,100.97,-0.0187291,P,0.214117,0.217169,0.217169,0.214362,0.280709,4.29801,4.60591,4.45196,0.153952
3,0.385965,99.345,100.97,-0.0162207,P,0.213868,0.215337,0.215337,0.214096,0.124075,4.3706,4.67838,4.52449,0.153893
3,0.385965,99.5945,100.97,-0.0137124,P,0.21362,0.214207,0.214207,0.213832,0.0375013,4.4622,4.76978,4.61599,0.153792
3,0.385965,99.8446,100.97,-0.011204,P,0.213373,0.211196,0.211196,0.213568,0.2372,4.50977,4.81704,4.6634,0.153637
3,0.385965,100.095,100.97,-0.00869565,P,0.213126,0.213071,0.213071,0.213306,0.0234873,4.67918,4.98606,4.83262,0.153436
3,0.385965,100.347,100.97,-0.00618729,P,0.212881,0.21262,0.21262,0.213044,0.0424361,4.79381,5.10016,4.94698,0.153176
3,0.385965,100.599,100.97,-0.00367893,P,0.212637,0.212227,0.212227,0.212783,0.05565,4.91209,5.21781,5.06495,0.152859
3,0.385965,100.851,100.97,-0.00117057,P,0.212394,0.212026,0.212026,0.212524,0.0498064,5.03735,5.34232,5.18983,0.152485
3,0.385965,101.105,100.97,0.00133779,C,0.212152,0.211965,0.211965,0.212265,0.0300249,5.03382,5.33926,5.18654,0.152716
3,0.385965,101.359,100.97,0.00384615,C,0.21191,0.212782,0.212782,0.212008,0.0774762,4.93615,5.24309,5.08962,0.15347
3,0.385965,101.613,100.97,0.00635452,C,0.21167,0.213022,0.213022,0.211751,0.127076,4.82583,5.13417,4.98,0.154171
3,0.385965,101.868,100.97,0.00886288,C,0.211431,0.211386,0.211386,0.211496,0.0110107,4.67069,4.98033,4.82551,0.154818
3,0.385965,102.124,100.97,0.0113712,C,0.211193,0.211058,0.211058,0.211241,0.0182714,4.54969,4.8605,4.7051,0.155405
3,0.385965,102.381,100.97,0.0138796,C,0.210955,0.212237,0.212237,0.210988,0.124926,4.46767,4.77955,4.62361,0.15594
3,0.385965,102.638,100.97,0.016388,C,0.210719,0.211353,0.211353,0.210735,0.0617355,4.33626,4.64908,4.49267,0.156408
3,0.385965,102.896,100.97,0.0188963,C,0.210484,0.211555,0.211555,0.210484,0.107076,4.23343,4.54708,4.39026,0.156825
3,0.385965,103.154,100.97,0.0214047,C,0.21025,0.211334,0.211334,0.210234,0.110047,4.12187,4.43623,4.27905,0.157178
3,0.385965,103.413,100.97,0.023913,C,0.210016,0.209852,0.209852,0.209984,0.0132234,3.98101,4.29589,4.13845,0.157442
3,0.385965,103.673,100.97,0.0264214,C,0.209784,0.210258,0.210258,0.209736,0.0522229,3.88836,4.20372,4.04604,0.157681
3,0.385965,103.933,100.97,0.0289298,C,0.209553,0.210256,0.210256,0.209489,0.0767389,3.78738,4.10308,3.94523,0.157852
3,0.385965,104.194,100.97,0.0314381,C,0.209322,0.208763,0.208763,0.209243,0.0480488,3.65177,3.96757,3.80967,0.1579
3,0.385965,104.456,100.97,0.0339465,C,0.209093,0.206404,0.206404,0.208998,0.259457,3.49719,3.81284,3.65501,0.157822
3,0.385965,104.718,100.97,0.0364548,C,0.208864,0.205226,0.205226,0.208754,0.352795,3.37339,3.68881,3.5311,0.15771
3,0.385965,104.981,100.97,0.0389632,C,0.208637,0.20672,0.20672,0.208512,0.179112,3.31574,3.63113,3.47343,0.157696
3,0.385965,105.245,100.97,0.0414716,C,0.208411,0.207855,0.207855,0.20827,0.0414822,3.25088,3.56612,3.4085,0.157617
3,0.385965,105.509,100.97,0.0439799,C,0.208185,0.208972,0.208972,0.20803,0.0942865,3.18705,3.50204,3.34455,0.157495
3,0.385965,105.774,100.97,0.0464883,C,0.207961,0.210439,0.210439,0.20779,0.264878,3.1329,3.44763,3.29026,0.157365
3,0.385965,106.04,100.97,0.0489967,C,0.207737,0.20763,0.20763,0.207552,0.00775431,2.97951,3.29304,3.13628,0.156762
3,0.385965,106.306,100.97,0.051505,C,0.207515,0.207858,0.207858,0.207315,0.0543464,2.8996,3.21237,3.05598,0.156388
3,0.385965,106.573,100.97,0.0540134,C,0.207294,0.206928,0.206928,0.207079,0.0151442,2.79445,3.10607,2.95026,0.155809
3,0.385965,106.841,100.97,0.0565217,C,0.207073,0.208089,0.208089,0.206844,0.124451,2.73936,3.05024,2.8948,0.155443
3,0.385965,107.109,100.97,0.0590301,C,0.206854,0.208971,0.208971,0.206611,0.236066,2.67918,2.98919,2.83419,0.155002
3,0.385965,107.378,100.97,0.0615385,C,0.206635,0.206348,0.206348,0.206378,0.00299615,2.54112,2.84901,2.69507,0.153945
3,0.385965,107.648,100.97,0.0640468,C,0.206418,0.206811,0.206811,0.206147,0.0664038,2.47482,2.78145,2.62814,0.153316
3,0.385965,107.918,100.97,0.0665552,C,0.206201,0.206314,0.206314,0.205917,0.0396758,2.38871,2.69362,2.54116,0.152455
3,0.385965,108.189,100.97,0.0690635,C,0.205986,0.206081,0.206081,0.205688,0.0392124,2.31023,2.61339,2.46181,0.151578
3,0.385965,108.461,100.97,0.0715719,C,0.205771,0.206843,0.206843,0.205461,0.138215,2.2551,2.55683,2.40596,0.150864
3,0.385965,108.733,100.97,0.0740803,C,0.205558,0.202347,0.202347,0.205234,0.288696,2.08864,2.3863,2.23747,0.148831
3,0.385965,109.007,100.97,0.0765886,C,0.205345,0.208246,0.208246,0.205009,0.323637,2.14604,2.44465,2.29534,0.149305
3,0.385965,109.28,100.97,0.079097,C,0.205134,0.204912,0.204912,0.204785,0.0126936,2.00862,2.30341,2.15602,0.147394
3,0.385965,109.555,100.97,0.0816054,C,0.204923,0.203731,0.203731,0.204562,0.0831534,1.91919,2.21106,2.06513,0.145933
3,0.385965,109.83,100.97,0.0841137,C,0.204713,0.20511,0.20511,0.204341,0.0768938,1.88414,2.17449,2.02931,0.145176
3,0.385965,110.106,100.97,0.0866221,C,0.204505,0.204055,0.204055,0.204121,0.00653165,1.80091,2.08815,1.94453,0.143624
3,0.385965,110.382,100.97,0.0891304,C,0.204297,0.203749,0.203749,0.203902,0.0152345,1.73464,2.01913,1.87689,0.142245
3,0.385965,110.66,100.97,0.0916388,C,0.204091,0.20513,0.20513,0.203684,0.144552,1.70308,1.9859,1.84449,0.141414
3,0.385965,110.937,100.97,0.0941472,C,0.203885,0.204857,0.204857,0.203468,0.13894,1.64031,1.92024,1.78028,0.139966
3,0.385965,111.216,100.97,0.0966555,C,0.20368,0.203315,0.203315,0.203252,0.00628279,1.55506,1.83099,1.69303,0.137969
3,0.385965,111.495,100.97,0.0991639,C,0.203477,0.208045,0.208045,0.203039,0.500619,1.58998,1.86679,1.72838,0.138403
3,0.385965,111.775,100.97,0.101672,C,0.203274,0.20407,0.20407,0.202826,0.124385,1.46225,1.73291,1.59758,0.135331
3,0.385965,112.056,100.97,0.104181,C,0.203072,0.204514,0.204514,0.202615,0.18992,1.41887,1.68687,1.55287,0.134001
3,0.385965,112.338,100.97,0.106689,C,0.202872,0.203686,0.203686,0.202405,0.128152,1.35393,1.61807,1.486,0.132069
3,0.385965,112.62,100.97,0.109197,C,0.202672,0.20058,0.20058,0.202196,0.161565,1.25133,1.50926,1.3803,0.128966
3,0.385965,112.903,100.97,0.111706,C,0.202473,0.204045,0.204045,0.201989,0.20568,1.26433,1.52235,1.39334,0.129009
3,0.385965,113.186,100.97,0.114214,C,0.202276,0.200432,0.200432,0.201782,0.13507,1.15767,1.40864,1.28315,0.125489
3,0.385965,113.47,100.97,0.116722,C,0.202079,0.203064,0.203064,0.201578,0.148578,1.15736,1.40766,1.28251,0.125147
3,0.385965,113.755,100.97,0.119231,C,0.201883,0.205597,0.205597,0.201374,0.422258,1.15564,1.40518,1.28041,0.124768
3,0.385965,114.041,100.97,0.121739,C,0.201689,0.198248,0.198248,0.201172,0.292399,0.996692,1.23451,1.1156,0.118911
3,0.385965,114.327,100.97,0.124247,C,0.201495,0.201195,0.201195,0.200972,0.0223026,1.00278,1.24038,1.12158,0.118799
3,0.385965,114.615,100.97,0.126756,C,0.201302,0.202824,0.202824,0.200772,0.205207,0.988768,1.22464,1.1067,0.117933
3,0.385965,114.902,100.97,0.129264,C,0.20111,0.197897,0.197897,0.200574,0.267744,0.877964,1.10411,0.991038,0.113074
3,0.385965,115.191,100.97,0.131773,C,0.20092,0.204089,0.204089,0.200378,0.371114,0.932308,1.16238,1.04734,0.115035
3,0.385965,115.48,100.97,0.134281,C,0.20073,0.204254,0.204254,0.200183,0.407121,0.898501,1.12509,1.01179,0.113293
3,0.385965,115.77,100.97,0.136789,C,0.200541,0.199663,0.199663,0.199989,0.0326191,0.799332,1.01627,0.907802,0.10847
3,0.385965,116.061,100.97,0.139298,C,0.200353,0.199403,0.199403,0.199797,0.0393456,0.76327,0.976006,0.869638,0.106368
3,0.385965,116.353,100.97,0.141806,C,0.200166,0.198782,0.198782,0.199606,0.0823387,0.723741,0.931743,0.827742,0.104001
3,0.385965,116.645,100.97,0.144314,C,0.199981,0.198607,0.198607,0.199416,0.0809314,0.691334,0.895181,0.793257,0.101923
3,0.385965,116.938,100.97,0.146823,C,0.199796,0.199511,0.199511,0.199228,0.0282834,0.67347,0.874674,0.774072,0.100602
3,0.385965,117.231,100.97,0.149331,C,0.199612,0.203022,0.203022,0.199041,0.398082,0.688406,0.890657,0.789532,0.101126
3,0.385965,117.526,100.97,0.151839,C,0.199429,0.201953,0.201953,0.198856,0.309724,0.646952,0.843836,0.745394,0.098442
3,0.385965,117.821,100.97,0.154348,C,0.199247,0.202026,0.202026,0.198672,0.335389,0.62063,0.813743,0.717186,0.0965566
3,0.385965,118.117,100.97,0.156856,C,0.199066,0.198667,0.198667,0.198489,0.0177062,0.556294,0.740567,0.64843,0.0921366
3,0.385965,118.414,100.97,0.159365,C,0.198886,0.198631,0.198631,0.198309,0.0322663,0.531564,0.711857,0.62171,0.0901465
3,0.385965,118.711,100.97,0.161873,C,0.198707,0.199116,0.199116,0.198129,0.098684,0.513244,0.690357,0.601801,0.0885565
3,0.385965,119.009,100.97,0.164381,C,0.19853,0.199442,0.199442,0.197951,0.149113,0.493884,0.667597,0.58074,0.0868567
3,0.385965,119.308,100.97,0.16689,C,0.198353,0.201471,0.201471,0.197774,0.369675,0.492531,0.665473,0.579002,0.0864712
3,0.385965,119.608,100.97,0.169398,C,0.198177,0.199455,0.199455,0.197599,0.185538,0.450845,0.616834,0.53384,0.0829943
3,0.385965,119.908,100.97,0.171906,C,0.198002,0.198649,0.198649,0.197426,0.12229,0.42284,0.583724,0.503282,0.0804418
3,0.385965,120.209,100.97,0.174415,C,0.197828,0.201739,0.201739,0.197254,0.44857,0.432195,0.594085,0.51314,0.0809448
3,0.385965,120.511,100.97,0.176923,C,0.197655,0.198894,0.198894,0.197083,0.181103,0.386999,0.540643,0.463821,0.0768223
3,0.385965,120.814,100.97,0.179431,C,0.197483,0.199757,0.199757,0.196914,0.284334,0.376503,0.527743,0.452123,0.0756203
3,0.385965,121.117,100.97,0.18194,C,0.197312,0.19437,0.19437,0.196746,0.237631,0.315008,0.453886,0.384447,0.0694386
3,0.385965,121.421,100.97,0.184448,C,0.197142,0.197837,0.197837,0.19658,0.1257,0.326669,0.467413,0.397041,0.070372
3,0.385965,121.726,100.97,0.186957,C,0.196973,0.198517,0.198517,0.196416,0.210135,0.316297,0.454456,0.385377,0.0690796
3,0.385965,122.032,100.97,0.189465,C,0.196805,0.198042,0.198042,0.196253,0.178928,0.297539,0.431308,0.364423,0.0668844
3,0.385965,122.339,100.97,0.191973,C,0.196638,0.195643,0.195643,0.196091,0.0448043,0.265986,0.392321,0.329153,0.0631676
3,0.385965,122.646,100.97,0.194482,C,0.196472,0.196051,0.196051,0.195931,0.0120183,0.255492,0.378942,0.317217,0.061725
3,0.385965,122.954,100.97,0.19699,C,0.196307,0.19721,0.19721,0.195773,0.143755,0.250386,0.37219,0.311288,0.060902
3,0.385965,123.263,100.97,0.199498,C,0.196143,0.19688,0.19688,0.195616,0.126439,0.235749,0.353577,0.294663,0.058914
3,0.385965,123.572,100.97,0.202007,C,0.19598,0.195636,0.195636,0.195461,0.017574,0.216211,0.32867,0.27244,0.0562293
3,0.385965,123.883,100.97,0.204515,C,0.195818,0.199749,0.199749,0.195307,0.44422,0.230028,0.34561,0.287819,0.0577911
3,0.385965,124.194,100.97,0.207023,C,0.195656,0.197586,0.197586,0.195155,0.243101,0.205683,0.314565,0.260124,0.054441
3,0.385965,124.506,100.97,0.209532,C,0.195496,0.19601,0.19601,0.195004,0.100575,0.186395,0.289578,0.237987,0.0515911
3,0.385965,124.818,100.97,0.21204,C,0.195337,0.196314,0.196314,0.194855,0.145844,0.178247,0.278718,0.228482,0.0502353
3,0.385965,125.132,100.97,0.214548,C,0.195179,0.192993,0.192993,0.194708,0.171488,0.152451,0.244721,0.198586,0.0461348
3,0.385965,125.446,100.97,0.217057,C,0.195022,0.191828,0.191828,0.194562,0.273447,0.138842,0.226331,0.182586,0.0437445
3,0.385965,125.761,100.97,0.219565,C,0.194866,0.194753,0.194753,0.194418,0.0335396,0.144161,0.233081,0.188621,0.04446
3,0.385965,126.077,100.97,0.222074,C,0.194711,0.193829,0.193829,0.194275,0.0446154,0.132293,0.216916,0.174605,0.0423112
3,0.385965,126.394,100.97,0.224582,C,0.194556,0.195981,0.195981,0.194135,0.184626,0.134089,0.219011,0.17655,0.0424613
3,0.385965,126.711,100.97,0.22709,C,0.194403,0.196623,0.196623,0.193995,0.262768,0.129448,0.212474,0.170961,0.0415131
3,0.385965,127.029,100.97,0.229599,C,0.194251,0.194596,0.194596,0.193858,0.0738072,0.114362,0.191704,0.153033,0.0386712
3,0.385965,127.348,100.97,0.232107,C,0.1941,0.195568,0.195568,0.193721,0.184648,0.111595,0.187627,0.149611,0.0380161
3,0.385965,127.668,100.97,0.234615,C,0.19395,0.192157,0.192157,0.193587,0.142962,0.0934414,0.162114,0.127778,0.0343363
3,0.385965,127.989,100.97,0.237124,C,0.1938,0.194308,0.194308,0.193454,0.0853298,0.0951007,0.164189,0.129645,0.0345443
3,0.385965,128.31,100.97,0.239632,C,0.193652,0.192034,0.192034,0.193323,0.128962,0.0824951,0.146054,0.114274,0.0317794
3,0.385965,128.633,100.97,0.24214,C,0.193505,0.193173,0.193173,0.193194,0.00206267,0.0810142,0.143689,0.112351,0.0313372
3,0.385965,128.956,100.97,0.244649,C,0.193359,0.19585,0.19585,0.193066,0.278378,0.0841985,0.148015,0.116107,0.0319084
3,0.385965,129.279,100.97,0.247157,C,0.193213,0.191108,0.191108,0.19294,0.183169,0.0662346,0.121689,0.093962,0.0277273
3,0.385965,129.604,100.97,0.249666,C,0.193069,0.195963,0.195963,0.192815,0.314746,0.0750417,0.134383,0.104712,0.0296706
3,0.385965,129.93,100.97,0.252174,C,0.192926,0.193063,0.193063,0.192692,0.0370317,0.0631619,0.11671,0.0899358,0.0267739
3,0.385965,130.256,100.97,0.254682,C,0.192784,0.187346,0.187346,0.192571,0.522525,0.0468066,0.0915936,0.0692001,0.0223935
3,0.385965,130.583,100.97,0.257191,C,0.192642,0.192603,0.192603,0.192452,0.0150711,0.0547079,0.103594,0.0791509,0.024443
3,0.385965,130.911,100.97,0.259699,C,0.192502,0.191918,0.191918,0.192334,0.0415956,0.0499067,0.0960535,0.0729801,0.0230734
3,0.385965,131.24,100.97,0.262207,C,0.192363,0.191967,0.191967,0.192218,0.0251426,0.0468974,0.091213,0.0690552,0.0221578
3,0.385965,131.569,100.97,0.264716,C,0.192224,0.191436,0.191436,0.192104,0.0667654,0.0429677,0.0848825,0.0639251,0.0209574
3,0.385965,131.9,100.97,0.267224,C,0.192087,0.195127,0.195127,0.191991,0.313557,0.0471307,0.0912439,0.0691873,0.0220566
3,0.385965,132.231,100.97,0.269732,C,0.191951,0.193469,0.193469,0.19188,0.158871,0.0411956,0.0817621,0.0614788,0.0202832
3,0.385965,132.563,100.97,0.272241,C,0.191815,0.192338,0.192338,0.191771,0.0567103,0.0367185,0.0744389,0.0555787,0.0188602
3,0.385965,132.896,100.97,0.274749,C,0.191681,0.191939,0.191939,0.191664,0.0275131,0.0337506,0.0694658,0.0516082,0.0178576
3,0.385965,133.23,100.97,0.277258,C,0.191547,0.191402,0.191402,0.191558,0.0156082,0.0307935,0.0644491,0.0476213,0.0168278
3,0.385965,133.565,100.97,0.279766,C,0.191415,0.190648,0.190648,0.191454,0.0806168,0.0277709,0.0592521,0.0435115,0.0157406
3,0.385965,133.9,100.97,0.282274,C,0.191284,0.190199,0.190199,0.191352,0.115252,0.0253735,0.0550463,0.0402099,0.0148364
3,0.385965,134.236,100.97,0.284783,C,0.191153,0.189319,0.189319,0.191251,0.193244,0.0226651,0.0502388,0.0364519,0.0137869
3,0.385965,134.573,100.97,0.287291,C,0.191024,0.187252,0.187252,0.191152,0.390035,0.0190052,0.0436321,0.0313186,0.0123135
3,0.385965,134.911,100.97,0.289799,C,0.190895,0.189315,0.189315,0.191055,0.173972,0.0196754,0.0447389,0.0322071,0.0125317
3,0.385965,135.25,100.97,0.292308,C,0.190768,0.191675,0.191675,0.19096,0.0715216,0.0206606,0.0463968,0.0335287,0.0128681
3,0.385965,135.59,100.97,0.294816,C,0.190641,0.187344,0.187344,0.190866,0.352196,0.0153529,0.0366489,0.0260009,0.010648
3,0.385965,135.93,100.97,0.297324,C,0.190516,0.190073,0.190073,0.190774,0.0701176,0.0165109,0.0387131,0.027612,0.0111011
3,0.385965,136.272,100.97,0.299833,C,0.190391,0.189412,0.189412,0.190684,0.127217,0.0148262,0.035495,0.0251606,0.0103344
3,0.385965,136.614,100.97,0.302341,C,0.190268,0.190273,0.190273,0.190596,0.0323123,0.0144386,0.0346858,0.0245622,0.0101236
3,0.385965,136.957,100.97,0.304849,C,0.190145,0.189988,0.189988,0.19051,0.0521383,0.0132146,0.0322846,0.0227496,0.00953499
3,0.385965,137.301,100.97,0.307358,C,0.190024,0.189136,0.189136,0.190425,0.128863,0.0117055,0.0292936,0.0204995,0.00879405
3,0.385965,137.646,100.97,0.309866,C,0.189903,0.190791,0.190791,0.190342,0.0449551,0.0119226,0.0296481,0.0207854,0.00886278
3,0.385965,137.992,100.97,0.312375,C,0.189784,0.189973,0.189973,0.190261,0.0287875,0.01057,0.0269214,0.0187457,0.00817571
3,0.385965,138.338,100.97,0.314883,C,0.189665,0.188466,0.188466,0.190181,0.171547,0.00897997,0.0236518,0.0163159,0.00733594
3,0.385965,138.686,100.97,0.317391,C,0.189548,0.189539,0.189539,0.190104,0.0564522,0.00886341,0.0233553,0.0161093,0.00724592
3,0.385965,139.034,100.97,0.3199,C,0.189431,0.189866,0.189866,0.190028,0.0162348,0.00837264,0.022288,0.0153303,0.00695766
3,0.385965,139.383,100.97,0.322408,C,0.189316,0.19092,0.19092,0.189954,0.0965846,0.00825831,0.0219971,0.0151277,0.0068694
3,0.385965,139.733,100.97,0.324916,C,0.189201,0.186301,0.186301,0.189882,0.358059,0.00574801,0.0165683,0.0111581,0.00541012
3,0.385965,140.084,100.97,0.327425,C,0.189087,0.190046,0.190046,0.189811,0.0234987,0.00671862,0.0186461,0.0126823,0.00596373
3,0.385965,140.436,100.97,0.329933,C,0.188975,0.190533,0.190533,0.189743,0.0789925,0.00640543,0.0179234,0.0121644,0.00575897
3,0.385965,140.789,100.97,0.332441,C,0.188863,0.187597,0.187597,0.189676,0.20788,0.00491186,0.0145595,0.00973568,0.00482382
3,0.385965,141.142,100.97,0.33495,C,0.188753,0.186472,0.186472,0.189611,0.313893,0.00420353,0.0128799,0.00854171,0.00433817
3,0.385965,141.497,100.97,0.337458,C,0.188643,0.186723,0.186723,0.189548,0.282511,0.0039382,0.0122169,0.00807753,0.00413934
3,0.385965,141.852,100.97,0.339967,C,0.188534,0.185405,0.185405,0.189486,0.408158,0.00331002,0.0106629,0.00698648,0.00367646
3,0.385965,142.208,100.97,0.342475,C,0.188427,0.188182,0.188182,0.189427,0.12451,0.00368928,0.0115557,0.00762247,0.00393319
3,0.385965,142.566,100.97,0.344983,C,0.18832,0.186959,0.186959,0.189369,0.240988,0.00312148,0.0101371,0.0066293,0.00350782
3,0.385965,142.924,100.97,0.347492,C,0.188214,0.188871,0.188871,0.189313,0.0442005,0.00328096,0.0105027,0.00689182,0.00361086
3,0.385965,143.283,100.97,0.35,C,0.18811,0.185565,0.185565,0.189259,0.369368,0.00238489,0.0082054,0.00529514,0.00291026
4,0.486842,67.8528,101.225,-0.4,P,0.255517,0.253631,0.253631,0.253871,0.0239242,0.042793,0.0798238,0.0613084,0.0185154
4,0.486842,68.0233,101.225,-0.397492,P,0.255166,0.255058,0.255058,0.253567,0.149126,0.0469284,0.0861942,0.0665613,0.0196329
4,0.486842,68.1941,101.225,-0.394983,P,0.254815,0.254373,0.254373,0.253264,0.11091,0.048041,0.0879755,0.0680083,0.0199673
4,0.486842,68.3654,101.225,-0.392475,P,0.254465,0.256626,0.256626,0.25296,0.366589,0.0539619,0.096901,0.0754315,0.0214695
4,0.486842,68.5371,101.225,-0.389967,P,0.254116,0.251091,0.251091,0.252657,0.156635,0.047348,0.0871557,0.0672518,0.0199038
4,0.486842,68.7092,101.225,-0.387458,P,0.253768,0.254509,0.254509,0.252354,0.215468,0.0552483,0.0990361,0.0771422,0.0218939
4,0.486842,68.8818,101.225,-0.38495,P,0.253421,0.251302,0.251302,0.252051,0.0749699,0.0522489,0.094719,0.073484,0.0212351
4,0.486842,69.0548,101.225,-0.382441,P,0.253075,0.251864,0.251864,0.251749,0.0114757,0.0556574,0.0998843,0.0777709,0.0221135
4,0.486842,69.2282,101.225,-0.379933,P,0.252729,0.250687,0.250687,0.251446,0.0759388,0.0561247,0.100698,0.0784113,0.0222866
4,0.486842,69.4021,101.225,-0.377425,P,0.252385,0.254599,0.254599,0.251144,0.345476,0.0661775,0.115453,0.0908154,0.024638
4,0.486842,69.5764,101.225,-0.374916,P,0.252041,0.255923,0.255923,0.250842,0.508103,0.0719011,0.123779,0.0978401,0.0259389
4,0.486842,69.7511,101.225,-0.372408,P,0.251698,0.252013,0.252013,0.250541,0.147262,0.0668927,0.11676,0.0918262,0.0249335
4,0.486842,69.9263,101.225,-0.3699,P,0.251356,0.253086,0.253086,0.250239,0.284652,0.0721836,0.124471,0.0983274,0.0261438
4,0.486842,70.1019,101.225,-0.367391,P,0.251015,0.25006,0.25006,0.249938,0.0122589,0.0689387,0.119984,0.0944613,0.0255225
4,0.486842,70.278,101.225,-0.364883,P,0.250675,0.251035,0.251035,0.249637,0.139872,0.0741906,0.127623,0.100907,0.026716
4,0.486842,70.4545,101.225,-0.362375,P,0.250335,0.250624,0.250624,0.249336,0.128857,0.0765985,0.131187,0.103893,0.0272943
4,0.486842,70.6314,101.225,-0.359866,P,0.249996,0.249511,0.249511,0.249035,0.0475532,0.0774724,0.132579,0.105026,0.0275534
4,0.486842,70.8088,101.225,-0.357358,P,0.249659,0.249589,0.249589,0.248735,0.0853908,0.0811437,0.137909,0.109526,0.0283827
4,0.486842,70.9866,101.225,-0.354849,P,0.249322,0.250841,0.250841,0.248435,0.240605,0.0878693,0.147466,0.117668,0.0297984
4,0.486842,71.1649,101.225,-0.352341,P,0.248986,0.250039,0.250039,0.248135,0.190467,0.0896981,0.150176,0.119937,0.0302388
4,0.486842,71.3437,101.225,-0.349833,P,0.24865,0.24874,0.24874,0.247835,0.0904894,0.0902867,0.151167,0.120727,0.0304401
4,0.486842,71.5228,101.225,-0.347324,P,0.248316,0.246409,0.246409,0.247535,0.112597,0.088238,0.148502,0.11837,0.0301317
4,0.486842,71.7025,101.225,-0.344816,P,0.247983,0.245953,0.245953,0.247236,0.128316,0.0910049,0.152521,0.121763,0.0307581
4,0.486842,71.8826,101.225,-0.342308,P,0.24765,0.247927,0.247927,0.246937,0.0989529,0.100506,0.165779,0.133142,0.0326368
4,0.486842,72.0631,101.225,-0.339799,P,0.247318,0.245937,0.245937,0.246638,0.0701085,0.0992839,0.1643,0.131792,0.0325078
4,0.486842,72.2441,101.225,-0.337291,P,0.246987,0.247326,0.247326,0.24634,0.0986212,0.107744,0.176025,0.141884,0.0341402
4,0.486842,72.4255,101.225,-0.334783,P,0.246657,0.248635,0.248635,0.246042,0.25937,0.116499,0.188037,0.152268,0.035769
4,0.486842,72.6074,101.225,-0.332274,P,0.246328,0.244399,0.244399,0.245744,0.134467,0.108368,0.177279,0.142824,0.0344555
4,0.486842,72.7898,101.225,-0.329766,P,0.245999,0.245677,0.245677,0.245446,0.0230988,0.117159,0.189349,0.153254,0.0360947
4,0.486842,72.9726,101.225,-0.327258,P,0.245672,0.244641,0.244641,0.245149,0.0507397,0.118917,0.191925,0.155421,0.0365036
4,0.486842,73.1558,101.225,-0.324749,P,0.245345,0.244069,0.244069,0.244851,0.0782386,0.12223,0.196579,0.159405,0.0371746
4,0.486842,73.3396,101.225,-0.322241,P,0.245019,0.244706,0.244706,0.244554,0.0151984,0.129741,0.206804,0.168273,0.0385317
4,0.486842,73.5238,101.225,-0.319732,P,0.244694,0.246749,0.246749,0.244258,0.249161,0.142697,0.224118,0.183408,0.0407105
4,0.486842,73.7084,101.225,-0.317224,P,0.24437,0.24212,0.24212,0.243961,0.18415,0.131943,0.210195,0.171069,0.039126
4,0.486842,73.8935,101.225,-0.314716,P,0.244047,0.246191,0.246191,0.243665,0.252569,0.152886,0.237912,0.195399,0.0425132
4,0.486842,74.0791,101.225,-0.312207,P,0.243725,0.241702,0.241702,0.24337,0.166774,0.14212,0.224105,0.183113,0.0409925
4,0.486842,74.2652,101.225,-0.309699,P,0.243403,0.244019,0.244019,0.243074,0.0944954,0.157288,0.244146,0.200717,0.043429
4,0.486842,74.4517,101.225,-0.307191,P,0.243082,0.241651,0.241651,0.242779,0.112767,0.154463,0.240745,0.197604,0.043141
4,0.486842,74.6387,101.225,-0.304682,P,0.242763,0.24193,0.24193,0.242484,0.0554236,0.16222,0.251068,0.206644,0.0444238
4,0.486842,74.8261,101.225,-0.302174,P,0.242444,0.243032,0.243032,0.242189,0.0843086,0.173803,0.266251,0.220027,0.0462239
4,0.486842,75.0141,101.225,-0.299666,P,0.242125,0.240386,0.240386,0.241895,0.150936,0.169675,0.261238,0.215457,0.0457812
4,0.486842,75.2025,101.225,-0.297157,P,0.241808,0.242385,0.242385,0.241601,0.0783977,0.185764,0.282102,0.233933,0.0481689
4,0.486842,75.3913,101.225,-0.294649,P,0.241492,0.240651,0.240651,0.241307,0.0656392,0.185596,0.282188,0.233892,0.048296
4,0.486842,75.5807,101.225,-0.29214,P,0.241176,0.241958,0.241958,0.241014,0.0944214,0.199549,0.300173,0.249861,0.0503119
4,0.486842,75.7705,101.225,-0.289632,P,0.240861,0.23721,0.23721,0.240721,0.351082,0.185395,0.282545,0.23397,0.0485749
4,0.486842,75.9608,101.225,-0.287124,P,0.240548,0.239348,0.239348,0.240428,0.108004,0.203519,0.305813,0.254666,0.0511468
4,0.486842,76.1516,101.225,-0.284615,P,0.240235,0.23773,0.23773,0.240135,0.240525,0.204034,0.306787,0.25541,0.0513765
4,0.486842,76.3428,101.225,-0.282107,P,0.239922,0.241063,0.241063,0.239843,0.121961,0.229768,0.339303,0.284535,0.0547675
4,0.486842,76.5346,101.225,-0.279599,P,0.239611,0.240551,0.240551,0.239551,0.099931,0.2364,0.347874,0.292137,0.0557372
4,0.486842,76.7268,101.225,-0.27709,P,0.239301,0.239425,0.239425,0.23926,0.0164857,0.239863,0.352514,0.296189,0.0563253
4,0.486842,76.9195,101.225,-0.274582,P,0.238991,0.240425,0.240425,0.238969,0.145664,0.255327,0.371929,0.313628,0.058301
4,0.486842,77.1127,101.225,-0.272074,P,0.238682,0.237623,0.237623,0.238678,0.105475,0.249556,0.365203,0.30738,0.0578233
4,0.486842,77.3063,101.225,-0.269565,P,0.238374,0.237386,0.237386,0.238387,0.10012,0.258409,0.37646,0.317434,0.0590252
4,0.486842,77.5005,101.225,-0.267057,P,0.238067,0.237145,0.237145,0.238097,0.0952186,0.267525,0.388006,0.327766,0.0602406
4,0.486842,77.6951,101.225,-0.264548,P,0.237761,0.237088,0.237088,0.237808,0.0720046,0.278054,0.401241,0.339648,0.0615936
4,0.486842,77.8903,101.225,-0.26204,P,0.237456,0.237465,0.237465,0.237518,0.00530624,0.291679,0.418184,0.354931,0.0632527
4,0.486842,78.0859,101.225,-0.259532,P,0.237151,0.235852,0.235852,0.237229,0.137757,0.293044,0.420249,0.356647,0.0636022
4,0.486842,78.282,101.225,-0.257023,P,0.236848,0.234397,0.234397,0.23694,0.254348,0.29546,0.42359,0.359525,0.0640649
4,0.486842,78.4786,101.225,-0.254515,P,0.236545,0.235859,0.235859,0.236652,0.0792895,0.317165,0.450171,0.383668,0.0665033
4,0.486842,78.6757,101.225,-0.252007,P,0.236243,0.236134,0.236134,0.236364,0.0229963,0.331725,0.468048,0.399886,0.0681612
4,0.486842,78.8733,101.225,-0.249498,P,0.235942,0.236292,0.236292,0.236077,0.0215531,0.345995,0.485508,0.415751,0.0697567
4,0.486842,79.0714,101.225,-0.24699,P,0.235642,0.234843,0.234843,0.235789,0.0946569,0.349122,0.489686,0.419404,0.0702816
4,0.486842,79.27,101.225,-0.244482,P,0.235342,0.237068,0.237068,0.235503,0.156534,0.379536,0.526145,0.45284,0.0733044
4,0.486842,79.4691,101.225,-0.241973,P,0.235044,0.234438,0.234438,0.235216,0.0778228,0.374138,0.520258,0.447198,0.07306
4,0.486842,79.6687,101.225,-0.239465,P,0.234746,0.229579,0.229579,0.23493,0.535122,0.352146,0.4947,0.423423,0.0712769
4,0.486842,79.8688,101.225,-0.236957,P,0.23445,0.231421,0.231421,0.234644,0.322381,0.380375,0.528595,0.454485,0.0741101
4,0.486842,80.0693,101.225,-0.234448,P,0.234154,0.231998,0.231998,0.234359,0.236102,0.400001,0.55217,0.476086,0.0760849
4,0.486842,80.2704,101.225,-0.23194,P,0.233859,0.232866,0.232867,0.234074,0.120781,0.422786,0.579329,0.501057,0.0782713
4,0.486842,80.472,101.225,-0.229431,P,0.233564,0.232099,0.232099,0.23379,0.169113,0.432714,0.591419,0.512066,0.0793525
4,0.486842,80.6741,101.225,-0.226923,P,0.233271,0.231784,0.231784,0.233506,0.172204,0.446768,0.608281,0.527524,0.0807566
4,0.486842,80.8768,101.225,-0.224415,P,0.232978,0.231937,0.231937,0.233222,0.128508,0.465349,0.630336,0.547843,0.0824937
4,0.486842,81.0799,101.225,-0.221906,P,0.232687,0.234438,0.234438,0.232939,0.149859,0.505949,0.677604,0.591776,0.0858274
4,0.486842,81.2835,101.225,-0.219398,P,0.232396,0.231179,0.231179,0.232656,0.147734,0.494616,0.665174,0.579895,0.0852791
4,0.486842,81.4877,101.225,-0.21689,P,0.232106,0.230799,0.230799,0.232374,0.157472,0.509887,0.683267,0.596577,0.0866902
4,0.486842,81.6923,101.225,-0.214381,P,0.231817,0.230687,0.230687,0.232092,0.140445,0.528165,0.704754,0.616459,0.088295
4,0.486842,81.8975,101.225,-0.211873,P,0.231529,0.224987,0.224987,0.23181,0.682385,0.493559,0.665729,0.579644,0.0860849
4,0.486842,82.1032,101.225,-0.209365,P,0.231241,0.229493,0.229493,0.231529,0.203639,0.556744,0.738509,0.647627,0.0908825
4,0.486842,82.3094,101.225,-0.206856,P,0.230955,0.230356,0.230356,0.231249,0.089248,0.586496,0.772843,0.67967,0.0931737
4,0.486842,82.5161,101.225,-0.204348,P,0.230669,0.231201,0.231201,0.230968,0.0232759,0.617187,0.80809,0.712638,0.0954512
4,0.486842,82.7233,101.225,-0.201839,P,0.230384,0.228964,0.228964,0.230689,0.17243,0.615934,0.807326,0.71163,0.0956962
4,0.486842,82.9311,101.225,-0.199331,P,0.2301,0.23531,0.23531,0.230409,0.490046,0.709275,0.912354,0.810814,0.101539
4,0.486842,83.1394,101.225,-0.196823,P,0.229817,0.227929,0.227929,0.230131,0.22014,0.650863,0.847862,0.749363,0.0984996
4,0.486842,83.3482,101.225,-0.194314,P,0.229535,0.228575,0.228575,0.229852,0.127772,0.682154,0.883508,0.782831,0.100677
4,0.486842,83.5575,101.225,-0.191806,P,0.229253,0.226375,0.226375,0.229574,0.319939,0.681812,0.883819,0.782816,0.101003
4,0.486842,83.7674,101.225,-0.189298,P,0.228973,0.22899,0.22899,0.229297,0.0307353,0.737629,0.946552,0.84209,0.104462
4,0.486842,83.9778,101.225,-0.186789,P,0.228693,0.229285,0.229285,0.22902,0.0265361,0.767749,0.98057,0.874159,0.10641
4,0.486842,84.1887,101.225,-0.184281,P,0.228414,0.227134,0.227134,0.228744,0.160943,0.768678,0.982319,0.875498,0.106821
4,0.486842,84.4001,101.225,-0.181773,P,0.228136,0.229474,0.229474,0.228468,0.100638,0.825743,1.04585,0.935795,0.110053
4,0.486842,84.6121,101.225,-0.179264,P,0.227859,0.227488,0.227488,0.228192,0.0703831,0.829309,1.0505,0.939907,0.110598
4,0.486842,84.8246,101.225,-0.176756,P,0.227583,0.224457,0.224457,0.227917,0.346065,0.819555,1.04056,0.930058,0.110503
4,0.486842,85.0376,101.225,-0.174247,P,0.227307,0.226147,0.226147,0.227643,0.149613,0.871184,1.09786,0.984523,0.113339
4,0.486842,85.2512,101.225,-0.171739,P,0.227033,0.225053,0.225053,0.227369,0.231533,0.887279,1.11621,1.00174,0.114464
4,0.486842,85.4653,101.225,-0.169231,P,0.226759,0.227033,0.227033,0.227095,0.00624547,0.945808,1.18067,1.06324,0.117429
4,0.486842,85.6799,101.225,-0.166722,P,0.226486,0.226128,0.226128,0.226822,0.0694829,0.965901,1.20325,1.08458,0.118674
4,0.486842,85.8951,101.225,-0.164214,P,0.226214,0.226082,0.226082,0.22655,0.0467569,0.99874,1.23959,1.11916,0.120423
4,0.486842,86.1109,101.225,-0.161706,P,0.225943,0.226681,0.226681,0.226278,0.0403072,1.04188,1.28694,1.16441,0.122531
4,0.486842,86.3271,101.225,-0.159197,P,0.225673,0.226485,0.226485,0.226007,0.0478831,1.07452,1.32288,1.1987,0.12418
4,0.486842,86.5439,101.225,-0.156689,P,0.225403,0.223158,0.223158,0.225736,0.257748,1.06105,1.30924,1.18515,0.124095
4,0.486842,86.7613,101.225,-0.154181,P,0.225135,0.225171,0.225171,0.225465,0.0294824,1.12826,1.3822,1.25523,0.126969
4,0.486842,86.9792,101.225,-0.151672,P,0.224867,0.224661,0.224661,0.225196,0.0534598,1.15845,1.41534,1.2869,0.128445
4,0.486842,87.1976,101.225,-0.149164,P,0.2246,0.223068,0.223068,0.224926,0.185849,1.17233,1.43103,1.30168,0.129349
4,0.486842,87.4166,101.225,-0.146656,P,0.224334,0.227543,0.227543,0.224658,0.288525,1.28428,1.55102,1.41765,0.13337
4,0.486842,87.6362,101.225,-0.144147,P,0.224069,0.225154,0.225154,0.22439,0.0764007,1.28679,1.55455,1.42067,0.133881
4,0.486842,87.8563,101.225,-0.141639,P,0.223804,0.225063,0.225063,0.224122,0.0940937,1.32766,1.59873,1.4632,0.135535
4,0.486842,88.0769,101.225,-0.13913,P,0.223541,0.224416,0.224416,0.223855,0.0561388,1.36017,1.63399,1.49708,0.136912
4,0.486842,88.2982,101.225,-0.136622,P,0.223278,0.224672,0.224672,0.223589,0.108364,1.40901,1.68642,1.54771,0.138707
4,0.486842,88.5199,101.225,-0.134114,P,0.223016,0.224333,0.224333,0.223323,0.101012,1.44872,1.72913,1.58893,0.14021
4,0.486842,88.7422,101.225,-0.131605,P,0.222755,0.220985,0.220985,0.223057,0.207272,1.43625,1.71693,1.57659,0.14034
4,0.486842,88.9651,101.225,-0.129097,P,0.222495,0.222366,0.222366,0.222793,0.0427207,1.50795,1.79318,1.65057,0.142617
4,0.486842,89.1885,101.225,-0.126589,P,0.222236,0.221703,0.221703,0.222529,0.0825708,1.54447,1.83239,1.68843,0.143959
4,0.486842,89.4125,101.225,-0.12408,P,0.221978,0.22187,0.22187,0.222265,0.0395529,1.59718,1.88847,1.74282,0.145644
4,0.486842,89.6371,101.225,-0.121572,P,0.22172,0.221037,0.221037,0.222002,0.0965303,1.63251,1.9263,1.7794,0.146894
4,0.486842,89.8622,101.225,-0.119064,P,0.221464,0.220411,0.220411,0.22174,0.132902,1.6726,1.96905,1.82082,0.148222
4,0.486842,90.0879,101.225,-0.116555,P,0.221208,0.224298,0.224298,0.221478,0.281965,1.8009,2.10341,1.95216,0.151255
4,0.486842,90.3142,101.225,-0.114047,P,0.220953,0.225368,0.225368,0.221217,0.415076,1.87752,2.18377,2.03065,0.153122
4,0.486842,90.541,101.225,-0.111538,P,0.220699,0.22275,0.22275,0.220957,0.179327,1.8823,2.18963,2.03597,0.153661
4,0.486842,90.7684,101.225,-0.10903,P,0.220446,0.220071,0.220071,0.220697,0.0625629,1.88613,2.19451,2.04032,0.15419
4,0.486842,90.9964,101.225,-0.106522,P,0.220193,0.219383,0.219383,0.220438,0.105439,1.93054,2.24137,2.08595,0.155414
4,0.486842,91.2249,101.225,-0.104013,P,0.219942,0.218926,0.218926,0.220179,0.125263,1.98074,2.29414,2.13744,0.1567
4,0.486842,91.454,101.225,-0.101505,P,0.219691,0.219122,0.219122,0.219921,0.0799285,2.0457,2.36204,2.20387,0.158172
4,0.486842,91.6837,101.225,-0.0989967,P,0.219441,0.222242,0.222242,0.219664,0.257828,2.17414,2.49509,2.33461,0.160471
4,0.486842,91.914,101.225,-0.0964883,P,0.219192,0.218477,0.218477,0.219407,0.092975,2.15816,2.47957,2.31886,0.160704
4,0.486842,92.1448,101.225,-0.0939799,P,0.218944,0.218631,0.218631,0.219151,0.0520411,2.22662,2.55075,2.38868,0.162063
4,0.486842,92.3762,101.225,-0.0914716,P,0.218697,0.218139,0.218139,0.218896,0.0756809,2.28256,2.60898,2.44577,0.163212
4,0.486842,92.6082,101.225,-0.0889632,P,0.21845,0.217362,0.217362,0.218641,0.127899,2.33347,2.662,2.49773,0.164263
4,0.486842,92.8408,101.225,-0.0864548,P,0.218205,0.217917,0.217917,0.218387,0.0470442,2.41529,2.74653,2.58091,0.16562
4,0.486842,93.074,101.225,-0.0839465,P,0.21796,0.218996,0.218996,0.218134,0.0862035,2.51083,2.84492,2.67787,0.167042
4,0.486842,93.3077,101.225,-0.0814381,P,0.217716,0.218142,0.218142,0.217881,0.0260462,2.56426,2.90022,2.73224,0.167982
4,0.486842,93.5421,101.225,-0.0789298,P,0.217473,0.218108,0.218108,0.217629,0.0478532,2.63783,2.97597,2.8069,0.169069
4,0.486842,93.777,101.225,-0.0764214,P,0.217231,0.218217,0.218217,0.217378,0.0839071,2.71634,3.05663,2.88649,0.170143
4,0.486842,94.0125,101.225,-0.073913,P,0.21699,0.215774,0.215774,0.217127,0.135353,2.73642,3.07783,2.90713,0.170704
4,0.486842,94.2487,101.225,-0.0714047,P,0.216749,0.217548,0.217548,0.216878,0.067037,2.85731,3.20132,3.02931,0.172006
4,0.486842,94.4854,101.225,-0.0688963,P,0.21651,0.215896,0.215896,0.216628,0.0732117,2.89846,3.2438,3.07113,0.17267
4,0.486842,94.7227,101.225,-0.066388,P,0.216271,0.21608,0.21608,0.21638,0.0300453,2.98501,3.33221,3.15861,0.173602
4,0.486842,94.9606,101.225,-0.0638796,P,0.216033,0.216268,0.216268,0.216132,0.0135335,3.07347,3.42244,3.24796,0.174486
4,0.486842,95.1991,101.225,-0.0613712,P,0.215796,0.214666,0.214666,0.215885,0.12192,3.11967,3.46984,3.29475,0.175084
4,0.486842,95.4381,101.225,-0.0588629,P,0.21556,0.215038,0.215038,0.215639,0.0600508,3.21598,3.56779,3.39188,0.175906
4,0.486842,95.6778,101.225,-0.0563545,P,0.215325,0.215878,0.215878,0.215393,0.0484875,3.32591,3.67936,3.50264,0.176725
4,0.486842,95.9181,101.225,-0.0538462,P,0.21509,0.213947,0.213947,0.215149,0.120119,3.36807,3.72246,3.54527,0.177196
4,0.486842,96.159,101.225,-0.0513378,P,0.214857,0.213466,0.213466,0.214905,0.143867,3.44813,3.80371,3.62592,0.177788
4,0.486842,96.4005,101.225,-0.0488294,P,0.214624,0.217007,0.217007,0.214661,0.234576,3.63284,3.99019,3.81151,0.178674
4,0.486842,96.6427,101.225,-0.0463211,P,0.214392,0.214178,0.214178,0.214419,0.0240789,3.65639,4.01434,3.83536,0.178974
4,0.486842,96.8854,101.225,-0.0438127,P,0.214161,0.214222,0.214222,0.214177,0.00453924,3.75541,4.11433,3.93487,0.179459
4,0.486842,97.1287,101.225,-0.0413043,P,0.213931,0.211664,0.211664,0.213936,0.227247,3.78837,4.14784,3.96811,0.179734
4,0.486842,97.3726,101.225,-0.038796,P,0.213701,0.212762,0.212762,0.213696,0.0933349,3.91844,4.27882,4.09863,0.180191
4,0.486842,97.6172,101.225,-0.0362876,P,0.213473,0.213813,0.213813,0.213456,0.0356377,4.04949,4.41064,4.23006,0.180574
4,0.486842,97.8624,101.225,-0.0337793,P,0.213245,0.213976,0.213976,0.213218,0.0758572,4.15922,4.52093,4.34007,0.180856
4,0.486842,98.1081,101.225,-0.0312709,P,0.213019,0.21539,0.21539,0.21298,0.241052,4.30432,4.66656,4.48544,0.181123
4,0.486842,98.3545,101.225,-0.0287625,P,0.212793,0.212421,0.212421,0.212743,0.0321414,4.33412,4.69653,4.51532,0.181203
4,0.486842,98.6016,101.225,-0.0262542,P,0.212568,0.208681,0.208681,0.212506,0.382508,4.34441,4.70689,4.52565,0.181239
4,0.486842,98.8492,101.225,-0.0237458,P,0.212343,0.212179,0.212179,0.212271,0.00923648,4.55162,4.91439,4.73301,0.181388
4,0.486842,99.0975,101.225,-0.0212375,P,0.21212,0.212792,0.212792,0.212036,0.0755556,4.68327,5.04609,4.86468,0.181411
4,0.486842,99.3463,101.225,-0.0187291,P,0.211898,0.21085,0.21085,0.211802,0.0952093,4.74737,5.11007,4.92872,0.18135
4,0.486842,99.5959,101.225,-0.0162207,P,0.211676,0.211456,0.211456,0.211569,0.0113572,4.88282,5.24534,5.06408,0.181263
4,0.486842,99.846,101.225,-0.0137124,P,0.211455,0.212373,0.212373,0.211337,0.10362,5.02897,5.39121,5.21009,0.181118
4,0.486842,100.097,101.225,-0.011204,P,0.211235,0.211193,0.211193,0.211106,0.00871524,5.11955,5.48138,5.30047,0.180913
4,0.486842,100.348,101.225,-0.00869565,P,0.211016,0.214433,0.214433,0.210875,0.355791,5.334,5.6953,5.51465,0.180651
4,0.486842,100.6,101.225,-0.00618729,P,0.210798,0.211678,0.211678,0.210646,0.103279,5.38511,5.7458,5.56546,0.180344
4,0.486842,100.853,101.225,-0.00367893,P,0.21058,0.210064,0.210064,0.210417,0.0352908,5.46957,5.82954,5.64956,0.179985
4,0.486842,101.106,101.225,-0.00117057,P,0.210364,0.210253,0.210253,0.210189,0.00642496,5.60602,5.96515,5.78558,0.179565
4,0.486842,101.36,101.225,0.00133779,C,0.210148,0.211943,0.211943,0.209962,0.198146,5.65165,6.01131,5.83148,0.179827
4,0.486842,101.615,101.225,0.00384615,C,0.209933,0.207778,0.207778,0.209736,0.195745,5.41838,5.7798,5.59909,0.180714
4,0.486842,101.87,101.225,0.00635452,C,0.209719,0.209028,0.209028,0.20951,0.0482167,5.3371,5.70014,5.51862,0.181524
4,0.486842,102.126,101.225,0.00886288,C,0.209506,0.210934,0.210934,0.209286,0.164786,5.27558,5.64015,5.45787,0.182284
4,0.486842,102.382,101.225,0.0113712,C,0.209294,0.210372,0.210372,0.209062,0.130986,5.14689,5.51289,5.32989,0.182997
4,0.486842,102.639,101.225,0.0138796,C,0.209083,0.210035,0.210035,0.208839,0.119607,5.02595,5.39326,5.20961,0.183654
4,0.486842,102.897,101.225,0.016388,C,0.208872,0.210188,0.210188,0.208618,0.157011,4.92011,5.28862,5.10437,0.184259
4,0.486842,103.156,101.225,0.0188963,C,0.208662,0.208412,0.208412,0.208397,0.00149127,4.76218,5.13176,4.94697,0.184789
4,0.486842,103.415,101.225,0.0214047,C,0.208454,0.205434,0.205434,0.208177,0.274288,4.57255,4.94301,4.75778,0.185231
4,0.486842,103.674,101.225,0.023913,C,0.208246,0.207358,0.207358,0.207958,0.0599317,4.52046,4.89183,4.70615,0.185684
4,0.486842,103.935,101.225,0.0264214,C,0.208039,0.206964,0.206964,0.207739,0.0775466,4.40562,4.7777,4.59166,0.186041
4,0.486842,104.196,101.225,0.0289298,C,0.207832,0.208698,0.208698,0.207522,0.117579,4.35106,4.72386,4.53746,0.186401
4,0.486842,104.457,101.225,0.0314381,C,0.207627,0.207702,0.207702,0.207306,0.0396276,4.22268,4.59592,4.4093,0.186623
4,0.486842,104.72,101.225,0.0339465,C,0.207422,0.21114,0.21114,0.207091,0.404961,4.21762,4.59155,4.40459,0.186967
4,0.486842,104.983,101.225,0.0364548,C,0.207219,0.205693,0.205693,0.206876,0.118286,3.97052,4.34421,4.15736,0.186846
4,0.486842,105.246,101.225,0.0389632,C,0.207016,0.207276,0.207276,0.206663,0.0612738,3.91745,4.29146,4.10446,0.187004
4,0.486842,105.511,101.225,0.0414716,C,0.206814,0.209277,0.209277,0.20645,0.2827,3.877,4.25131,4.06416,0.187157
4,0.486842,105.776,101.225,0.0439799,C,0.206612,0.207491,0.207491,0.206239,0.125239,3.73524,4.10922,3.92223,0.186993
4,0.486842,106.041,101.225,0.0464883,C,0.206412,0.208242,0.208242,0.206028,0.221387,3.66367,4.03759,3.85063,0.186958
4,0.486842,106.308,101.225,0.0489967,C,0.206213,0.205924,0.205924,0.205819,0.0105019,3.51128,3.88443,3.69786,0.186577
4,0.486842,106.575,101.225,0.051505,C,0.206014,0.208382,0.208382,0.20561,0.277218,3.4882,3.86142,3.67481,0.186613
4,0.486842,106.842,101.225,0.0540134,C,0.205816,0.205487,0.205487,0.205402,0.00843754,3.32419,3.69618,3.51019,0.185996
4,0.486842,107.111,101.225,0.0565217,C,0.20562,0.210298,0.210298,0.205196,0.510274,3.36546,3.73801,3.55174,0.186271
4,0.486842,107.38,101.225,0.0590301,C,0.205424,0.208586,0.208586,0.20499,0.359576,3.23589,3.60723,3.42156,0.185674
4,0.486842,107.649,101.225,0.0615385,C,0.205228,0.200938,0.200938,0.204785,0.384772,2.95467,3.32266,3.13866,0.183992
4,0.486842,107.92,101.225,0.0640468,C,0.205034,0.199069,0.199069,0.204582,0.551318,2.82673,3.19282,3.00978,0.183045
4,0.486842,108.191,101.225,0.0665552,C,0.204841,0.206325,0.206325,0.204379,0.194575,2.93351,3.30109,3.1173,0.183788
4,0.486842,108.463,101.225,0.0690635,C,0.204648,0.202841,0.202841,0.204178,0.133675,2.76707,3.13195,2.94951,0.182441
4,0.486842,108.735,101.225,0.0715719,C,0.204456,0.205915,0.205915,0.203977,0.193815,2.76841,3.13317,2.95079,0.182379
4,0.486842,109.008,101.225,0.0740803,C,0.204265,0.202634,0.202634,0.203778,0.11434,2.61152,2.97324,2.79238,0.180857
4,0.486842,109.282,101.225,0.0765886,C,0.204075,0.204979,0.204979,0.203579,0.140028,2.59648,2.95767,2.77707,0.180596
4,0.486842,109.556,101.225,0.079097,C,0.203886,0.204617,0.204617,0.203382,0.123573,2.51559,2.87485,2.69522,0.179628
4,0.486842,109.831,101.225,0.0816054,C,0.203698,0.202348,0.202348,0.203185,0.0836753,2.39015,2.74625,2.5682,0.17805
4,0.486842,110.107,101.225,0.0841137,C,0.20351,0.202519,0.202519,0.20299,0.0470331,2.32572,2.67989,2.5028,0.177082
4,0.486842,110.384,101.225,0.0866221,C,0.203324,0.204362,0.204362,0.202796,0.156688,2.30233,2.65553,2.47893,0.176602
4,0.486842,110.661,101.225,0.0891304,C,0.203138,0.200838,0.200838,0.202602,0.176482,2.15351,2.50214,2.32783,0.174316
4,0.486842,110.939,101.225,0.0916388,C,0.202953,0.205101,0.205101,0.20241,0.269071,2.18856,2.53782,2.36319,0.174632
4,0.486842,111.218,101.225,0.0941472,C,0.202769,0.203031,0.203031,0.202219,0.0811989,2.07735,2.42274,2.25005,0.172699
4,0.486842,111.497,101.225,0.0966555,C,0.202586,0.203892,0.203892,0.202029,0.186255,2.0352,2.37875,2.20697,0.171776
4,0.486842,111.777,101.225,0.0991639,C,0.202403,0.20071,0.20071,0.20184,0.113064,1.90347,2.24183,2.07265,0.169181
4,0.486842,112.058,101.225,0.101672,C,0.202222,0.199014,0.199014,0.201652,0.263797,1.80795,2.14203,1.97499,0.167043
4,0.486842,112.339,101.225,0.104181,C,0.202041,0.203135,0.203135,0.201466,0.166974,1.84098,2.17588,2.00843,0.167448
4,0.486842,112.621,101.225,0.106689,C,0.201861,0.203154,0.203154,0.20128,0.187427,1.78503,2.11708,1.95105,0.166026
4,0.486842,112.904,101.225,0.109197,C,0.201682,0.198833,0.198833,0.201096,0.226251,1.63859,1.96346,1.80103,0.162435
4,0.486842,113.188,101.225,0.111706,C,0.201504,0.200197,0.200197,0.200912,0.0715376,1.61437,1.93747,1.77592,0.16155
4,0.486842,113.472,101.225,0.114214,C,0.201327,0.205599,0.205599,0.20073,0.486885,1.67452,1.99997,1.83725,0.162727
4,0.486842,113.757,101.225,0.116722,C,0.20115,0.202159,0.202159,0.200549,0.161039,1.55214,1.87088,1.71151,0.159371
4,0.486842,114.043,101.225,0.119231,C,0.200975,0.200598,0.200598,0.200369,0.0229405,1.47124,1.78495,1.62809,0.156857
4,0.486842,114.329,101.225,0.121739,C,0.2008,0.199189,0.199189,0.20019,0.100132,1.39566,1.70432,1.54999,0.154326
4,0.486842,114.616,101.225,0.124247,C,0.200626,0.201642,0.201642,0.200013,0.162947,1.3966,1.70468,1.55064,0.154041
4,0.486842,114.904,101.225,0.126756,C,0.200453,0.203731,0.203731,0.199836,0.3895,1.39071,1.69782,1.54426,0.153554
4,0.486842,115.193,101.225,0.129264,C,0.200281,0.200659,0.200659,0.199661,0.0998596,1.2875,1.5873,1.4374,0.149896
4,0.486842,115.482,101.225,0.131773,C,0.20011,0.198639,0.198639,0.199486,0.0847291,1.20729,1.50078,1.35403,0.146744
4,0.486842,115.772,101.225,0.134281,C,0.19994,0.197116,0.197116,0.199313,0.219788,1.13867,1.4263,1.28248,0.143814
4,0.486842,116.063,101.225,0.136789,C,0.19977,0.197685,0.197685,0.199142,0.145691,1.10868,1.39325,1.25097,0.142285
4,0.486842,116.354,101.225,0.139298,C,0.199601,0.198074,0.198074,0.198971,0.0896712,1.07638,1.35763,1.21701,0.140621
4,0.486842,116.646,101.225,0.141806,C,0.199434,0.19983,0.19983,0.198801,0.102828,1.06809,1.34798,1.20804,0.139941
4,0.486842,116.939,101.225,0.144314,C,0.199267,0.197624,0.197624,0.198633,0.100925,0.993986,1.26668,1.13033,0.136346
4,0.486842,117.233,101.225,0.146823,C,0.1991,0.2008,0.2008,0.198466,0.23341,1.01007,1.28356,1.14682,0.136749
4,0.486842,117.527,101.225,0.149331,C,0.198935,0.197428,0.197428,0.1983,0.0872549,0.920398,1.18474,1.05257,0.132173
4,0.486842,117.823,101.225,0.151839,C,0.198771,0.199722,0.199722,0.198136,0.15869,0.922576,1.18648,1.05453,0.131952
4,0.486842,118.119,101.225,0.154348,C,0.198607,0.197604,0.197604,0.197972,0.0367731,0.856763,1.11323,0.984998,0.128235
4,0.486842,118.415,101.225,0.156856,C,0.198444,0.195245,0.195245,0.19781,0.25651,0.790232,1.03866,0.914446,0.124214
4,0.486842,118.713,101.225,0.159365,C,0.198282,0.198871,0.198871,0.197649,0.122177,0.812737,1.06308,0.937906,0.125169
4,0.486842,119.011,101.225,0.161873,C,0.198121,0.19825,0.19825,0.197489,0.0761076,0.773575,1.01875,0.896164,0.122589
4,0.486842,119.31,101.225,0.164381,C,0.197961,0.199069,0.199069,0.19733,0.173837,0.755919,0.998354,0.877137,0.121217
4,0.486842,119.609,101.225,0.16689,C,0.197802,0.20033,0.20033,0.197173,0.315675,0.74487,0.985335,0.865103,0.120232
4,0.486842,119.91,101.225,0.169398,C,0.197644,0.195926,0.195926,0.197017,0.109096,0.658019,0.886628,0.772323,0.114304
4,0.486842,120.211,101.225,0.171906,C,0.197486,0.199744,0.199744,0.196862,0.288128,0.681907,0.913109,0.797508,0.115601
4,0.486842,120.513,101.225,0.174415,C,0.197329,0.195873,0.195873,0.196709,0.0836024,0.606578,0.826673,0.716626,0.110048
4,0.486842,120.815,101.225,0.176923,C,0.197173,0.198755,0.198755,0.196556,0.219814,0.618021,0.839171,0.728596,0.110575
4,0.486842,121.119,101.225,0.179431,C,0.197018,0.199848,0.199848,0.196405,0.344279,0.607238,0.826226,0.716732,0.109494
4,0.486842,121.423,101.225,0.18194,C,0.196864,0.195299,0.195299,0.196256,0.0956784,0.529901,0.736333,0.633117,0.103216
4,0.486842,121.728,101.225,0.184448,C,0.196711,0.195822,0.195822,0.196107,0.0285299,0.514141,0.71738,0.615761,0.10162
4,0.486842,122.034,101.225,0.186957,C,0.196558,0.196188,0.196188,0.19596,0.0227824,0.497112,0.696886,0.596999,0.0998873
4,0.486842,122.34,101.225,0.189465,C,0.196407,0.196315,0.196315,0.195814,0.0501216,0.47804,0.67392,0.57598,0.0979403
4,0.486842,122.648,101.225,0.191973,C,0.196256,0.194408,0.194408,0.19567,0.12611,0.438516,0.626612,0.532564,0.0940481
4,0.486842,122.956,101.225,0.194482,C,0.196106,0.193571,0.193571,0.195526,0.195494,0.411667,0.594026,0.502847,0.0911798
4,0.486842,123.264,101.225,0.19699,C,0.195957,0.194702,0.194702,0.195384,0.0682006,0.404922,0.585399,0.495161,0.0902388
4,0.486842,123.574,101.225,0.199498,C,0.195809,0.194248,0.194248,0.195244,0.0995503,0.383315,0.558855,0.471085,0.0877703
4,0.486842,123.884,101.225,0.202007,C,0.195661,0.194837,0.194837,0.195104,0.0267015,0.37213,0.544801,0.458465,0.0863352
4,0.486842,124.195,101.225,0.204515,C,0.195515,0.196304,0.196304,0.194966,0.133741,0.369221,0.540763,0.454992,0.0857709
4,0.486842,124.507,101.225,0.207023,C,0.195369,0.190015,0.190015,0.194829,0.481414,0.300048,0.455274,0.377661,0.0776132
4,0.486842,124.82,101.225,0.209532,C,0.195224,0.195554,0.195554,0.194694,0.0859828,0.331567,0.493785,0.412676,0.0811088
4,0.486842,125.134,101.225,0.21204,C,0.19508,0.195751,0.195751,0.19456,0.119063,0.318612,0.477336,0.397974,0.0793622
4,0.486842,125.448,101.225,0.214548,C,0.194937,0.198487,0.198487,0.194427,0.405957,0.3269,0.487094,0.406997,0.0800967
4,0.486842,125.763,101.225,0.217057,C,0.194795,0.194526,0.194526,0.194296,0.0230304,0.281549,0.430256,0.355903,0.0743534
4,0.486842,126.079,101.225,0.219565,C,0.194654,0.193089,0.193089,0.194166,0.107625,0.258302,0.400463,0.329383,0.0710808
4,0.486842,126.395,101.225,0.222074,C,0.194513,0.194095,0.194095,0.194037,0.00579144,0.253486,0.393906,0.323696,0.07021
4,0.486842,126.713,101.225,0.224582,C,0.194373,0.195132,0.195132,0.19391,0.122214,0.249018,0.387787,0.318402,0.0693845
4,0.486842,127.031,101.225,0.22709,C,0.194235,0.194464,0.194464,0.193784,0.0680096,0.233079,0.366952,0.300016,0.0669364
4,0.486842,127.35,101.225,0.229599,C,0.194097,0.191398,0.191398,0.193659,0.226094,0.202882,0.32733,0.265106,0.0622239
4,0.486842,127.67,101.225,0.232107,C,0.19396,0.19471,0.19471,0.193536,0.117401,0.213387,0.340664,0.277026,0.0636382
4,0.486842,127.991,101.225,0.234615,C,0.193823,0.193161,0.193161,0.193414,0.0252992,0.194061,0.314952,0.254506,0.0604457
4,0.486842,128.312,101.225,0.237124,C,0.193688,0.194461,0.194461,0.193294,0.116749,0.192275,0.312221,0.252248,0.0599728
4,0.486842,128.634,101.225,0.239632,C,0.193553,0.193634,0.193634,0.193174,0.0459438,0.178459,0.293515,0.235987,0.057528
4,0.486842,128.957,101.225,0.24214,C,0.19342,0.196724,0.196724,0.193057,0.366681,0.186913,0.304401,0.245657,0.058744
4,0.486842,129.281,101.225,0.244649,C,0.193287,0.193349,0.193349,0.19294,0.0408815,0.160086,0.268113,0.2141,0.0540133
4,0.486842,129.606,101.225,0.247157,C,0.193155,0.193871,0.193871,0.192826,0.104586,0.15483,0.260638,0.207734,0.0529043
4,0.486842,129.931,101.225,0.249666,C,0.193024,0.192421,0.192421,0.192712,0.0290934,0.140293,0.240384,0.190339,0.0500452
4,0.486842,130.258,101.225,0.252174,C,0.192893,0.193875,0.193875,0.1926,0.127523,0.139936,0.239575,0.189755,0.0498194
4,0.486842,130.585,101.225,0.254682,C,0.192764,0.194238,0.194238,0.192489,0.174897,0.134598,0.231874,0.183236,0.0486377
4,0.486842,130.913,101.225,0.257191,C,0.192635,0.193567,0.193567,0.19238,0.118662,0.124961,0.218118,0.171539,0.0465782
4,0.486842,131.242,101.225,0.259699,C,0.192508,0.194524,0.194524,0.192272,0.225184,0.122637,0.21456,0.168598,0.0459613
4,0.486842,131.571,101.225,0.262207,C,0.192381,0.192343,0.192343,0.192166,0.0176988,0.107793,0.193181,0.150487,0.042694
4,0.486842,131.902,101.225,0.264716,C,0.192255,0.190696,0.190696,0.192061,0.136492,0.0962027,0.176129,0.136166,0.0399629
4,0.486842,132.233,101.225,0.267224,C,0.19213,0.190785,0.190785,0.191957,0.117223,0.091419,0.168854,0.130137,0.0387177
4,0.486842,132.565,101.225,0.269732,C,0.192005,0.194239,0.194239,0.191855,0.238409,0.0984517,0.178894,0.138673,0.0402214
4,0.486842,132.898,101.225,0.272241,C,0.191882,0.195728,0.195728,0.191754,0.397439,0.0985695,0.178815,0.138692,0.0401229
4,0.486842,133.232,101.225,0.274749,C,0.191759,0.190694,0.190694,0.191655,0.0960831,0.0772353,0.146978,0.112107,0.0348715
4,0.486842,133.566,101.225,0.277258,C,0.191638,0.190382,0.190382,0.191557,0.117515,0.0721442,0.139017,0.10558,0.0334363
4,0.486842,133.902,101.225,0.279766,C,0.191517,0.190482,0.190482,0.191461,0.0978907,0.0684716,0.133166,0.100819,0.032347
4,0.486842,134.238,101.225,0.282274,C,0.191397,0.193425,0.193425,0.191366,0.205894,0.0728103,0.139602,0.106206,0.0333957
4,0.486842,134.575,101.225,0.284783,C,0.191277,0.189346,0.189346,0.191272,0.192653,0.0582923,0.116872,0.0875822,0.0292899
4,0.486842,134.913,101.225,0.287291,C,0.191159,0.190428,0.190428,0.19118,0.075266,0.0575887,0.115566,0.0865772,0.0289885
4,0.486842,135.252,101.225,0.289799,C,0.191042,0.190936,0.190936,0.19109,0.0153884,0.0555448,0.112131,0.083838,0.0282931
4,0.486842,135.592,101.225,0.292308,C,0.190925,0.18713,0.18713,0.191001,0.387016,0.0443572,0.093794,0.0690756,0.0247184
4,0.486842,135.932,101.225,0.294816,C,0.190809,0.190217,0.190217,0.190913,0.0695547,0.0479431,0.0995209,0.073732,0.0257889
4,0.486842,136.274,101.225,0.297324,C,0.190694,0.188901,0.188901,0.190827,0.192606,0.0426165,0.0905732,0.0665948,0.0239784
4,0.486842,136.616,101.225,0.299833,C,0.19058,0.189849,0.189849,0.190742,0.0893104,0.0419013,0.0892217,0.0655615,0.0236602
4,0.486842,136.959,101.225,0.302341,C,0.190467,0.193302,0.193302,0.190659,0.264256,0.0460444,0.0959195,0.0709819,0.0249375
4,0.486842,137.303,101.225,0.304849,C,0.190355,0.192578,0.192578,0.190577,0.200104,0.0420676,0.0891903,0.0656289,0.0235613
4,0.486842,137.648,101.225,0.307358,C,0.190243,0.18281,0.18281,0.190497,0.768666,0.024735,0.0588648,0.0417999,0.0170649
4,0.486842,137.994,101.225,0.309866,C,0.190133,0.19135,0.19135,0.190418,0.0931633,0.0353158,0.0774877,0.0564018,0.0210859
4,0.486842,138.34,101.225,0.312375,C,0.190023,0.187105,0.187105,0.190341,0.323652,0.0270647,0.0628592,0.044962,0.0178972
4,0.486842,138.688,101.225,0.314883,C,0.189914,0.189041,0.189041,0.190265,0.122478,0.0279777,0.0643765,0.0461771,0.0181994
4,0.486842,139.036,101.225,0.317391,C,0.189806,0.189287,0.189287,0.190191,0.0904313,0.026606,0.0617914,0.0441987,0.0175927
4,0.486842,139.385,101.225,0.3199,C,0.189699,0.188167,0.188167,0.190118,0.195121,0.0236117,0.0562148,0.0399132,0.0163015
4,0.486842,139.735,101.225,0.322408,C,0.189592,0.189161,0.189161,0.190047,0.0886652,0.0233099,0.0555483,0.0394291,0.0161192
4,0.486842,140.086,101.225,0.324916,C,0.189487,0.191739,0.191739,0.189977,0.176114,0.024924,0.0584006,0.0416623,0.0167383
4,0.486842,140.438,101.225,0.327425,C,0.189382,0.191011,0.191011,0.189909,0.110135,0.0225708,0.0539684,0.0382696,0.0156988
4,0.486842,140.791,101.225,0.329933,C,0.189278,0.191598,0.191598,0.189843,0.175527,0.0218364,0.0525005,0.0371684,0.015332
4,0.486842,141.144,101.225,0.332441,C,0.189175,0.186204,0.186204,0.189777,0.357283,0.0153499,0.0399158,0.0276328,0.0122829
4,0.486842,141.499,101.225,0.33495,C,0.189073,0.189298,0.189298,0.189714,0.0415788,0.0170262,0.0431393,0.0300828,0.0130566
4,0.486842,141.854,101.225,0.337458,C,0.188972,0.188145,0.188145,0.189651,0.150612,0.0149686,0.0389863,0.0269774,0.0120088
4,0.486842,142.21,101.225,0.339967,C,0.188872,0.190333,0.190333,0.189591,0.0741802,0.0158065,0.0405715,0.028189,0.0123825
4,0.486842,142.568,101.225,0.342475,C,0.188772,0.189661,0.189661,0.189532,0.0129541,0.0142651,0.0374133,0.0258392,0.0115741
4,0.486842,142.926,101.225,0.344983,C,0.188673,0.186754,0.186754,0.189474,0.272005,0.0112971,0.0312199,0.0212585,0.00996141
4,0.486842,143.285,101.225,0.347492,C,0.188575,0.190623,0.190623,0.189418,0.120519,0.0131881,0.0350763,0.0241322,0.0109441
4,0.486842,143.644,101.225,0.35,C,0.188479,0.182721,0.182721,0.189364,0.664261,0.00767152,0.023151,0.0154113,0.00773974
5,0.587719,68.0242,101.48,-0.4,P,0.249101,0.250032,0.250032,0.248153,0.18796,0.0772702,0.138193,0.107732,0.0304614
5,0.587719,68.195,101.48,-0.397492,P,0.248786,0.248312,0.248312,0.247876,0.043612,0.0764361,0.137137,0.106786,0.0303503
5,0.587719,68.3663,101.48,-0.394983,P,0.248471,0.249757,0.249757,0.2476,0.215712,0.0831182,0.146989,0.115054,0.0319356
5,0.587719,68.538,101.48,-0.392475,P,0.248156,0.250157,0.250157,0.247324,0.283304,0.087555,0.153531,0.120543,0.032988
5,0.587719,68.7101,101.48,-0.389967,P,0.247843,0.247153,0.247153,0.247048,0.0104364,0.0834646,0.147827,0.115646,0.0321811
5,0.587719,68.8827,101.48,-0.387458,P,0.24753,0.246847,0.246847,0.246773,0.00740005,0.0861524,0.151868,0.11901,0.0328577
5,0.587719,69.0557,101.48,-0.38495,P,0.247218,0.248128,0.248128,0.246497,0.163087,0.0931289,0.162009,0.127569,0.0344401
5,0.587719,69.2291,101.48,-0.382441,P,0.246907,0.247364,0.247364,0.246222,0.114136,0.0948344,0.164613,0.129724,0.0348892
5,0.587719,69.403,101.48,-0.379933,P,0.246597,0.245869,0.245869,0.245947,0.00779138,0.0945641,0.164416,0.12949,0.0349261
5,0.587719,69.5773,101.48,-0.377425,P,0.246287,0.247076,0.247076,0.245672,0.140377,0.101911,0.174975,0.138443,0.0365317
5,0.587719,69.752,101.48,-0.374916,P,0.245978,0.24381,0.24381,0.245398,0.158754,0.0966081,0.167694,0.132151,0.0355431
5,0.587719,69.9272,101.48,-0.372408,P,0.24567,0.243657,0.243657,0.245123,0.146684,0.100166,0.172914,0.13654,0.0363742
5,0.587719,70.1029,101.48,-0.3699,P,0.245362,0.241861,0.241861,0.244849,0.298854,0.0990424,0.171529,0.135286,0.0362435
5,0.587719,70.2789,101.48,-0.367391,P,0.245056,0.247747,0.247747,0.244575,0.317178,0.121612,0.203122,0.162367,0.040755
5,0.587719,70.4554,101.48,-0.364883,P,0.24475,0.242941,0.242941,0.244301,0.136067,0.110781,0.188386,0.149584,0.0388025
5,0.587719,70.6324,101.48,-0.362375,P,0.244444,0.243446,0.243446,0.244028,0.0582154,0.11695,0.197148,0.157049,0.0400987
5,0.587719,70.8098,101.48,-0.359866,P,0.24414,0.241068,0.241068,0.243755,0.268697,0.1139,0.19315,0.153525,0.0396248
5,0.587719,70.9876,101.48,-0.357358,P,0.243836,0.243499,0.243499,0.243481,0.00176632,0.126805,0.211127,0.168966,0.042161
5,0.587719,71.1659,101.48,-0.354849,P,0.243533,0.241861,0.241861,0.243209,0.134771,0.12616,0.210478,0.168319,0.0421594
5,0.587719,71.3446,101.48,-0.352341,P,0.243231,0.244191,0.244191,0.242936,0.125487,0.139739,0.229152,0.184445,0.0447063
5,0.587719,71.5238,101.48,-0.349833,P,0.24293,0.243863,0.243863,0.242664,0.119974,0.144038,0.235185,0.189612,0.0455734
5,0.587719,71.7034,101.48,-0.347324,P,0.242629,0.242426,0.242426,0.242391,0.0034909,0.144193,0.235645,0.189919,0.0457263
5,0.587719,71.8835,101.48,-0.344816,P,0.242329,0.24468,0.24468,0.242119,0.256041,0.158947,0.255596,0.207271,0.0483248
5,0.587719,72.0641,101.48,-0.342308,P,0.24203,0.243335,0.243335,0.241848,0.148708,0.159573,0.256694,0.208133,0.0485605
5,0.587719,72.2451,101.48,-0.339799,P,0.241731,0.239028,0.239028,0.241576,0.254798,0.148256,0.241877,0.195067,0.0468106
5,0.587719,72.4265,101.48,-0.337291,P,0.241434,0.242379,0.242379,0.241305,0.107369,0.168178,0.268617,0.218397,0.0502195
5,0.587719,72.6084,101.48,-0.334783,P,0.241137,0.243664,0.243664,0.241034,0.263043,0.180465,0.285017,0.232741,0.0522763
5,0.587719,72.7908,101.48,-0.332274,P,0.240841,0.240149,0.240149,0.240763,0.0613978,0.171631,0.273732,0.222681,0.0510504
5,0.587719,72.9736,101.48,-0.329766,P,0.240545,0.241222,0.241222,0.240493,0.0728959,0.183246,0.289235,0.236241,0.0529945
5,0.587719,73.1568,101.48,-0.327258,P,0.240251,0.240132,0.240132,0.240223,0.00905825,0.185282,0.29219,0.238736,0.0534538
5,0.587719,73.3406,101.48,-0.324749,P,0.239957,0.24169,0.24169,0.239953,0.1737,0.199998,0.311573,0.255786,0.0557875
5,0.587719,73.5248,101.48,-0.322241,P,0.239663,0.240041,0.240041,0.239683,0.0357669,0.199519,0.311272,0.255396,0.055876
5,0.587719,73.7094,101.48,-0.319732,P,0.239371,0.239341,0.239341,0.239414,0.00730465,0.203727,0.317017,0.260372,0.0566451
5,0.587719,73.8946,101.48,-0.317224,P,0.239079,0.237319,0.237319,0.239144,0.182579,0.201411,0.314357,0.257884,0.0564732
5,0.587719,74.0801,101.48,-0.314716,P,0.238788,0.242465,0.242465,0.238876,0.358975,0.236495,0.359485,0.29799,0.0614949
5,0.587719,74.2662,101.48,-0.312207,P,0.238498,0.236681,0.236681,0.238607,0.19259,0.214048,0.33127,0.272659,0.0586109
5,0.587719,74.4527,101.48,-0.309699,P,0.238209,0.238289,0.238289,0.238339,0.00494192,0.231037,0.353271,0.292154,0.0611173
5,0.587719,74.6397,101.48,-0.307191,P,0.23792,0.239528,0.239528,0.238071,0.145794,0.246866,0.37363,0.310248,0.063382
5,0.587719,74.8272,101.48,-0.304682,P,0.237632,0.239682,0.239682,0.237803,0.187934,0.257065,0.386802,0.321934,0.0648686
5,0.587719,75.0151,101.48,-0.302174,P,0.237345,0.242013,0.242013,0.237535,0.447818,0.280944,0.416927,0.348935,0.0679917
5,0.587719,75.2035,101.48,-0.299666,P,0.237059,0.23451,0.23451,0.237268,0.275833,0.245692,0.373264,0.309478,0.0637857
5,0.587719,75.3924,101.48,-0.297157,P,0.236773,0.236961,0.236961,0.237001,0.00399548,0.269921,0.404007,0.336964,0.067043
5,0.587719,75.5817,101.48,-0.294649,P,0.236488,0.234635,0.234635,0.236734,0.209967,0.265645,0.399067,0.332356,0.066711
5,0.587719,75.7715,101.48,-0.29214,P,0.236204,0.235047,0.235047,0.236468,0.142143,0.27833,0.415264,0.346797,0.0684671
5,0.587719,75.9618,101.48,-0.289632,P,0.23592,0.23162,0.23162,0.236202,0.458227,0.267128,0.401722,0.334425,0.0672967
5,0.587719,76.1526,101.48,-0.287124,P,0.235638,0.238595,0.238595,0.235936,0.265821,0.323724,0.471964,0.397844,0.07412
5,0.587719,76.3439,101.48,-0.284615,P,0.235356,0.233599,0.233599,0.235671,0.207241,0.301075,0.444637,0.372856,0.0717813
5,0.587719,76.5356,101.48,-0.282107,P,0.235075,0.234257,0.234257,0.235406,0.114918,0.316907,0.464504,0.390705,0.0737984
5,0.587719,76.7278,101.48,-0.279599,P,0.234794,0.233743,0.233743,0.235141,0.139792,0.325051,0.474901,0.399976,0.0749247
5,0.587719,76.9205,101.48,-0.27709,P,0.234515,0.238907,0.238907,0.234877,0.403017,0.37558,0.536498,0.456039,0.080459
5,0.587719,77.1137,101.48,-0.274582,P,0.234236,0.235263,0.235263,0.234613,0.0650506,0.36093,0.51934,0.440135,0.0792051
5,0.587719,77.3074,101.48,-0.272074,P,0.233958,0.233236,0.233236,0.234349,0.111256,0.358557,0.51695,0.437753,0.0791965
5,0.587719,77.5016,101.48,-0.269565,P,0.23368,0.232696,0.232696,0.234085,0.138929,0.367533,0.528252,0.447893,0.0803593
5,0.587719,77.6962,101.48,-0.267057,P,0.233404,0.235989,0.235989,0.233822,0.216717,0.407453,0.576525,0.491989,0.0845356
5,0.587719,77.8913,101.48,-0.264548,P,0.233128,0.23025,0.23025,0.233559,0.33096,0.37535,0.538638,0.456994,0.0816442
5,0.587719,78.087,101.48,-0.26204,P,0.232852,0.233065,0.233065,0.233297,0.0231367,0.412256,0.583253,0.497755,0.0854984
5,0.587719,78.2831,101.48,-0.259532,P,0.232578,0.231096,0.231096,0.233035,0.193844,0.410486,0.581666,0.496076,0.0855902
5,0.587719,78.4797,101.48,-0.257023,P,0.232304,0.235525,0.235525,0.232773,0.275225,0.464083,0.64553,0.554807,0.0907238
5,0.587719,78.6768,101.48,-0.254515,P,0.232031,0.232764,0.232764,0.232511,0.0253071,0.455443,0.635918,0.545681,0.0902374
5,0.587719,78.8744,101.48,-0.252007,P,0.231759,0.228906,0.228906,0.23225,0.334391,0.437132,0.614872,0.526002,0.0888701
5,0.587719,79.0725,101.48,-0.249498,P,0.231488,0.232908,0.232908,0.231989,0.0918484,0.489601,0.677064,0.583333,0.0937317
5,0.587719,79.2711,101.48,-0.24699,P,0.231217,0.232928,0.232928,0.231729,0.119863,0.506972,0.697884,0.602428,0.0954559
5,0.587719,79.4702,101.48,-0.244482,P,0.230947,0.232,0.232,0.231469,0.0530627,0.515648,0.708551,0.612099,0.0964515
5,0.587719,79.6697,101.48,-0.241973,P,0.230678,0.233113,0.233113,0.231209,0.190383,0.544743,0.742845,0.643794,0.0990509
5,0.587719,79.8698,101.48,-0.239465,P,0.23041,0.229649,0.229649,0.23095,0.130109,0.528666,0.724845,0.626755,0.0980892
5,0.587719,80.0704,101.48,-0.236957,P,0.230142,0.229549,0.229549,0.230691,0.114155,0.546224,0.745767,0.645995,0.0997713
5,0.587719,80.2715,101.48,-0.234448,P,0.229875,0.229752,0.229752,0.230432,0.0680209,0.567418,0.770819,0.669118,0.101701
5,0.587719,80.4731,101.48,-0.23194,P,0.229609,0.231355,0.231355,0.230174,0.118111,0.604231,0.813675,0.708953,0.104722
5,0.587719,80.6752,101.48,-0.229431,P,0.229344,0.229025,0.229025,0.229916,0.0891857,0.599535,0.808945,0.70424,0.104705
5,0.587719,80.8779,101.48,-0.226923,P,0.229079,0.228249,0.228249,0.229659,0.140973,0.611725,0.823532,0.717629,0.105904
5,0.587719,81.081,101.48,-0.224415,P,0.228815,0.225731,0.225731,0.229402,0.367136,0.604985,0.816492,0.710738,0.105753
5,0.587719,81.2846,101.48,-0.221906,P,0.228552,0.227502,0.227502,0.229145,0.164278,0.646057,0.863975,0.755016,0.108959
5,0.587719,81.4888,101.48,-0.219398,P,0.22829,0.230434,0.230434,0.228889,0.15448,0.70257,0.928606,0.815588,0.113018
5,0.587719,81.6934,101.48,-0.21689,P,0.228028,0.233006,0.233006,0.228633,0.43729,0.757487,0.99098,0.874233,0.116746
5,0.587719,81.8986,101.48,-0.214381,P,0.227767,0.227788,0.227788,0.228378,0.0590167,0.717909,0.947276,0.832593,0.114684
5,0.587719,82.1043,101.48,-0.211873,P,0.227507,0.225681,0.225681,0.228123,0.244134,0.716267,0.946145,0.831206,0.114939
5,0.587719,82.3105,101.48,-0.209365,P,0.227248,0.222568,0.222568,0.227868,0.529981,0.702377,0.931232,0.816804,0.114427
5,0.587719,82.5172,101.48,-0.206856,P,0.226989,0.224716,0.224716,0.227614,0.289759,0.753418,0.989308,0.871363,0.117945
5,0.587719,82.7245,101.48,-0.204348,P,0.226731,0.230967,0.230967,0.22736,0.360681,0.860899,1.10967,0.985286,0.124387
5,0.587719,82.9322,101.48,-0.201839,P,0.226474,0.229996,0.229996,0.227107,0.288912,0.875477,1.12655,1.00101,0.125535
5,0.587719,83.1405,101.48,-0.199331,P,0.226218,0.22765,0.22765,0.226854,0.0796766,0.871569,1.12299,0.997282,0.125713
5,0.587719,83.3493,101.48,-0.196823,P,0.225962,0.225901,0.225901,0.226601,0.0699966,0.875836,1.12849,1.00216,0.126326
5,0.587719,83.5587,101.48,-0.194314,P,0.225707,0.227475,0.227475,0.226349,0.1126,0.926699,1.18533,1.05601,0.129314
5,0.587719,83.7685,101.48,-0.191806,P,0.225453,0.225306,0.225306,0.226097,0.079146,0.925584,1.1849,1.05524,0.129658
5,0.587719,83.9789,101.48,-0.189298,P,0.2252,0.227216,0.227216,0.225846,0.136971,0.98353,1.24925,1.11639,0.132859
5,0.587719,84.1898,101.48,-0.186789,P,0.224947,0.224542,0.224542,0.225595,0.105333,0.975405,1.24118,1.10829,0.132886
5,0.587719,84.4013,101.48,-0.184281,P,0.224695,0.222396,0.222396,0.225345,0.29492,0.975045,1.24162,1.10833,0.133286
5,0.587719,84.6132,101.48,-0.181773,P,0.224444,0.223444,0.223444,0.225095,0.165167,1.02265,1.29445,1.15855,0.1359
5,0.587719,84.8257,101.48,-0.179264,P,0.224194,0.22463,0.22463,0.224846,0.0215489,1.07393,1.35109,1.21251,0.138577
5,0.587719,85.0388,101.48,-0.176756,P,0.223944,0.224906,0.224906,0.224597,0.0309274,1.11242,1.39367,1.25304,0.140625
5,0.587719,85.2523,101.48,-0.174247,P,0.223695,0.222486,0.222486,0.224348,0.186196,1.1088,1.39062,1.24971,0.14091
5,0.587719,85.4665,101.48,-0.171739,P,0.223447,0.223606,0.223606,0.2241,0.0493993,1.16227,1.44928,1.30577,0.143506
5,0.587719,85.6811,101.48,-0.169231,P,0.2232,0.224731,0.224731,0.223853,0.0877876,1.21745,1.50958,1.36352,0.146067
5,0.587719,85.8963,101.48,-0.166722,P,0.222953,0.221652,0.221652,0.223606,0.195353,1.20352,1.4955,1.34951,0.14599
5,0.587719,86.112,101.48,-0.164214,P,0.222707,0.222135,0.222135,0.223359,0.122387,1.24957,1.54587,1.39772,0.148149
5,0.587719,86.3283,101.48,-0.161706,P,0.222462,0.224511,0.224511,0.223113,0.139809,1.32979,1.63262,1.4812,0.151414
5,0.587719,86.5451,101.48,-0.159197,P,0.222218,0.222663,0.222663,0.222868,0.0204793,1.33772,1.64199,1.48986,0.152138
5,0.587719,86.7625,101.48,-0.156689,P,0.221974,0.222924,0.222924,0.222622,0.0301503,1.38346,1.69167,1.53757,0.154103
5,0.587719,86.9804,101.48,-0.154181,P,0.221731,0.220157,0.220157,0.222378,0.222059,1.37557,1.6842,1.52989,0.154316
5,0.587719,87.1988,101.48,-0.151672,P,0.221489,0.218816,0.218816,0.222134,0.331766,1.39352,1.70425,1.54889,0.155365
5,0.587719,87.4178,101.48,-0.149164,P,0.221248,0.22238,0.22238,0.22189,0.0490395,1.50284,1.82116,1.662,0.159157
5,0.587719,87.6374,101.48,-0.146656,P,0.221007,0.220722,0.220722,0.221647,0.092526,1.51654,1.8366,1.67657,0.160027
5,0.587719,87.8575,101.48,-0.144147,P,0.220767,0.219563,0.219563,0.221404,0.18415,1.5401,1.86245,1.70128,0.161174
5,0.587719,88.0781,101.48,-0.141639,P,0.220528,0.21708,0.21708,0.221162,0.40818,1.5387,1.86195,1.70032,0.161622
5,0.587719,88.2993,101.48,-0.13913,P,0.22029,0.219969,0.219969,0.220921,0.0952049,1.6422,1.97196,1.80708,0.164879
5,0.587719,88.5211,101.48,-0.136622,P,0.220052,0.218918,0.218918,0.22068,0.176159,1.6701,2.00225,1.83617,0.166073
5,0.587719,88.7434,101.48,-0.134114,P,0.219816,0.221509,0.221509,0.220439,0.106982,1.77236,2.1104,1.94138,0.169019
5,0.587719,88.9663,101.48,-0.131605,P,0.219579,0.21892,0.21892,0.220199,0.127917,1.77071,2.10965,1.94018,0.169468
5,0.587719,89.1898,101.48,-0.129097,P,0.219344,0.221201,0.221201,0.21996,0.124166,1.87032,2.21464,2.04248,0.172162
5,0.587719,89.4138,101.48,-0.126589,P,0.219109,0.218442,0.218442,0.219721,0.127925,1.86595,2.21106,2.0385,0.172556
5,0.587719,89.6383,101.48,-0.12408,P,0.218876,0.219737,0.219737,0.219483,0.0254266,1.94793,2.2974,2.12267,0.174733
5,0.587719,89.8634,101.48,-0.121572,P,0.218643,0.218797,0.218797,0.219245,0.0448192,1.98352,2.33535,2.15944,0.17592
5,0.587719,90.0891,101.48,-0.119064,P,0.21841,0.220489,0.220489,0.219008,0.148148,2.07757,2.43389,2.25573,0.178159
5,0.587719,90.3154,101.48,-0.116555,P,0.218179,0.220247,0.220247,0.218771,0.147613,2.13084,2.49,2.31042,0.179578
5,0.587719,90.5422,101.48,-0.114047,P,0.217948,0.220571,0.220571,0.218535,0.20362,2.19802,2.56039,2.3792,0.181184
5,0.587719,90.7696,101.48,-0.111538,P,0.217718,0.219069,0.219069,0.218299,0.0769937,2.22507,2.58927,2.40717,0.182097
5,0.587719,90.9976,101.48,-0.10903,P,0.217488,0.214526,0.214526,0.218064,0.353851,2.1832,2.54703,2.36512,0.181913
5,0.587719,91.2261,101.48,-0.106522,P,0.21726,0.218863,0.218863,0.21783,0.103271,2.34594,2.7157,2.53082,0.184879
5,0.587719,91.4553,101.48,-0.104013,P,0.217032,0.216149,0.216149,0.217596,0.144716,2.34704,2.71778,2.53241,0.185371
5,0.587719,91.6849,101.48,-0.101505,P,0.216805,0.215304,0.215304,0.217363,0.205876,2.39251,2.76547,2.57899,0.186482
5,0.587719,91.9152,101.48,-0.0989967,P,0.216579,0.217042,0.217042,0.21713,0.00877293,2.50076,2.8775,2.68913,0.188373
5,0.587719,92.1461,101.48,-0.0964883,P,0.216353,0.217825,0.217825,0.216898,0.0926989,2.58824,2.96803,2.77814,0.189898
5,0.587719,92.3775,101.48,-0.0939799,P,0.216128,0.216872,0.216872,0.216667,0.020538,2.63499,3.01677,2.82588,0.19089
5,0.587719,92.6095,101.48,-0.0914716,P,0.215904,0.215504,0.215504,0.216436,0.0931561,2.67249,3.056,2.86425,0.191756
5,0.587719,92.8421,101.48,-0.0889632,P,0.215681,0.219675,0.219675,0.216206,0.346958,2.84931,3.2373,3.0433,0.193996
5,0.587719,93.0753,101.48,-0.0864548,P,0.215458,0.218139,0.218139,0.215976,0.216291,2.88535,3.27486,3.0801,0.194758
5,0.587719,93.309,101.48,-0.0839465,P,0.215236,0.214817,0.214817,0.215747,0.0930536,2.87674,3.26695,3.07184,0.195105
5,0.587719,93.5434,101.48,-0.0814381,P,0.215015,0.216623,0.216623,0.215519,0.110452,2.99991,3.39309,3.1965,0.196591
5,0.587719,93.7783,101.48,-0.0789298,P,0.214795,0.216532,0.216532,0.215291,0.124125,3.07626,3.47147,3.27386,0.197605
5,0.587719,94.0138,101.48,-0.0764214,P,0.214575,0.214941,0.214941,0.215064,0.0122821,3.11485,3.51144,3.31314,0.198294
5,0.587719,94.2499,101.48,-0.073913,P,0.214356,0.213784,0.213784,0.214837,0.105305,3.16578,3.56388,3.36483,0.199051
5,0.587719,94.4866,101.48,-0.0714047,P,0.214138,0.213138,0.213138,0.214612,0.147338,3.23135,3.63111,3.43123,0.199877
5,0.587719,94.7239,101.48,-0.0688963,P,0.213921,0.212789,0.212789,0.214386,0.159699,3.3062,3.70764,3.50692,0.20072
5,0.587719,94.9618,101.48,-0.066388,P,0.213705,0.212457,0.212457,0.214162,0.170503,3.38296,3.78601,3.58449,0.201528
5,0.587719,95.2003,101.48,-0.0638796,P,0.213489,0.211875,0.211875,0.213938,0.206256,3.45444,3.85896,3.6567,0.202261
5,0.587719,95.4394,101.48,-0.0613712,P,0.213274,0.215465,0.215465,0.213715,0.175016,3.64169,4.04868,3.84519,0.203493
5,0.587719,95.6791,101.48,-0.0588629,P,0.213059,0.214743,0.214743,0.213492,0.125108,3.71295,4.12115,3.91705,0.2041
5,0.587719,95.9194,101.48,-0.0563545,P,0.212846,0.213315,0.213315,0.21327,0.00448225,3.76594,4.17513,3.97053,0.204596
5,0.587719,96.1603,101.48,-0.0538462,P,0.212633,0.212889,0.212889,0.213049,0.0160547,3.84813,4.25847,4.0533,0.205169
5,0.587719,96.4018,101.48,-0.0513378,P,0.212421,0.214156,0.214156,0.212829,0.132754,3.97963,4.39133,4.18548,0.20585
5,0.587719,96.644,101.48,-0.0488294,P,0.21221,0.21398,0.21398,0.212609,0.137141,4.07233,4.48502,4.27868,0.206345
5,0.587719,96.8867,101.48,-0.0463211,P,0.211999,0.211711,0.211711,0.21239,0.0678523,4.10699,4.52027,4.31363,0.206642
5,0.587719,97.13,101.48,-0.0438127,P,0.211789,0.211899,0.211899,0.212171,0.0272536,4.21312,4.62729,4.4202,0.207083
5,0.587719,97.374,101.48,-0.0413043,P,0.21158,0.211807,0.211807,0.211953,0.0146395,4.31302,4.72793,4.52048,0.207454
5,0.587719,97.6185,101.48,-0.038796,P,0.211372,0.213615,0.213615,0.211736,0.187905,4.46979,4.88553,4.67766,0.207868
5,0.587719,97.8637,101.48,-0.0362876,P,0.211164,0.211754,0.211754,0.21152,0.0233639,4.52187,4.93797,4.72992,0.208051
5,0.587719,98.1095,101.48,-0.0337793,P,0.210957,0.207481,0.207481,0.211304,0.382349,4.50465,4.92087,4.71276,0.208112
5,0.587719,98.3559,101.48,-0.0312709,P,0.210751,0.21091,0.21091,0.211089,0.0179001,4.71464,5.13147,4.92305,0.208417
5,0.587719,98.6029,101.48,-0.0287625,P,0.210546,0.211896,0.211896,0.210875,0.102088,4.85517,5.2723,5.06374,0.208564
5,0.587719,98.8505,101.48,-0.0262542,P,0.210342,0.213397,0.213397,0.210662,0.273576,5.0131,5.43041,5.22175,0.208656
5,0.587719,99.0988,101.48,-0.0237458,P,0.210138,0.215123,0.215123,0.210449,0.46743,5.17989,5.59726,5.38857,0.208685
5,0.587719,99.3477,101.48,-0.0212375,P,0.209935,0.20938,0.20938,0.210237,0.0856996,5.12559,5.54274,5.33416,0.208572
5,0.587719,99.5972,101.48,-0.0187291,P,0.209732,0.209223,0.209223,0.210025,0.0802333,5.23956,5.65654,5.44805,0.208487
5,0.587719,99.8473,101.48,-0.0162207,P,0.209531,0.20905,0.20905,0.209815,0.0765094,5.35489,5.7716,5.56325,0.20835
5,0.587719,100.098,101.48,-0.0137124,P,0.20933,0.209306,0.209306,0.209605,0.0298706,5.48506,5.90138,5.69322,0.208161
5,0.587719,100.35,101.48,-0.011204,P,0.20913,0.207235,0.207235,0.209396,0.216156,5.54676,5.9626,5.75468,0.20792
5,0.587719,100.602,101.48,-0.00869565,P,0.208931,0.208517,0.208517,0.209188,0.067127,5.71175,6.12699,5.91937,0.207622
5,0.587719,100.854,101.48,-0.00618729,P,0.208732,0.210183,0.210183,0.20898,0.120276,5.89052,6.30505,6.09778,0.207265
5,0.587719,101.107,101.48,-0.00367893,P,0.208534,0.205426,0.205426,0.208774,0.334782,5.87593,6.28971,6.08282,0.206888
5,0.587719,101.361,101.48,-0.00117057,P,0.208337,0.209242,0.209242,0.208568,0.0674436,6.12412,6.53694,6.33053,0.206411
5,0.587719,101.616,101.48,0.00133779,C,0.208141,0.213744,0.213744,0.208362,0.538165,6.26079,6.67417,6.46748,0.206691
5,0.587719,101.871,101.48,0.00384615,C,0.207945,0.20965,0.20965,0.208158,0.149198,6.01884,6.43422,6.22653,0.20769
5,0.587719,102.127,101.48,0.00635452,C,0.207751,0.208133,0.208133,0.207954,0.017891,5.85675,6.27399,6.06537,0.208621
5,0.587719,102.384,101.48,0.00886288,C,0.207557,0.208251,0.208251,0.207752,0.0499651,5.74593,6.16492,5.95543,0.209493
5,0.587719,102.641,101.48,0.0113712,C,0.207363,0.207669,0.207669,0.207549,0.011936,5.61504,6.03567,5.82536,0.210315
5,0.587719,102.898,101.48,0.0138796,C,0.207171,0.205212,0.205212,0.207348,0.213582,5.42819,5.85035,5.63927,0.211079
5,0.587719,103.157,101.48,0.016388,C,0.206979,0.206908,0.206908,0.207148,0.0239921,5.36967,5.79325,5.58146,0.211794
5,0.587719,103.416,101.48,0.0188963,C,0.206788,0.205028,0.205028,0.206948,0.191997,5.20324,5.62811,5.41567,0.212438
5,0.587719,103.676,101.48,0.0214047,C,0.206598,0.203608,0.203608,0.206749,0.314159,5.0523,5.47833,5.26532,0.213016
5,0.587719,103.936,101.48,0.023913,C,0.206408,0.208121,0.208121,0.206551,0.156981,5.08374,5.511,5.29737,0.21363
5,0.587719,104.197,101.48,0.0264214,C,0.206219,0.207702,0.207702,0.206354,0.134749,4.96602,5.39426,5.18014,0.214123
5,0.587719,104.459,101.48,0.0289298,C,0.206031,0.204494,0.204494,0.206158,0.166446,4.76496,5.19391,4.97943,0.214476
5,0.587719,104.721,101.48,0.0314381,C,0.205844,0.205971,0.205971,0.205963,0.000870955,4.70776,5.13756,4.92266,0.214898
5,0.587719,104.984,101.48,0.0339465,C,0.205658,0.204871,0.204871,0.205768,0.0897134,4.57376,5.0041,4.78893,0.215174
5,0.587719,105.248,101.48,0.0364548,C,0.205472,0.206617,0.206617,0.205574,0.104322,4.52722,4.95826,4.74274,0.215518
5,0.587719,105.512,101.48,0.0389632,C,0.205287,0.206175,0.206175,0.205381,0.0793351,4.4159,4.84731,4.6316,0.215707
5,0.587719,105.777,101.48,0.0414716,C,0.205103,0.206746,0.206746,0.205189,0.155731,4.33648,4.76827,4.55237,0.215898
5,0.587719,106.043,101.48,0.0439799,C,0.204919,0.207598,0.207598,0.204998,0.25998,4.26669,4.69881,4.48275,0.216062
5,0.587719,106.309,101.48,0.0464883,C,0.204736,0.208145,0.208145,0.204808,0.333745,4.18903,4.62135,4.40519,0.21616
5,0.587719,106.576,101.48,0.0489967,C,0.204554,0.204803,0.204803,0.204618,0.0184724,3.99715,4.42885,4.213,0.215848
5,0.587719,106.844,101.48,0.051505,C,0.204373,0.204899,0.204899,0.20443,0.0469605,3.9091,4.34064,4.12487,0.215769
5,0.587719,107.112,101.48,0.0540134,C,0.204192,0.204384,0.204384,0.204242,0.0142091,3.80443,4.23555,4.01999,0.215562
5,0.587719,107.381,101.48,0.0565217,C,0.204013,0.20394,0.20394,0.204055,0.0115494,3.70335,4.13394,3.91865,0.215295
5,0.587719,107.651,101.48,0.0590301,C,0.203834,0.203244,0.203244,0.203869,0.0625214,3.59649,4.02633,3.81141,0.214922
5,0.587719,107.921,101.48,0.0615385,C,0.203655,0.20381,0.20381,0.203684,0.0126207,3.52773,3.95707,3.7424,0.214673
5,0.587719,108.192,101.48,0.0640468,C,0.203478,0.203646,0.203646,0.2035,0.0146421,3.43916,3.86767,3.65341,0.214256
5,0.587719,108.464,101.48,0.0665552,C,0.203301,0.20389,0.20389,0.203317,0.0573364,3.36367,3.79137,3.57752,0.213853
5,0.587719,108.736,101.48,0.0690635,C,0.203125,0.203624,0.203624,0.203134,0.048905,3.27495,3.70155,3.48825,0.213299
5,0.587719,109.01,101.48,0.0715719,C,0.20295,0.200818,0.200818,0.202953,0.213533,3.11616,3.54041,3.32828,0.212126
5,0.587719,109.283,101.48,0.0740803,C,0.202775,0.20477,0.20477,0.202773,0.199723,3.149,3.57376,3.36138,0.212381
5,0.587719,109.558,101.48,0.0765886,C,0.202602,0.199986,0.199986,0.202593,0.260693,2.93882,3.3599,3.14936,0.210537
5,0.587719,109.833,101.48,0.079097,C,0.202429,0.19847,0.19847,0.202414,0.394468,2.82227,3.24093,3.0316,0.209332
5,0.587719,110.109,101.48,0.0816054,C,0.202256,0.201925,0.201925,0.202237,0.0311892,2.84326,3.26219,3.05272,0.209467
5,0.587719,110.385,101.48,0.0841137,C,0.202085,0.201497,0.201497,0.20206,0.056332,2.75899,3.17594,2.96746,0.208476
5,0.587719,110.663,101.48,0.0866221,C,0.201914,0.20018,0.20018,0.201884,0.170481,2.65239,3.06665,2.85952,0.207129
5,0.587719,110.94,101.48,0.0891304,C,0.201744,0.202384,0.202384,0.201709,0.0674561,2.64149,3.05524,2.84836,0.206873
5,0.587719,111.219,101.48,0.0916388,C,0.201575,0.200805,0.200805,0.201536,0.073045,2.53098,2.94159,2.73629,0.205303
5,0.587719,111.498,101.48,0.0941472,C,0.201406,0.201435,0.201435,0.201363,0.00725188,2.48032,2.88921,2.68476,0.204447
5,0.587719,111.778,101.48,0.0966555,C,0.201238,0.202969,0.202969,0.201191,0.177801,2.45411,2.86192,2.65801,0.20391
5,0.587719,112.059,101.48,0.0991639,C,0.201071,0.201894,0.201894,0.20102,0.0874009,2.36137,2.76602,2.5637,0.202325
5,0.587719,112.341,101.48,0.101672,C,0.200905,0.199119,0.199119,0.20085,0.173074,2.22754,2.62735,2.42744,0.199905
5,0.587719,112.623,101.48,0.104181,C,0.20074,0.202828,0.202828,0.200681,0.214707,2.25902,2.65952,2.45927,0.200251
5,0.587719,112.906,101.48,0.106689,C,0.200575,0.201536,0.201536,0.200513,0.102336,2.16555,2.56228,2.36392,0.198361
5,0.587719,113.189,101.48,0.109197,C,0.200411,0.203805,0.203805,0.200346,0.34593,2.16177,2.55793,2.35985,0.198078
5,0.587719,113.473,101.48,0.111706,C,0.200248,0.198727,0.198727,0.20018,0.145282,1.97935,2.36765,2.1735,0.19415
5,0.587719,113.758,101.48,0.114214,C,0.200085,0.199263,0.199263,0.200015,0.0751802,1.93564,2.3215,2.12857,0.192932
5,0.587719,114.044,101.48,0.116722,C,0.199924,0.202759,0.202759,0.199851,0.290871,1.96305,2.34965,2.15635,0.193298
5,0.587719,114.331,101.48,0.119231,C,0.199763,0.200032,0.200032,0.199687,0.0344651,1.8439,2.22442,2.03416,0.190256
5,0.587719,114.618,101.48,0.121739,C,0.199602,0.199965,0.199965,0.199525,0.0439443,1.78908,2.16631,1.97769,0.188613
5,0.587719,114.906,101.48,0.124247,C,0.199443,0.199988,0.199988,0.199364,0.0623543,1.73752,2.11149,1.9245,0.186984
5,0.587719,115.194,101.48,0.126756,C,0.199284,0.200897,0.200897,0.199204,0.169298,1.70701,2.07876,1.89288,0.185873
5,0.587719,115.483,101.48,0.129264,C,0.199126,0.197597,0.197597,0.199046,0.144823,1.58415,1.94819,1.76617,0.182016
5,0.587719,115.774,101.48,0.131773,C,0.198969,0.198714,0.198714,0.198888,0.0173806,1.56039,1.92235,1.74137,0.180981
5,0.587719,116.064,101.48,0.134281,C,0.198812,0.197365,0.197365,0.198731,0.136531,1.48448,1.84093,1.6627,0.178226
5,0.587719,116.356,101.48,0.136789,C,0.198657,0.199396,0.199396,0.198575,0.0821411,1.48157,1.83721,1.65939,0.17782
5,0.587719,116.648,101.48,0.139298,C,0.198502,0.199124,0.199124,0.19842,0.0704094,1.43072,1.78225,1.60648,0.175764
5,0.587719,116.941,101.48,0.141806,C,0.198347,0.198477,0.198477,0.198266,0.0210214,1.37344,1.72022,1.54683,0.173386
5,0.587719,117.235,101.48,0.144314,C,0.198194,0.199095,0.199095,0.198114,0.0980836,1.34311,1.68697,1.51504,0.171931
5,0.587719,117.529,101.48,0.146823,C,0.198041,0.197564,0.197564,0.197962,0.0397758,1.27095,1.60849,1.43972,0.168772
5,0.587719,117.824,101.48,0.149331,C,0.197889,0.199613,0.199613,0.197811,0.180106,1.27041,1.60727,1.43884,0.168431
5,0.587719,118.12,101.48,0.151839,C,0.197738,0.197678,0.197678,0.197662,0.0016257,1.19331,1.52301,1.35816,0.164849
5,0.587719,118.417,101.48,0.154348,C,0.197588,0.199254,0.199254,0.197514,0.174065,1.18452,1.5128,1.34866,0.164139
5,0.587719,118.714,101.48,0.156856,C,0.197438,0.197616,0.197616,0.197366,0.0249649,1.11627,1.43766,1.27696,0.160693
5,0.587719,119.012,101.48,0.159365,C,0.197289,0.196838,0.196838,0.19722,0.0381891,1.06578,1.38162,1.2237,0.157922
5,0.587719,119.311,101.48,0.161873,C,0.197141,0.197603,0.197603,0.197075,0.052784,1.04404,1.35705,1.20055,0.156503
5,0.587719,119.611,101.48,0.164381,C,0.196993,0.196352,0.196352,0.196931,0.0578313,0.987768,1.29424,1.141,0.153236
5,0.587719,119.911,101.48,0.16689,C,0.196846,0.195041,0.195041,0.196788,0.174643,0.932385,1.23208,1.08223,0.149845
5,0.587719,120.213,101.48,0.169398,C,0.1967,0.198437,0.198437,0.196646,0.179126,0.957072,1.25888,1.10798,0.150906
5,0.587719,120.514,101.48,0.171906,C,0.196555,0.199153,0.199153,0.196505,0.264743,0.936804,1.2357,1.08625,0.149446
5,0.587719,120.817,101.48,0.174415,C,0.196411,0.193513,0.193513,0.196366,0.28528,0.815169,1.09866,0.956913,0.141744
5,0.587719,121.121,101.48,0.176923,C,0.196267,0.199628,0.199628,0.196227,0.34007,0.882275,1.17351,1.02789,0.145615
5,0.587719,121.425,101.48,0.179431,C,0.196124,0.196879,0.196879,0.19609,0.07897,0.809482,1.09093,0.950206,0.140724
5,0.587719,121.73,101.48,0.18194,C,0.195982,0.195799,0.195799,0.195953,0.0154154,0.764981,1.03983,0.902405,0.137423
5,0.587719,122.035,101.48,0.184448,C,0.19584,0.194864,0.194864,0.195818,0.0953928,0.724223,0.992695,0.858459,0.134236
5,0.587719,122.342,101.48,0.186957,C,0.1957,0.194704,0.194704,0.195684,0.0980558,0.695899,0.959581,0.82774,0.131841
5,0.587719,122.649,101.48,0.189465,C,0.19556,0.197665,0.197665,0.195551,0.211411,0.712354,0.977851,0.845103,0.132748
5,0.587719,122.957,101.48,0.191973,C,0.195421,0.196052,0.196052,0.195419,0.0633006,0.66463,0.922304,0.793467,0.128837
5,0.587719,123.266,101.48,0.194482,C,0.195282,0.194309,0.194309,0.195289,0.0979462,0.617255,0.866723,0.741989,0.124734
5,0.587719,123.576,101.48,0.19699,C,0.195144,0.197221,0.197221,0.195159,0.206154,0.632504,0.883866,0.758185,0.125681
5,0.587719,123.886,101.48,0.199498,C,0.195007,0.195573,0.195573,0.195031,0.0542012,0.58821,0.831578,0.709894,0.121684
5,0.587719,124.197,101.48,0.202007,C,0.194871,0.192299,0.192299,0.194904,0.260455,0.526201,0.757847,0.642024,0.115823
5,0.587719,124.509,101.48,0.204515,C,0.194736,0.196588,0.196588,0.194778,0.180997,0.557565,0.794379,0.675972,0.118407
5,0.587719,124.822,101.48,0.207023,C,0.194601,0.192069,0.192069,0.194653,0.258422,0.483744,0.706008,0.594876,0.111132
5,0.587719,125.135,101.48,0.209532,C,0.194467,0.194136,0.194136,0.19453,0.0393527,0.488163,0.710737,0.59945,0.111287
5,0.587719,125.45,101.48,0.21204,C,0.194334,0.197029,0.197029,0.194407,0.262174,0.502056,0.726805,0.614431,0.112374
5,0.587719,125.765,101.48,0.214548,C,0.194201,0.197494,0.197494,0.194286,0.320778,0.488235,0.709718,0.598976,0.110742
5,0.587719,126.08,101.48,0.217057,C,0.19407,0.193733,0.193733,0.194166,0.0432882,0.429174,0.637821,0.533498,0.104323
5,0.587719,126.397,101.48,0.219565,C,0.193939,0.193436,0.193436,0.194047,0.061072,0.409188,0.612868,0.511028,0.10184
5,0.587719,126.715,101.48,0.222074,C,0.193809,0.194359,0.194359,0.193929,0.0430158,0.402108,0.603656,0.502882,0.100774
5,0.587719,127.033,101.48,0.224582,C,0.193679,0.195265,0.195265,0.193812,0.145291,0.395031,0.594438,0.494734,0.0997037
5,0.587719,127.352,101.48,0.22709,C,0.19355,0.19182,0.19182,0.193697,0.187755,0.346874,0.534143,0.440508,0.0936346
5,0.587719,127.672,101.48,0.229599,C,0.193423,0.190894,0.190894,0.193583,0.268924,0.324373,0.505339,0.414856,0.0904828
5,0.587719,127.992,101.48,0.232107,C,0.193295,0.193513,0.193513,0.19347,0.00426569,0.3337,0.516616,0.425158,0.0914582
5,0.587719,128.314,101.48,0.234615,C,0.193169,0.19861,0.19861,0.193358,0.525199,0.365778,0.556276,0.461027,0.095249
5,0.587719,128.636,101.48,0.237124,C,0.193043,0.190959,0.190959,0.193248,0.228922,0.285691,0.454599,0.370145,0.0844542
5,0.587719,128.959,101.48,0.239632,C,0.192918,0.192425,0.192425,0.193138,0.071383,0.285175,0.453478,0.369327,0.0841514
5,0.587719,129.283,101.48,0.24214,C,0.192794,0.19466,0.19466,0.19303,0.162929,0.290861,0.460332,0.375596,0.0847356
5,0.587719,129.608,101.48,0.244649,C,0.192671,0.193119,0.193119,0.192924,0.0195901,0.266794,0.428836,0.347815,0.0810208
5,0.587719,129.933,101.48,0.247157,C,0.192548,0.193127,0.193127,0.192818,0.0308999,0.255503,0.413701,0.334602,0.0790989
5,0.587719,130.26,101.48,0.249666,C,0.192426,0.191687,0.191687,0.192713,0.102666,0.234328,0.385449,0.309888,0.0755608
5,0.587719,130.587,101.48,0.252174,C,0.192305,0.192101,0.192101,0.19261,0.05092,0.226943,0.37525,0.301097,0.0741532
5,0.587719,130.915,101.48,0.254682,C,0.192184,0.195491,0.195491,0.192508,0.298289,0.240243,0.392443,0.316343,0.0761
5,0.587719,131.243,101.48,0.257191,C,0.192065,0.193306,0.193306,0.192408,0.0898286,0.215325,0.35896,0.287143,0.0718175
5,0.587719,131.573,101.48,0.259699,C,0.191946,0.19065,0.19065,0.192308,0.165808,0.189388,0.323526,0.256457,0.0670695
5,0.587719,131.903,101.48,0.262207,C,0.191828,0.190282,0.190282,0.19221,0.192823,0.178699,0.308505,0.243602,0.0649031
5,0.587719,132.235,101.48,0.264716,C,0.19171,0.191622,0.191622,0.192113,0.0490872,0.178218,0.30748,0.242849,0.0646313
5,0.587719,132.567,101.48,0.267224,C,0.191593,0.194918,0.194918,0.192017,0.290087,0.189201,0.322176,0.255689,0.0664874
5,0.587719,132.9,101.48,0.269732,C,0.191478,0.191961,0.191961,0.191923,0.00378419,0.164253,0.287433,0.225843,0.0615901
5,0.587719,133.234,101.48,0.272241,C,0.191362,0.192971,0.192971,0.19183,0.114154,0.162131,0.284134,0.223133,0.0610016
5,0.587719,133.568,101.48,0.274749,C,0.191248,0.193026,0.193026,0.191738,0.128791,0.155038,0.273865,0.214452,0.0594133
5,0.587719,133.904,101.48,0.277258,C,0.191134,0.190531,0.190531,0.191647,0.111647,0.135742,0.246132,0.190937,0.055195
5,0.587719,134.24,101.48,0.279766,C,0.191021,0.193798,0.193798,0.191558,0.223975,0.144918,0.258925,0.201921,0.0570035
5,0.587719,134.577,101.48,0.282274,C,0.190909,0.191936,0.191936,0.19147,0.0465986,0.129562,0.236615,0.183088,0.0535264
5,0.587719,134.915,101.48,0.284783,C,0.190798,0.19512,0.19512,0.191383,0.373654,0.138039,0.248509,0.193274,0.0552352
5,0.587719,135.254,101.48,0.287291,C,0.190687,0.192612,0.192612,0.191297,0.131414,0.120536,0.222906,0.171721,0.0511851
5,0.587719,135.594,101.48,0.289799,C,0.190577,0.189927,0.189927,0.191213,0.128575,0.103991,0.198143,0.151067,0.047076
5,0.587719,135.934,101.48,0.292308,C,0.190468,0.19179,0.19179,0.19113,0.0659258,0.106107,0.201039,0.153573,0.0474662
5,0.587719,136.276,101.48,0.294816,C,0.19036,0.189259,0.189259,0.191049,0.178961,0.0916757,0.178975,0.135325,0.0436496
5,0.587719,136.618,101.48,0.297324,C,0.190252,0.193141,0.193141,0.190968,0.217248,0.101134,0.193066,0.1471,0.0459663
5,0.587719,136.961,101.48,0.299833,C,0.190145,0.189187,0.189187,0.190889,0.170237,0.0825496,0.164399,0.123475,0.0409249
5,0.587719,137.305,101.48,0.302341,C,0.190039,0.192214,0.192214,0.190811,0.140274,0.088392,0.173201,0.130797,0.0424047
5,0.587719,137.65,101.48,0.304849,C,0.189933,0.190665,0.190665,0.190735,0.00701192,0.0790425,0.158455,0.118749,0.0397065
5,0.587719,137.995,101.48,0.307358,C,0.189829,0.191538,0.191538,0.19066,0.0878577,0.0777782,0.156246,0.117012,0.0392341
5,0.587719,138.342,101.48,0.309866,C,0.189725,0.191982,0.191982,0.190586,0.13964,0.0752331,0.152017,0.113625,0.038392
5,0.587719,138.69,101.48,0.312375,C,0.189622,0.191565,0.191565,0.190513,0.105227,0.0702613,0.143905,0.107083,0.0368216
5,0.587719,139.038,101.48,0.314883,C,0.189519,0.189459,0.189459,0.190442,0.0983011,0.0610481,0.128795,0.0949217,0.0338736
5,0.587719,139.387,101.48,0.317391,C,0.189418,0.18873,0.18873,0.190372,0.164157,0.0560836,0.120406,0.0882448,0.0321612
5,0.587719,139.737,101.48,0.3199,C,0.189317,0.18949,0.18949,0.190303,0.0813394,0.0549486,0.118328,0.0866383,0.0316897
5,0.587719,140.088,101.48,0.322408,C,0.189217,0.191152,0.191152,0.190236,0.0916402,0.0560018,0.119898,0.0879499,0.0319481
5,0.587719,140.44,101.48,0.324916,C,0.189117,0.18601,0.18601,0.19017,0.41603,0.0420544,0.0959471,0.0690007,0.0269463
5,0.587719,140.793,101.48,0.327425,C,0.189019,0.187506,0.187506,0.190105,0.259925,0.0426541,0.0968339,0.069744,0.0270899
5,0.587719,141.146,101.48,0.329933,C,0.188921,0.189231,0.189231,0.190042,0.0811023,0.0437137,0.0985189,0.0711163,0.0274026
5,0.587719,141.501,101.48,0.332441,C,0.188823,0.188395,0.188395,0.18998,0.158488,0.0397827,0.0914716,0.0656272,0.0258445
5,0.587719,141.856,101.48,0.33495,C,0.188727,0.188903,0.188903,0.189919,0.101611,0.0385383,0.0891139,0.0638261,0.0252878
5,0.587719,142.212,101.48,0.337458,C,0.188631,0.194416,0.194416,0.18986,0.45564,0.0469735,0.103662,0.0753179,0.0283443
5,0.587719,142.57,101.48,0.339967,C,0.188537,0.184827,0.184827,0.189801,0.497459,0.0281244,0.069779,0.0489517,0.0208273
5,0.587719,142.928,101.48,0.342475,C,0.188442,0.187663,0.187663,0.189745,0.208218,0.0306238,0.0743289,0.0524763,0.0218525
5,0.587719,143.287,101.48,0.344983,C,0.188349,0.186043,0.186043,0.189689,0.364619,0.0266229,0.0666773,0.0466501,0.0200272
5,0.587719,143.646,101.48,0.347492,C,0.188256,0.185561,0.185561,0.189635,0.407402,0.024478,0.0624339,0.043456,0.018978
5,0.587719,144.007,101.48,0.35,C,0.188164,0.189255,0.189255,0.189582,0.0327394,0.0279171,0.0688882,0.0484027,0.0204855
6,0.688596,68.1959,101.736,-0.4,P,0.243673,0.240611,0.240611,0.243326,0.271473,0.100524,0.18087,0.140697,0.0401733
6,0.688596,68.3672,101.736,-0.397492,P,0.243386,0.242907,0.242907,0.24306,0.0153222,0.111636,0.197039,0.154337,0.0427013
6,0.688596,68.5389,101.736,-0.394983,P,0.243098,0.24457,0.24457,0.242795,0.177458,0.12146,0.211171,0.166315,0.0448553
6,0.688596,68.7111,101.736,-0.392475,P,0.242812,0.241889,0.241889,0.242531,0.0641203,0.116909,0.204972,0.16094,0.0440316
6,0.688596,68.8836,101.736,-0.389967,P,0.242526,0.245884,0.245884,0.242266,0.361809,0.135525,0.231276,0.183401,0.0478752
6,0.688596,69.0566,101.736,-0.387458,P,0.242241,0.243224,0.243224,0.242002,0.122237,0.130743,0.224871,0.177807,0.0470637
6,0.688596,69.2301,101.736,-0.38495,P,0.241956,0.238789,0.238789,0.241738,0.29486,0.119854,0.20983,0.164842,0.0449882
6,0.688596,69.4039,101.736,-0.382441,P,0.241672,0.248049,0.248049,0.241474,0.657502,0.159834,0.265319,0.212576,0.0527428
6,0.688596,69.5782,101.736,-0.379933,P,0.241389,0.239536,0.239536,0.24121,0.167459,0.131977,0.227324,0.179651,0.0476736
6,0.688596,69.753,101.736,-0.377425,P,0.241106,0.241924,0.241924,0.240947,0.0976933,0.146201,0.247254,0.196728,0.0505262
6,0.688596,69.9282,101.736,-0.374916,P,0.240824,0.240484,0.240484,0.240684,0.0199176,0.145898,0.247099,0.196499,0.0506006
6,0.688596,70.1038,101.736,-0.372408,P,0.240543,0.241135,0.241135,0.240421,0.0714558,0.154017,0.258481,0.206249,0.0522321
6,0.688596,70.2799,101.736,-0.3699,P,0.240263,0.239513,0.239513,0.240158,0.0644809,0.152992,0.257355,0.205174,0.0521814
6,0.688596,70.4564,101.736,-0.367391,P,0.239983,0.24085,0.24085,0.239896,0.0954125,0.164409,0.273146,0.218778,0.0543689
6,0.688596,70.6333,101.736,-0.364883,P,0.239703,0.239738,0.239738,0.239633,0.0104639,0.165597,0.275038,0.220317,0.0547205
6,0.688596,70.8107,101.736,-0.362375,P,0.239425,0.238811,0.238811,0.239371,0.0559854,0.167618,0.278057,0.222838,0.0552193
6,0.688596,70.9886,101.736,-0.359866,P,0.239147,0.240789,0.240789,0.23911,0.167914,0.182914,0.298867,0.240891,0.0579768
6,0.688596,71.1669,101.736,-0.357358,P,0.23887,0.240066,0.240066,0.238848,0.12183,0.186139,0.303468,0.244803,0.0586646
6,0.688596,71.3456,101.736,-0.354849,P,0.238593,0.242295,0.242295,0.238587,0.370785,0.203936,0.327311,0.265624,0.0616873
6,0.688596,71.5248,101.736,-0.352341,P,0.238317,0.236651,0.236651,0.238326,0.167503,0.183319,0.300333,0.241826,0.058507
6,0.688596,71.7044,101.736,-0.349833,P,0.238042,0.238258,0.238258,0.238065,0.0193169,0.198016,0.320158,0.259087,0.061071
6,0.688596,71.8845,101.736,-0.347324,P,0.237768,0.23615,0.23615,0.237805,0.16541,0.194614,0.315987,0.255301,0.0606861
6,0.688596,72.065,101.736,-0.344816,P,0.237494,0.236186,0.236186,0.237544,0.135818,0.201958,0.326017,0.263988,0.0620294
6,0.688596,72.246,101.736,-0.342308,P,0.237221,0.234332,0.234332,0.237284,0.29524,0.199796,0.323502,0.261649,0.0618527
6,0.688596,72.4275,101.736,-0.339799,P,0.236948,0.237377,0.237377,0.237025,0.0352009,0.223433,0.354808,0.28912,0.0656875
6,0.688596,72.6094,101.736,-0.337291,P,0.236676,0.234875,0.234875,0.236765,0.188997,0.217719,0.347718,0.282718,0.0649993
6,0.688596,72.7917,101.736,-0.334783,P,0.236405,0.23726,0.23726,0.236506,0.075347,0.239104,0.375815,0.30746,0.0683556
6,0.688596,72.9746,101.736,-0.332274,P,0.236135,0.234563,0.234563,0.236247,0.168415,0.232081,0.367111,0.299596,0.0675147
6,0.688596,73.1578,101.736,-0.329766,P,0.235865,0.232957,0.232957,0.235989,0.303206,0.231259,0.366417,0.298838,0.0675789
6,0.688596,73.3416,101.736,-0.327258,P,0.235596,0.240641,0.240641,0.23573,0.491101,0.286899,0.437841,0.36237,0.0754713
6,0.688596,73.5258,101.736,-0.324749,P,0.235327,0.232366,0.232366,0.235472,0.310676,0.244874,0.384756,0.314815,0.0699413
6,0.688596,73.7104,101.736,-0.322241,P,0.235059,0.236307,0.236307,0.235215,0.109218,0.278381,0.427894,0.353138,0.0747561
6,0.688596,73.8956,101.736,-0.319732,P,0.234792,0.232997,0.232997,0.234957,0.196054,0.266877,0.413703,0.34029,0.0734128
6,0.688596,74.0811,101.736,-0.317224,P,0.234526,0.236272,0.236272,0.2347,0.157163,0.298013,0.453455,0.375734,0.0777207
6,0.688596,74.2672,101.736,-0.314716,P,0.23426,0.233684,0.233684,0.234443,0.0759328,0.290844,0.444868,0.367856,0.0770119
6,0.688596,74.4537,101.736,-0.312207,P,0.233995,0.236356,0.236356,0.234187,0.216891,0.319685,0.481391,0.400538,0.0808531
6,0.688596,74.6407,101.736,-0.309699,P,0.23373,0.235557,0.235557,0.23393,0.162644,0.324963,0.488395,0.406679,0.0817158
6,0.688596,74.8282,101.736,-0.307191,P,0.233466,0.230111,0.230111,0.233674,0.356357,0.297516,0.454562,0.376039,0.078523
6,0.688596,75.0161,101.736,-0.304682,P,0.233203,0.231713,0.231713,0.233419,0.170613,0.31951,0.482517,0.401013,0.0815035
6,0.688596,75.2045,101.736,-0.302174,P,0.232941,0.232898,0.232898,0.233164,0.026565,0.339504,0.50778,0.423642,0.0841379
6,0.688596,75.3934,101.736,-0.299666,P,0.232679,0.233912,0.233912,0.232908,0.10034,0.359063,0.532343,0.445703,0.08664
6,0.688596,75.5827,101.736,-0.297157,P,0.232418,0.233652,0.233652,0.232654,0.0998491,0.369321,0.545399,0.45736,0.0880386
6,0.688596,75.7726,101.736,-0.294649,P,0.232158,0.236288,0.236288,0.232399,0.388864,0.403518,0.587511,0.495515,0.0919966
6,0.688596,75.9629,101.736,-0.29214,P,0.231898,0.234756,0.234756,0.232145,0.261031,0.404099,0.58872,0.496409,0.0923104
6,0.688596,76.1536,101.736,-0.289632,P,0.231639,0.231372,0.231372,0.231892,0.0519518,0.389299,0.571269,0.480284,0.0909851
6,0.688596,76.3449,101.736,-0.287124,P,0.23138,0.229912,0.229912,0.231638,0.172627,0.390421,0.573149,0.481785,0.0913642
6,0.688596,76.5367,101.736,-0.284615,P,0.231122,0.231041,0.231041,0.231385,0.0343841,0.41349,0.601636,0.507563,0.0940727
6,0.688596,76.7289,101.736,-0.282107,P,0.230865,0.233144,0.233144,0.231133,0.201183,0.446217,0.641531,0.543874,0.0976573
6,0.688596,76.9216,101.736,-0.279599,P,0.230609,0.229842,0.229842,0.23088,0.103817,0.431288,0.624165,0.527726,0.0964382
6,0.688596,77.1148,101.736,-0.27709,P,0.230353,0.229299,0.229299,0.230628,0.132964,0.441003,0.636384,0.538694,0.0976906
6,0.688596,77.3084,101.736,-0.274582,P,0.230098,0.232254,0.232254,0.230377,0.187762,0.483625,0.687797,0.585711,0.102086
6,0.688596,77.5026,101.736,-0.272074,P,0.229844,0.231158,0.231158,0.230125,0.103282,0.489025,0.694779,0.591902,0.102877
6,0.688596,77.6973,101.736,-0.269565,P,0.22959,0.231045,0.231045,0.229874,0.117087,0.504124,0.713234,0.608679,0.104555
6,0.688596,77.8924,101.736,-0.267057,P,0.229337,0.229633,0.229633,0.229624,0.000936325,0.50671,0.716883,0.611796,0.105087
6,0.688596,78.088,101.736,-0.264548,P,0.229084,0.22913,0.22913,0.229373,0.0243063,0.518447,0.731331,0.624889,0.106442
6,0.688596,78.2841,101.736,-0.26204,P,0.228833,0.228235,0.228235,0.229123,0.0887979,0.526462,0.741379,0.63392,0.107459
6,0.688596,78.4807,101.736,-0.259532,P,0.228582,0.22663,0.22663,0.228874,0.2244,0.527335,0.743028,0.635181,0.107846
6,0.688596,78.6779,101.736,-0.257023,P,0.228331,0.227827,0.227827,0.228625,0.0797656,0.55752,0.779052,0.668286,0.110766
6,0.688596,78.8755,101.736,-0.254515,P,0.228082,0.230729,0.230729,0.228376,0.235301,0.607648,0.838023,0.722836,0.115187
6,0.688596,79.0735,101.736,-0.252007,P,0.227833,0.227029,0.227029,0.228128,0.109868,0.585946,0.81349,0.699718,0.113772
6,0.688596,79.2721,101.736,-0.249498,P,0.227584,0.227631,0.227631,0.22788,0.0248079,0.611902,0.844268,0.728085,0.116183
6,0.688596,79.4712,101.736,-0.24699,P,0.227336,0.228278,0.228278,0.227632,0.0646396,0.639214,0.876486,0.75785,0.118636
6,0.688596,79.6708,101.736,-0.244482,P,0.227089,0.231512,0.231512,0.227385,0.41278,0.698381,0.945037,0.821709,0.123328
6,0.688596,79.8709,101.736,-0.241973,P,0.226843,0.227644,0.227644,0.227138,0.0505718,0.673279,0.917016,0.795147,0.121868
6,0.688596,80.0715,101.736,-0.239465,P,0.226597,0.229203,0.229203,0.226891,0.231172,0.713948,0.964198,0.839073,0.125125
6,0.688596,80.2726,101.736,-0.236957,P,0.226352,0.228208,0.228208,0.226645,0.156254,0.72395,0.976302,0.850126,0.126176
6,0.688596,80.4742,101.736,-0.234448,P,0.226108,0.22541,0.22541,0.2264,0.0990081,0.711517,0.96287,0.837193,0.125676
6,0.688596,80.6763,101.736,-0.23194,P,0.225864,0.22517,0.22517,0.226154,0.0984702,0.731213,0.986026,0.85862,0.127407
6,0.688596,80.879,101.736,-0.229431,P,0.225621,0.223627,0.223627,0.22591,0.228254,0.734658,0.99069,0.862674,0.128016
6,0.688596,81.0821,101.736,-0.226923,P,0.225379,0.22472,0.22472,0.225665,0.0944856,0.772493,1.03433,0.903411,0.130918
6,0.688596,81.2857,101.736,-0.224415,P,0.225137,0.224757,0.224757,0.225421,0.066426,0.797408,1.06322,0.930316,0.132907
6,0.688596,81.4899,101.736,-0.221906,P,0.224896,0.224306,0.224306,0.225177,0.087193,0.81633,1.0853,0.950817,0.134487
6,0.688596,81.6945,101.736,-0.219398,P,0.224656,0.223325,0.223325,0.224934,0.160951,0.828383,1.09964,0.964011,0.135628
6,0.688596,81.8997,101.736,-0.21689,P,0.224416,0.226939,0.226939,0.224692,0.224717,0.905787,1.18699,1.04639,0.1406
6,0.688596,82.1054,101.736,-0.214381,P,0.224177,0.222417,0.222417,0.224449,0.203189,0.868173,1.14583,1.007,0.138829
6,0.688596,82.3116,101.736,-0.211873,P,0.223939,0.225452,0.225452,0.224207,0.1245,0.939725,1.22634,1.08303,0.143308
6,0.688596,82.5183,101.736,-0.209365,P,0.223701,0.225819,0.225819,0.223966,0.185306,0.973909,1.26504,1.11948,0.145567
6,0.688596,82.7256,101.736,-0.206856,P,0.223464,0.223368,0.223368,0.223725,0.0357055,0.966073,1.25721,1.11164,0.145569
6,0.688596,82.9333,101.736,-0.204348,P,0.223228,0.223533,0.223533,0.223484,0.00487101,0.998173,1.29354,1.14586,0.147683
6,0.688596,83.1416,101.736,-0.201839,P,0.222992,0.223204,0.223204,0.223244,0.00398583,1.02337,1.32218,1.17278,0.149403
6,0.688596,83.3504,101.736,-0.199331,P,0.222757,0.220921,0.220921,0.223004,0.208394,1.0183,1.31746,1.16788,0.149582
6,0.688596,83.5598,101.736,-0.196823,P,0.222523,0.221604,0.221604,0.222765,0.116097,1.06039,1.36463,1.21251,0.152117
6,0.688596,83.7696,101.736,-0.194314,P,0.222289,0.219967,0.219967,0.222527,0.255984,1.06593,1.37159,1.21876,0.152833
6,0.688596,83.98,101.736,-0.191806,P,0.222056,0.221342,0.221342,0.222288,0.0946068,1.12109,1.43287,1.27698,0.155891
6,0.688596,84.191,101.736,-0.189298,P,0.221824,0.222462,0.222462,0.22205,0.0411958,1.17368,1.4911,1.33239,0.158712
6,0.688596,84.4024,101.736,-0.186789,P,0.221593,0.220345,0.220345,0.221813,0.146813,1.17219,1.4904,1.33129,0.159106
6,0.688596,84.6144,101.736,-0.184281,P,0.221362,0.222242,0.222242,0.221576,0.0665826,1.24025,1.5652,1.40272,0.162474
6,0.688596,84.8269,101.736,-0.181773,P,0.221131,0.222645,0.222645,0.22134,0.130533,1.28384,1.61327,1.44856,0.164714
6,0.688596,85.0399,101.736,-0.179264,P,0.220902,0.219762,0.219762,0.221104,0.134238,1.26943,1.59865,1.43404,0.164608
6,0.688596,85.2535,101.736,-0.176756,P,0.220673,0.220189,0.220189,0.220869,0.0679305,1.31466,1.6484,1.48153,0.166873
6,0.688596,85.4676,101.736,-0.174247,P,0.220444,0.222712,0.222712,0.220634,0.207854,1.39996,1.74106,1.57051,0.170546
6,0.688596,85.6823,101.736,-0.171739,P,0.220217,0.216831,0.216831,0.220399,0.356857,1.33006,1.66693,1.49849,0.168437
6,0.688596,85.8975,101.736,-0.169231,P,0.21999,0.220429,0.220429,0.220165,0.0263476,1.43739,1.78308,1.61024,0.172844
6,0.688596,86.1132,101.736,-0.166722,P,0.219764,0.219871,0.219871,0.219932,0.00611644,1.46793,1.81671,1.64232,0.174389
6,0.688596,86.3295,101.736,-0.164214,P,0.219538,0.218617,0.218617,0.219699,0.108186,1.48556,1.83652,1.66104,0.17548
6,0.688596,86.5463,101.736,-0.161706,P,0.219313,0.21676,0.21676,0.219466,0.270645,1.4917,1.84407,1.66788,0.176187
6,0.688596,86.7637,101.736,-0.159197,P,0.219089,0.218671,0.218671,0.219235,0.0563661,1.57305,1.93167,1.75236,0.17931
6,0.688596,86.9816,101.736,-0.156689,P,0.218865,0.219282,0.219282,0.219003,0.0278854,1.63021,1.99332,1.81177,0.181557
6,0.688596,87.2,101.736,-0.154181,P,0.218642,0.215049,0.215049,0.218772,0.372368,1.58919,1.95085,1.77002,0.18083
6,0.688596,87.419,101.736,-0.151672,P,0.21842,0.214548,0.214548,0.218542,0.399429,1.62453,1.98936,1.80695,0.182414
6,0.688596,87.6386,101.736,-0.149164,P,0.218199,0.219787,0.219787,0.218312,0.147462,1.78175,2.15642,1.96908,0.187334
6,0.688596,87.8587,101.736,-0.146656,P,0.217978,0.219468,0.219468,0.218083,0.138538,1.82404,2.20193,2.01299,0.188944
6,0.688596,88.0793,101.736,-0.144147,P,0.217758,0.22039,0.22039,0.217854,0.253565,1.89437,2.27678,2.08558,0.191206
6,0.688596,88.3005,101.736,-0.141639,P,0.217538,0.215502,0.215502,0.217626,0.212427,1.83812,2.21878,2.02845,0.190333
6,0.688596,88.5223,101.736,-0.13913,P,0.217319,0.219772,0.219772,0.217398,0.237392,1.98459,2.37327,2.17893,0.194339
6,0.688596,88.7446,101.736,-0.136622,P,0.217101,0.218039,0.218039,0.217171,0.0867393,1.99881,2.38915,2.19398,0.195171
6,0.688596,88.9675,101.736,-0.134114,P,0.216883,0.215861,0.215861,0.216945,0.108404,2.00325,2.39482,2.19903,0.195788
6,0.688596,89.191,101.736,-0.131605,P,0.216666,0.217843,0.217843,0.216719,0.11238,2.10378,2.50067,2.30222,0.198447
6,0.688596,89.415,101.736,-0.129097,P,0.21645,0.219101,0.219101,0.216493,0.260789,2.1898,2.59115,2.39047,0.200673
6,0.688596,89.6395,101.736,-0.126589,P,0.216235,0.215913,0.215913,0.216268,0.0354979,2.17213,2.57382,2.37298,0.200844
6,0.688596,89.8647,101.736,-0.12408,P,0.21602,0.212772,0.212772,0.216044,0.327172,2.15557,2.55767,2.35662,0.201048
6,0.688596,90.0904,101.736,-0.121572,P,0.215806,0.216662,0.216662,0.21582,0.0841491,2.30801,2.71677,2.51239,0.204379
6,0.688596,90.3166,101.736,-0.119064,P,0.215592,0.214299,0.214299,0.215597,0.129788,2.31116,2.72106,2.51611,0.204949
6,0.688596,90.5435,101.736,-0.116555,P,0.215379,0.21506,0.21506,0.215375,0.0314998,2.39144,2.80506,2.59825,0.206814
6,0.688596,90.7709,101.736,-0.114047,P,0.215167,0.215042,0.215042,0.215153,0.0110468,2.45398,2.87062,2.6623,0.208321
6,0.688596,90.9988,101.736,-0.111538,P,0.214956,0.213526,0.213526,0.214932,0.14057,2.47998,2.89844,2.68921,0.20923
6,0.688596,91.2274,101.736,-0.10903,P,0.214745,0.214457,0.214457,0.214711,0.0253815,2.56882,2.99091,2.77986,0.211041
6,0.688596,91.4565,101.736,-0.106522,P,0.214535,0.21582,0.21582,0.214491,0.132976,2.67069,3.09656,2.88362,0.212934
6,0.688596,91.6862,101.736,-0.104013,P,0.214325,0.211758,0.211758,0.214271,0.251339,2.6334,3.05928,2.84634,0.212936
6,0.688596,91.9165,101.736,-0.101505,P,0.214116,0.213111,0.213111,0.214052,0.094102,2.7375,3.16705,2.95227,0.214771
6,0.688596,92.1473,101.736,-0.0989967,P,0.213908,0.214683,0.214683,0.213834,0.0848965,2.84955,3.28273,3.06614,0.216589
6,0.688596,92.3787,101.736,-0.0964883,P,0.213701,0.215353,0.215353,0.213616,0.173664,2.93966,3.37577,3.15772,0.218058
6,0.688596,92.6107,101.736,-0.0939799,P,0.213494,0.214749,0.214749,0.213399,0.135011,2.99697,3.43521,3.21609,0.21912
6,0.688596,92.8433,101.736,-0.0914716,P,0.213288,0.215822,0.215822,0.213183,0.263898,3.10122,3.54241,3.32182,0.220597
6,0.688596,93.0765,101.736,-0.0889632,P,0.213082,0.214095,0.214095,0.212967,0.112827,3.13017,3.57279,3.35148,0.221312
6,0.688596,93.3103,101.736,-0.0864548,P,0.212877,0.213852,0.213852,0.212752,0.11002,3.20099,3.64575,3.42337,0.22238
6,0.688596,93.5446,101.736,-0.0839465,P,0.212673,0.211033,0.211033,0.212537,0.150393,3.20106,3.6467,3.42388,0.222818
6,0.688596,93.7796,101.736,-0.0814381,P,0.21247,0.208262,0.208262,0.212323,0.406081,3.20284,3.64939,3.42611,0.223274
6,0.688596,94.0151,101.736,-0.0789298,P,0.212267,0.208556,0.208556,0.21211,0.355353,3.29173,3.74056,3.51615,0.224414
6,0.688596,94.2512,101.736,-0.0764214,P,0.212065,0.21058,0.21058,0.211897,0.131732,3.43177,3.88346,3.65762,0.225847
6,0.688596,94.4879,101.736,-0.073913,P,0.211863,0.212279,0.212279,0.211685,0.0593374,3.56497,4.0192,3.79208,0.227115
6,0.688596,94.7252,101.736,-0.0714047,P,0.211663,0.209606,0.209606,0.211474,0.186772,3.57322,4.02832,3.80077,0.227547
6,0.688596,94.9631,101.736,-0.0688963,P,0.211462,0.209466,0.209466,0.211263,0.179775,3.65607,4.11288,3.88448,0.228401
6,0.688596,95.2016,101.736,-0.066388,P,0.211263,0.211234,0.211234,0.211053,0.0180114,3.79675,4.25575,4.02625,0.229499
6,0.688596,95.4407,101.736,-0.0638796,P,0.211064,0.208417,0.208417,0.210844,0.242685,3.8035,4.26324,4.03337,0.22987
6,0.688596,95.6804,101.736,-0.0613712,P,0.210866,0.212639,0.212639,0.210636,0.200351,4.0213,4.48361,4.25245,0.231157
6,0.688596,95.9207,101.736,-0.0588629,P,0.210669,0.208929,0.208929,0.210428,0.149844,4.00336,4.46612,4.23474,0.231381
6,0.688596,96.1616,101.736,-0.0563545,P,0.210472,0.211254,0.211254,0.21022,0.103315,4.16857,4.63312,4.40085,0.232276
6,0.688596,96.4032,101.736,-0.0538462,P,0.210276,0.206576,0.206576,0.210014,0.343827,4.12275,4.58752,4.35514,0.232384
6,0.688596,96.6453,101.736,-0.0513378,P,0.21008,0.211122,0.211122,0.209808,0.131403,4.35976,4.82648,4.59312,0.233362
6,0.688596,96.888,101.736,-0.0488294,P,0.209886,0.208248,0.208248,0.209603,0.135529,4.37109,4.83831,4.6047,0.233609
6,0.688596,97.1313,101.736,-0.0463211,P,0.209692,0.208985,0.208985,0.209399,0.0413148,4.49516,4.96338,4.72927,0.234113
6,0.688596,97.3753,101.736,-0.0438127,P,0.209498,0.21009,0.21009,0.209195,0.0895657,4.63261,5.10176,4.86719,0.234576
6,0.688596,97.6198,101.736,-0.0413043,P,0.209305,0.204796,0.204796,0.208992,0.419607,4.57156,5.04078,4.80617,0.234609
6,0.688596,97.865,101.736,-0.038796,P,0.209113,0.208799,0.208799,0.20879,0.000905941,4.80328,5.27354,5.03841,0.235132
6,0.688596,98.1108,101.736,-0.0362876,P,0.208922,0.210425,0.210425,0.208588,0.183671,4.96277,5.43365,5.19821,0.235439
6,0.688596,98.3572,101.736,-0.0337793,P,0.208731,0.207857,0.207857,0.208387,0.0530246,4.99113,5.46219,5.22666,0.235529
6,0.688596,98.6042,101.736,-0.0312709,P,0.208541,0.207377,0.207377,0.208187,0.0810031,5.08716,5.55848,5.32282,0.235658
6,0.688596,98.8519,101.736,-0.0287625,P,0.208352,0.207725,0.207725,0.207988,0.0262568,5.21134,5.68286,5.4471,0.235759
6,0.688596,99.1001,101.736,-0.0262542,P,0.208163,0.205552,0.205552,0.207789,0.22376,5.25627,5.72778,5.49202,0.235757
6,0.688596,99.349,101.736,-0.0237458,P,0.207975,0.206685,0.206685,0.207591,0.0906309,5.40917,5.88071,5.64494,0.235769
6,0.688596,99.5986,101.736,-0.0212375,P,0.207788,0.203215,0.203215,0.207394,0.41792,5.41507,5.88642,5.65074,0.235673
6,0.688596,99.8487,101.736,-0.0187291,P,0.207601,0.205376,0.205376,0.207198,0.182171,5.60492,6.07609,5.8405,0.235583
6,0.688596,100.099,101.736,-0.0162207,P,0.207415,0.206012,0.206012,0.207002,0.0989978,5.74733,6.21817,5.98275,0.23542
6,0.688596,100.351,101.736,-0.0137124,P,0.20723,0.206832,0.206832,0.206807,0.00241835,5.89765,6.36805,6.13285,0.235199
6,0.688596,100.603,101.736,-0.011204,P,0.207045,0.209427,0.209427,0.206613,0.281392,6.10805,6.57788,6.34296,0.234914
6,0.688596,100.856,101.736,-0.00869565,P,0.206861,0.207166,0.207166,0.20642,0.0746229,6.16132,6.63051,6.39592,0.234593
6,0.688596,101.109,101.736,-0.00618729,P,0.206677,0.204267,0.204267,0.206228,0.196032,6.19514,6.6636,6.42937,0.234232
6,0.688596,101.363,101.736,-0.00367893,P,0.206495,0.206199,0.206199,0.206036,0.0163047,6.38951,6.85708,6.62329,0.233786
6,0.688596,101.617,101.736,-0.00117057,P,0.206313,0.207102,0.207102,0.205845,0.125675,6.55199,7.01858,6.78528,0.233294
6,0.688596,101.873,101.736,0.00133779,C,0.206131,0.206663,0.206663,0.205655,0.100836,6.53736,7.00465,6.77101,0.233644
6,0.688596,102.128,101.736,0.00384615,C,0.205951,0.205348,0.205348,0.205465,0.0117368,6.37719,6.84664,6.61192,0.234724
6,0.688596,102.385,101.736,0.00635452,C,0.205771,0.204556,0.204556,0.205277,0.0720441,6.23549,6.70699,6.47124,0.23575
6,0.688596,102.642,101.736,0.00886288,C,0.205591,0.208454,0.208454,0.205089,0.336477,6.25016,6.72356,6.48686,0.236699
6,0.688596,102.9,101.736,0.0113712,C,0.205413,0.206789,0.206789,0.204902,0.18865,6.08203,6.5573,6.31966,0.23763
6,0.688596,103.158,101.736,0.0138796,C,0.205235,0.20548,0.20548,0.204716,0.0764285,5.92693,6.40394,6.16543,0.238504
6,0.688596,103.417,101.736,0.016388,C,0.205057,0.205298,0.205298,0.204531,0.0767136,5.81034,6.28899,6.04967,0.239321
6,0.688596,103.677,101.736,0.0188963,C,0.204881,0.206903,0.206903,0.204346,0.2557,5.75417,6.23436,5.99427,0.240095
6,0.688596,103.938,101.736,0.0214047,C,0.204705,0.203112,0.203112,0.204163,0.105036,5.52075,6.0023,5.76153,0.240776
6,0.688596,104.199,101.736,0.023913,C,0.204529,0.206663,0.206663,0.20398,0.268293,5.53134,6.01429,5.77281,0.241477
6,0.688596,104.46,101.736,0.0264214,C,0.204355,0.205162,0.205162,0.203798,0.136454,5.37625,5.86037,5.61831,0.24206
6,0.688596,104.723,101.736,0.0289298,C,0.204181,0.205284,0.205284,0.203617,0.166698,5.27601,5.76124,5.51862,0.242614
6,0.688596,104.986,101.736,0.0314381,C,0.204008,0.201255,0.201255,0.203436,0.218176,5.04048,5.52644,5.28346,0.242977
6,0.688596,105.249,101.736,0.0339465,C,0.203835,0.203972,0.203972,0.203257,0.0714596,5.02821,5.51522,5.27172,0.243502
6,0.688596,105.514,101.736,0.0364548,C,0.203663,0.203614,0.203614,0.203078,0.0535818,4.91614,5.40387,5.16001,0.243862
6,0.688596,105.779,101.736,0.0389632,C,0.203492,0.20179,0.20179,0.202901,0.11111,4.75745,5.24561,5.00153,0.244079
6,0.688596,106.044,101.736,0.0414716,C,0.203321,0.206441,0.206441,0.202724,0.371687,4.81153,5.30077,5.05615,0.24462
6,0.688596,106.311,101.736,0.0439799,C,0.203151,0.200339,0.200339,0.202548,0.220935,4.51637,5.00518,4.76077,0.244404
6,0.688596,106.578,101.736,0.0464883,C,0.202982,0.202142,0.202142,0.202373,0.0231326,4.47989,4.96924,4.72457,0.244676
6,0.688596,106.845,101.736,0.0489967,C,0.202813,0.198472,0.198472,0.202199,0.37267,4.26771,4.7565,4.51211,0.244394
6,0.688596,107.114,101.736,0.051505,C,0.202645,0.202123,0.202123,0.202025,0.00981903,4.29306,4.78261,4.53783,0.244772
6,0.688596,107.383,101.736,0.0540134,C,0.202478,0.203327,0.203327,0.201853,0.147417,4.24047,4.73021,4.48534,0.244874
6,0.688596,107.652,101.736,0.0565217,C,0.202311,0.203034,0.203034,0.201681,0.135286,4.14105,4.63057,4.38581,0.244756
6,0.688596,107.923,101.736,0.0590301,C,0.202146,0.203885,0.203885,0.201511,0.237399,4.07937,4.56884,4.3241,0.244733
6,0.688596,108.194,101.736,0.0615385,C,0.20198,0.202369,0.202369,0.201341,0.102777,3.94378,4.43241,4.1881,0.244315
6,0.688596,108.465,101.736,0.0640468,C,0.201816,0.199997,0.199997,0.201172,0.11749,3.78307,4.27036,4.02672,0.243647
6,0.688596,108.738,101.736,0.0665552,C,0.201652,0.202355,0.202355,0.201004,0.135131,3.77246,4.25992,4.01619,0.243729
6,0.688596,109.011,101.736,0.0690635,C,0.201489,0.199737,0.199737,0.200837,0.109983,3.6074,4.09306,3.85023,0.24283
6,0.688596,109.285,101.736,0.0715719,C,0.201326,0.201113,0.201113,0.200671,0.0441879,3.56814,4.05345,3.81079,0.242655
6,0.688596,109.559,101.736,0.0740803,C,0.201164,0.200514,0.200514,0.200506,0.000818545,3.46891,3.95293,3.71092,0.242009
6,0.688596,109.834,101.736,0.0765886,C,0.201003,0.199195,0.199195,0.200341,0.114643,3.34921,3.83142,3.59031,0.241106
6,0.688596,110.11,101.736,0.079097,C,0.200842,0.199833,0.199833,0.200178,0.0345088,3.29067,3.77192,3.5313,0.240625
6,0.688596,110.387,101.736,0.0816054,C,0.200682,0.201743,0.201743,0.200016,0.17268,3.27155,3.75247,3.51201,0.240463
6,0.688596,110.664,101.736,0.0841137,C,0.200523,0.198749,0.198749,0.199854,0.110477,3.106,3.5837,3.34485,0.238849
6,0.688596,110.942,101.736,0.0866221,C,0.200365,0.203153,0.203153,0.199694,0.345894,3.16307,3.64187,3.40247,0.239403
6,0.688596,111.221,101.736,0.0891304,C,0.200207,0.19908,0.19908,0.199534,0.0454547,2.96894,3.44345,3.2062,0.237256
6,0.688596,111.5,101.736,0.0916388,C,0.200049,0.198159,0.198159,0.199376,0.121708,2.87043,3.34242,3.10643,0.235996
6,0.688596,111.78,101.736,0.0941472,C,0.199893,0.200827,0.200827,0.199218,0.160915,2.87773,3.34973,3.11373,0.235998
6,0.688596,112.061,101.736,0.0966555,C,0.199737,0.199929,0.199929,0.199061,0.0867768,2.78228,3.25158,3.01693,0.234649
6,0.688596,112.342,101.736,0.0991639,C,0.199582,0.200942,0.200942,0.198906,0.203656,2.74312,3.2111,2.97711,0.233993
6,0.688596,112.624,101.736,0.101672,C,0.199427,0.198178,0.198178,0.198751,0.0572935,2.59773,3.06113,2.82943,0.2317
6,0.688596,112.907,101.736,0.104181,C,0.199273,0.19916,0.19916,0.198597,0.0563087,2.55994,3.02183,2.79088,0.230945
6,0.688596,113.191,101.736,0.106689,C,0.19912,0.198317,0.198317,0.198444,0.012692,2.47223,2.93085,2.70154,0.22931
6,0.688596,113.475,101.736,0.109197,C,0.198968,0.198066,0.198066,0.198292,0.0226822,2.40239,2.85816,2.63027,0.227886
6,0.688596,113.76,101.736,0.111706,C,0.198816,0.198169,0.198169,0.198142,0.002777,2.34351,2.79669,2.5701,0.226589
6,0.688596,114.046,101.736,0.114214,C,0.198665,0.198012,0.198012,0.197992,0.00199523,2.27873,2.72894,2.50384,0.225108
6,0.688596,114.332,101.736,0.116722,C,0.198514,0.193533,0.193533,0.197843,0.431013,2.10109,2.54322,2.32216,0.221064
6,0.688596,114.619,101.736,0.119231,C,0.198364,0.19742,0.19742,0.197695,0.0275258,2.14563,2.58928,2.36745,0.221828
6,0.688596,114.907,101.736,0.121739,C,0.198215,0.19981,0.19981,0.197548,0.226201,2.15103,2.59447,2.37275,0.22172
6,0.688596,115.196,101.736,0.124247,C,0.198067,0.19721,0.19721,0.197403,0.0192987,2.02757,2.4647,2.24614,0.218562
6,0.688596,115.485,101.736,0.126756,C,0.197919,0.197515,0.197515,0.197258,0.0257169,1.98074,2.41499,2.19787,0.217128
6,0.688596,115.775,101.736,0.129264,C,0.197772,0.196926,0.196926,0.197114,0.0188243,1.91241,2.34253,2.12747,0.215063
6,0.688596,116.066,101.736,0.131773,C,0.197625,0.19894,0.19894,0.196971,0.196887,1.91011,2.33958,2.12484,0.214735
6,0.688596,116.357,101.736,0.134281,C,0.197479,0.197285,0.197285,0.19683,0.0455324,1.81768,2.24137,2.02953,0.211845
6,0.688596,116.65,101.736,0.136789,C,0.197334,0.199118,0.199118,0.196689,0.242914,1.81186,2.23465,2.02326,0.211397
6,0.688596,116.943,101.736,0.139298,C,0.19719,0.200921,0.200921,0.196549,0.437148,1.80555,2.22743,2.01649,0.210938
6,0.688596,117.236,101.736,0.141806,C,0.197046,0.197585,0.197585,0.196411,0.117483,1.67719,2.09042,1.88381,0.206614
6,0.688596,117.531,101.736,0.144314,C,0.196903,0.200956,0.200956,0.196273,0.468342,1.70891,2.12365,1.91628,0.207368
6,0.688596,117.826,101.736,0.146823,C,0.19676,0.19828,0.19828,0.196136,0.21435,1.59977,2.00653,1.80315,0.203381
6,0.688596,118.122,101.736,0.149331,C,0.196619,0.195199,0.195199,0.196001,0.0802288,1.48503,1.88271,1.68387,0.198841
6,0.688596,118.418,101.736,0.151839,C,0.196477,0.196812,0.196812,0.195867,0.0945687,1.4773,1.87376,1.67553,0.198227
6,0.688596,118.716,101.736,0.154348,C,0.196337,0.195918,0.195918,0.195733,0.0184466,1.41485,1.80567,1.61026,0.195411
6,0.688596,119.014,101.736,0.156856,C,0.196197,0.197203,0.197203,0.195601,0.16025,1.40086,1.78989,1.59537,0.194514
6,0.688596,119.313,101.736,0.159365,C,0.196058,0.197603,0.197603,0.19547,0.213314,1.36824,1.75388,1.56106,0.192817
6,0.688596,119.613,101.736,0.161873,C,0.19592,0.195948,0.195948,0.195339,0.0608285,1.29335,1.67169,1.48252,0.189173
6,0.688596,119.913,101.736,0.164381,C,0.195782,0.196764,0.196764,0.19521,0.155362,1.27126,1.64692,1.45909,0.187827
6,0.688596,120.214,101.736,0.16689,C,0.195645,0.196266,0.196266,0.195082,0.118383,1.22302,1.59341,1.40822,0.185196
6,0.688596,120.516,101.736,0.169398,C,0.195508,0.198709,0.198709,0.194955,0.37538,1.2348,1.6057,1.42025,0.185449
6,0.688596,120.819,101.736,0.171906,C,0.195373,0.194219,0.194219,0.19483,0.061067,1.10997,1.46741,1.28869,0.178721
6,0.688596,121.122,101.736,0.174415,C,0.195238,0.194853,0.194853,0.194705,0.014785,1.08733,1.44163,1.26448,0.177148
6,0.688596,121.426,101.736,0.176923,C,0.195103,0.195708,0.195708,0.194581,0.112685,1.06937,1.42099,1.24518,0.175813
6,0.688596,121.731,101.736,0.179431,C,0.194969,0.19335,0.19335,0.194459,0.110822,0.992725,1.33471,1.16372,0.170994
6,0.688596,122.037,101.736,0.18194,C,0.194836,0.195522,0.195522,0.194337,0.118521,0.999961,1.34216,1.17106,0.1711
6,0.688596,122.344,101.736,0.184448,C,0.194704,0.191814,0.191814,0.194217,0.240261,0.903157,1.23242,1.06779,0.164633
6,0.688596,122.651,101.736,0.186957,C,0.194572,0.193266,0.193266,0.194097,0.0831639,0.898246,1.22618,1.06222,0.163969
6,0.688596,122.959,101.736,0.189465,C,0.194441,0.193232,0.193232,0.193979,0.0747421,0.8683,1.1915,1.0299,0.161601
6,0.688596,123.268,101.736,0.191973,C,0.194311,0.192683,0.192683,0.193862,0.117964,0.830665,1.1479,0.989281,0.158616
6,0.688596,123.577,101.736,0.194482,C,0.194181,0.193045,0.193045,0.193746,0.0701307,0.808875,1.12227,0.965575,0.1567
6,0.688596,123.888,101.736,0.19699,C,0.194052,0.194089,0.194089,0.193632,0.0457233,0.798488,1.1097,0.954092,0.155603
6,0.688596,124.199,101.736,0.199498,C,0.193923,0.189063,0.189063,0.193518,0.445508,0.694904,0.989059,0.841981,0.147078
6,0.688596,124.511,101.736,0.202007,C,0.193796,0.192294,0.192294,0.193405,0.11119,0.718659,1.0161,0.867377,0.148719
6,0.688596,124.823,101.736,0.204515,C,0.193669,0.190562,0.190562,0.193294,0.273222,0.668664,0.957033,0.812849,0.144184
6,0.688596,125.137,101.736,0.207023,C,0.193542,0.193916,0.193916,0.193184,0.0732581,0.693837,0.985882,0.839859,0.146022
6,0.688596,125.451,101.736,0.209532,C,0.193417,0.193542,0.193542,0.193075,0.0467043,0.66472,0.951138,0.807929,0.143209
6,0.688596,125.766,101.736,0.21204,C,0.193292,0.192485,0.192485,0.192967,0.0481907,0.627013,0.906059,0.766536,0.139523
6,0.688596,126.082,101.736,0.214548,C,0.193167,0.193847,0.193847,0.19286,0.0986934,0.623684,0.901507,0.762596,0.138911
6,0.688596,126.399,101.736,0.217057,C,0.193044,0.192948,0.192948,0.192754,0.0193518,0.58988,0.86073,0.725305,0.135425
6,0.688596,126.716,101.736,0.219565,C,0.192921,0.193458,0.193458,0.19265,0.0808055,0.575715,0.843213,0.709464,0.133749
6,0.688596,127.034,101.736,0.222074,C,0.192798,0.193141,0.193141,0.192546,0.0594373,0.551274,0.813303,0.682288,0.131014
6,0.688596,127.354,101.736,0.224582,C,0.192676,0.193784,0.193784,0.192444,0.133999,0.539659,0.798728,0.669194,0.129534
6,0.688596,127.673,101.736,0.22709,C,0.192555,0.194338,0.194338,0.192343,0.199543,0.527218,0.783123,0.65517,0.127952
6,0.688596,127.994,101.736,0.229599,C,0.192435,0.193997,0.193997,0.192243,0.175412,0.504235,0.754664,0.629449,0.125214
6,0.688596,128.316,101.736,0.232107,C,0.192315,0.189862,0.189862,0.192144,0.228239,0.438642,0.673541,0.556092,0.117449
6,0.688596,128.638,101.736,0.234615,C,0.192196,0.189802,0.189802,0.192047,0.224515,0.421487,0.651657,0.536572,0.115085
6,0.688596,128.961,101.736,0.237124,C,0.192078,0.191379,0.191379,0.19195,0.0571274,0.422426,0.652281,0.537353,0.114928
6,0.688596,129.285,101.736,0.239632,C,0.19196,0.193661,0.193661,0.191855,0.180623,0.431024,0.662449,0.546737,0.115713
6,0.688596,129.609,101.736,0.24214,C,0.191843,0.188288,0.188288,0.191761,0.347255,0.360081,0.572659,0.46637,0.106289
6,0.688596,129.935,101.736,0.244649,C,0.191727,0.193548,0.193548,0.191668,0.188008,0.398398,0.620629,0.509514,0.111116
6,0.688596,130.261,101.736,0.247157,C,0.191611,0.19049,0.19049,0.191577,0.108698,0.353284,0.562954,0.458119,0.104835
6,0.688596,130.588,101.736,0.249666,C,0.191497,0.19359,0.19359,0.191486,0.210349,0.369363,0.58294,0.476152,0.106788
6,0.688596,130.916,101.736,0.252174,C,0.191382,0.192834,0.192834,0.191397,0.143722,0.348144,0.555383,0.451763,0.10362
6,0.688596,131.245,101.736,0.254682,C,0.191269,0.192809,0.192809,0.191309,0.150043,0.33453,0.537413,0.435971,0.101441
6,0.688596,131.575,101.736,0.257191,C,0.191156,0.192299,0.192299,0.191222,0.107707,0.317032,0.51431,0.415671,0.098639
6,0.688596,131.905,101.736,0.259699,C,0.191043,0.19141,0.19141,0.191136,0.0273898,0.297003,0.487717,0.39236,0.0953571
6,0.688596,132.237,101.736,0.262207,C,0.190932,0.191774,0.191774,0.191052,0.0722234,0.288269,0.475786,0.382027,0.0937587
6,0.688596,132.569,101.736,0.264716,C,0.190821,0.194489,0.194489,0.190968,0.352065,0.299367,0.489908,0.394638,0.0952706
6,0.688596,132.902,101.736,0.267224,C,0.19071,0.188422,0.188422,0.190886,0.246449,0.240075,0.410591,0.325333,0.0852582
6,0.688596,133.235,101.736,0.269732,C,0.190601,0.191752,0.191752,0.190805,0.0947153,0.254926,0.430173,0.34255,0.0876232
6,0.688596,133.57,101.736,0.272241,C,0.190492,0.189955,0.189955,0.190726,0.0770274,0.231459,0.398049,0.314754,0.0832949
6,0.688596,133.905,101.736,0.274749,C,0.190384,0.187666,0.187666,0.190647,0.298093,0.206233,0.362992,0.284612,0.0783795
6,0.688596,134.242,101.736,0.277258,C,0.190276,0.190343,0.190343,0.19057,0.0226882,0.215329,0.375157,0.295243,0.0799139
6,0.688596,134.579,101.736,0.279766,C,0.190169,0.191977,0.191977,0.190494,0.148267,0.217373,0.377573,0.297473,0.0801002
6,0.688596,134.917,101.736,0.282274,C,0.190063,0.190253,0.190253,0.190419,0.0165782,0.197153,0.349187,0.27317,0.0760169
6,0.688596,135.256,101.736,0.284783,C,0.189957,0.192224,0.192224,0.190346,0.187842,0.201358,0.354668,0.278013,0.0766548
6,0.688596,135.595,101.736,0.287291,C,0.189852,0.190406,0.190406,0.190273,0.0132771,0.181771,0.326835,0.254303,0.072532
6,0.688596,135.936,101.736,0.289799,C,0.189748,0.191022,0.191022,0.190202,0.0820015,0.177674,0.320672,0.249173,0.0714989
6,0.688596,136.277,101.736,0.292308,C,0.189644,0.188071,0.188071,0.190132,0.206075,0.153657,0.28584,0.219748,0.0660915
6,0.688596,136.62,101.736,0.294816,C,0.189542,0.192306,0.192306,0.190063,0.224254,0.170091,0.309177,0.239634,0.069543
6,0.688596,136.963,101.736,0.297324,C,0.189439,0.18815,0.18815,0.189996,0.184597,0.140812,0.266366,0.203589,0.0627769
6,0.688596,137.307,101.736,0.299833,C,0.189338,0.188147,0.188147,0.18993,0.178325,0.134542,0.256763,0.195653,0.0611101
6,0.688596,137.652,101.736,0.302341,C,0.189237,0.188,0.188,0.189865,0.186523,0.127841,0.246447,0.187144,0.0593031
6,0.688596,137.997,101.736,0.304849,C,0.189137,0.19085,0.19085,0.189801,0.104906,0.135532,0.257607,0.196569,0.0610372
6,0.688596,138.344,101.736,0.307358,C,0.189037,0.188441,0.188441,0.189739,0.129784,0.118527,0.231794,0.17516,0.0566334
6,0.688596,138.691,101.736,0.309866,C,0.188938,0.186697,0.186697,0.189677,0.297996,0.105827,0.212035,0.158931,0.0531038
6,0.688596,139.04,101.736,0.312375,C,0.18884,0.188029,0.188029,0.189617,0.158821,0.106311,0.212503,0.159407,0.0530961
6,0.688596,139.389,101.736,0.314883,C,0.188742,0.186522,0.186522,0.189559,0.303676,0.095566,0.195452,0.145509,0.049943
6,0.688596,139.739,101.736,0.317391,C,0.188645,0.190335,0.190335,0.189501,0.0833462,0.105826,0.211206,0.158516,0.0526898
6,0.688596,140.09,101.736,0.3199,C,0.188549,0.187299,0.187299,0.189445,0.214567,0.089582,0.185443,0.137513,0.0479307
6,0.688596,140.442,101.736,0.322408,C,0.188454,0.191854,0.191854,0.18939,0.246399,0.102254,0.205137,0.153696,0.0514414
6,0.688596,140.795,101.736,0.324916,C,0.188359,0.186243,0.186243,0.189336,0.309323,0.0778368,0.165991,0.121914,0.0440772
6,0.688596,141.148,101.736,0.327425,C,0.188265,0.188714,0.188714,0.189284,0.0569431,0.0821427,0.172758,0.127451,0.0453078
6,0.688596,141.503,101.736,0.329933,C,0.188171,0.189035,0.189035,0.189232,0.0197777,0.0793144,0.167933,0.123624,0.0443095
6,0.688596,141.858,101.736,0.332441,C,0.188078,0.186454,0.186454,0.189182,0.272847,0.0677198,0.148558,0.108139,0.0404189
6,0.688596,142.214,101.736,0.33495,C,0.187986,0.191031,0.191031,0.189134,0.189709,0.0782145,0.165686,0.12195,0.0437359
6,0.688596,142.571,101.736,0.337458,C,0.187895,0.189974,0.189974,0.189086,0.088775,0.0713244,0.154137,0.112731,0.0414062
6,0.688596,142.93,101.736,0.339967,C,0.187804,0.190223,0.190223,0.18904,0.118254,0.0686523,0.149478,0.109065,0.0404128
6,0.688596,143.288,101.736,0.342475,C,0.187714,0.186883,0.186883,0.188995,0.21125,0.0564562,0.128537,0.0924964,0.0360402
6,0.688596,143.648,101.736,0.344983,C,0.187624,0.188361,0.188361,0.188951,0.0590508,0.05735,0.12989,0.0936201,0.0362701
6,0.688596,144.009,101.736,0.347492,C,0.187535,0.188703,0.188703,0.188909,0.0206503,0.0553784,0.126284,0.0908311,0.0354528
6,0.688596,144.371,101.736,0.35,C,0.187447,0.188085,0.188085,0.188868,0.0783294,0.0511963,0.118777,0.0849864,0.0337901
7,0.789474,68.3681,101.993,-0.4,P,0.238918,0.240183,0.240183,0.238371,0.181265,0.153517,0.266858,0.210187,0.0566705
7,0.789474,68.5399,101.993,-0.397492,P,0.238652,0.238581,0.238581,0.23813,0.0451092,0.152158,0.265239,0.208698,0.0565408
7,0.789474,68.712,101.993,-0.394983,P,0.238387,0.23473,0.23473,0.237888,0.315841,0.141628,0.250717,0.196173,0.0545442
7,0.789474,68.8846,101.993,-0.392475,P,0.238123,0.237271,0.237271,0.237648,0.037631,0.157438,0.273172,0.215305,0.0578673
7,0.789474,69.0576,101.993,-0.389967,P,0.237859,0.238883,0.238883,0.237407,0.147615,0.170219,0.291148,0.230684,0.0604644
7,0.789474,69.231,101.993,-0.387458,P,0.237596,0.236652,0.236652,0.237166,0.051441,0.166007,0.285642,0.225824,0.0598175
7,0.789474,69.4049,101.993,-0.38495,P,0.237333,0.237637,0.237637,0.236926,0.0711386,0.176437,0.30029,0.238363,0.0619265
7,0.789474,69.5792,101.993,-0.382441,P,0.237071,0.23378,0.23378,0.236686,0.29055,0.164721,0.284472,0.224596,0.0598753
7,0.789474,69.7539,101.993,-0.379933,P,0.23681,0.23795,0.23795,0.236446,0.15038,0.190506,0.320081,0.255294,0.0647876
7,0.789474,69.9291,101.993,-0.377425,P,0.236549,0.235784,0.235784,0.236206,0.0421629,0.186338,0.31475,0.250544,0.0642061
7,0.789474,70.1048,101.993,-0.374916,P,0.236289,0.233598,0.233598,0.235966,0.236805,0.18209,0.30929,0.24569,0.0636001
7,0.789474,70.2808,101.993,-0.372408,P,0.236029,0.237654,0.237654,0.235727,0.192652,0.209329,0.346413,0.277871,0.0685419
7,0.789474,70.4573,101.993,-0.3699,P,0.235771,0.237108,0.237108,0.235488,0.161986,0.213555,0.352404,0.282979,0.0694243
7,0.789474,70.6343,101.993,-0.367391,P,0.235512,0.23428,0.23428,0.235249,0.0968776,0.205614,0.342131,0.273873,0.0682585
7,0.789474,70.8117,101.993,-0.364883,P,0.235254,0.233427,0.233427,0.23501,0.158353,0.208176,0.345918,0.277047,0.0688712
7,0.789474,70.9895,101.993,-0.362375,P,0.234997,0.236381,0.236381,0.234772,0.160967,0.231983,0.377925,0.304954,0.0729712
7,0.789474,71.1678,101.993,-0.359866,P,0.234741,0.234052,0.234052,0.234533,0.048169,0.226434,0.370963,0.298698,0.0722642
7,0.789474,71.3466,101.993,-0.357358,P,0.234485,0.232556,0.232556,0.234295,0.173906,0.22563,0.370271,0.297951,0.0723205
7,0.789474,71.5258,101.993,-0.354849,P,0.23423,0.233966,0.233966,0.234057,0.00910876,0.241742,0.391903,0.316823,0.0750806
7,0.789474,71.7054,101.993,-0.352341,P,0.233975,0.233705,0.233705,0.23382,0.0114614,0.248407,0.401027,0.324717,0.0763101
7,0.789474,71.8855,101.993,-0.349833,P,0.233721,0.23608,0.23608,0.233582,0.24972,0.271873,0.43193,0.351901,0.0800284
7,0.789474,72.066,101.993,-0.347324,P,0.233467,0.232601,0.232601,0.233345,0.0744089,0.258599,0.415126,0.336863,0.0782637
7,0.789474,72.247,101.993,-0.344816,P,0.233214,0.234025,0.234025,0.233108,0.0917039,0.276635,0.438903,0.357769,0.0811341
7,0.789474,72.4285,101.993,-0.342308,P,0.232962,0.23271,0.23271,0.232871,0.0161606,0.277173,0.440019,0.358596,0.0814228
7,0.789474,72.6104,101.993,-0.339799,P,0.23271,0.234539,0.234539,0.232635,0.19039,0.299003,0.468455,0.383729,0.0847261
7,0.789474,72.7927,101.993,-0.337291,P,0.232459,0.233151,0.233151,0.232399,0.0752275,0.299187,0.46913,0.384159,0.0849714
7,0.789474,72.9755,101.993,-0.334783,P,0.232209,0.232099,0.232099,0.232162,0.00631508,0.301734,0.472824,0.387279,0.0855454
7,0.789474,73.1588,101.993,-0.332274,P,0.231959,0.231578,0.231578,0.231927,0.0348886,0.308086,0.481369,0.394728,0.0866415
7,0.789474,73.3426,101.993,-0.329766,P,0.23171,0.230847,0.230847,0.231691,0.0843876,0.31307,0.488163,0.400616,0.0875464
7,0.789474,73.5268,101.993,-0.327258,P,0.231461,0.231228,0.231228,0.231456,0.0228079,0.326351,0.50545,0.415901,0.0895495
7,0.789474,73.7114,101.993,-0.324749,P,0.231213,0.231625,0.231625,0.231221,0.040457,0.34021,0.523385,0.431798,0.0915875
7,0.789474,73.8966,101.993,-0.322241,P,0.230966,0.22996,0.22996,0.230986,0.102583,0.338537,0.521767,0.430152,0.0916149
7,0.789474,74.0821,101.993,-0.319732,P,0.230719,0.232366,0.232366,0.230751,0.161494,0.368894,0.56022,0.464557,0.095663
7,0.789474,74.2682,101.993,-0.317224,P,0.230472,0.23197,0.23197,0.230517,0.145341,0.377624,0.571568,0.474596,0.0969717
7,0.789474,74.4547,101.993,-0.314716,P,0.230227,0.230543,0.230543,0.230283,0.0259981,0.377999,0.572545,0.475272,0.0972731
7,0.789474,74.6417,101.993,-0.312207,P,0.229982,0.232483,0.232483,0.230049,0.243392,0.406872,0.608709,0.50779,0.100918
7,0.789474,74.8292,101.993,-0.309699,P,0.229737,0.230633,0.230633,0.229816,0.0817196,0.403773,0.605431,0.504602,0.100829
7,0.789474,75.0171,101.993,-0.307191,P,0.229494,0.231725,0.231725,0.229582,0.214304,0.426511,0.633848,0.53018,0.103669
7,0.789474,75.2055,101.993,-0.304682,P,0.22925,0.230288,0.230288,0.229349,0.0939149,0.427123,0.635146,0.531134,0.104012
7,0.789474,75.3944,101.993,-0.302174,P,0.229008,0.229772,0.229772,0.229116,0.0655387,0.436104,0.646665,0.541385,0.105281
7,0.789474,75.5838,101.993,-0.299666,P,0.228766,0.227017,0.227017,0.228884,0.186718,0.424792,0.633417,0.529105,0.104313
7,0.789474,75.7736,101.993,-0.297157,P,0.228524,0.226645,0.226645,0.228652,0.200687,0.435178,0.646674,0.540926,0.105748
7,0.789474,75.9639,101.993,-0.294649,P,0.228284,0.228515,0.228515,0.22842,0.00951159,0.467067,0.685982,0.576525,0.109457
7,0.789474,76.1547,101.993,-0.29214,P,0.228043,0.227618,0.227618,0.228188,0.057013,0.473219,0.694008,0.583613,0.110395
7,0.789474,76.3459,101.993,-0.289632,P,0.227804,0.228212,0.228212,0.227957,0.0254801,0.49424,0.719927,0.607084,0.112844
7,0.789474,76.5377,101.993,-0.287124,P,0.227565,0.227118,0.227118,0.227726,0.0607482,0.498821,0.72604,0.61243,0.11361
7,0.789474,76.7299,101.993,-0.284615,P,0.227326,0.227878,0.227878,0.227495,0.0382958,0.522508,0.755011,0.638759,0.116252
7,0.789474,76.9226,101.993,-0.282107,P,0.227089,0.229062,0.229062,0.227265,0.179783,0.551543,0.790191,0.670867,0.119324
7,0.789474,77.1158,101.993,-0.279599,P,0.226852,0.22824,0.22824,0.227034,0.120516,0.559728,0.800536,0.680132,0.120404
7,0.789474,77.3095,101.993,-0.27709,P,0.226615,0.224075,0.224075,0.226804,0.272952,0.532007,0.768262,0.650135,0.118128
7,0.789474,77.5037,101.993,-0.274582,P,0.226379,0.224203,0.224203,0.226575,0.237143,0.550338,0.790718,0.670528,0.12019
7,0.789474,77.6983,101.993,-0.272074,P,0.226144,0.228029,0.228029,0.226346,0.168312,0.610899,0.862824,0.736861,0.125963
7,0.789474,77.8934,101.993,-0.269565,P,0.225909,0.225688,0.225688,0.226117,0.0428492,0.602549,0.853708,0.728128,0.12558
7,0.789474,78.0891,101.993,-0.267057,P,0.225675,0.226791,0.226791,0.225888,0.0903172,0.634212,0.891486,0.762849,0.128637
7,0.789474,78.2852,101.993,-0.264548,P,0.225441,0.228477,0.228477,0.22566,0.281746,0.674105,0.938624,0.806365,0.13226
7,0.789474,78.4818,101.993,-0.26204,P,0.225208,0.225455,0.225455,0.225431,0.00237798,0.657324,0.919844,0.788584,0.13126
7,0.789474,78.6789,101.993,-0.259532,P,0.224976,0.221838,0.221838,0.225204,0.336537,0.633438,0.892721,0.763079,0.129642
7,0.789474,78.8765,101.993,-0.257023,P,0.224744,0.225988,0.225988,0.224976,0.101196,0.704884,0.976422,0.840653,0.135769
7,0.789474,79.0746,101.993,-0.254515,P,0.224513,0.224432,0.224432,0.224749,0.0317611,0.706256,0.978752,0.842504,0.136248
7,0.789474,79.2732,101.993,-0.252007,P,0.224283,0.226602,0.226602,0.224522,0.207965,0.756176,1.03692,0.896551,0.140374
7,0.789474,79.4723,101.993,-0.249498,P,0.224053,0.223587,0.223587,0.224296,0.0709313,0.738651,1.01758,0.878116,0.139465
7,0.789474,79.6719,101.993,-0.24699,P,0.223824,0.224019,0.224019,0.22407,0.00504028,0.766846,1.05069,0.908766,0.14192
7,0.789474,79.872,101.993,-0.244482,P,0.223595,0.22333,0.22333,0.223844,0.0514313,0.7805,1.06708,0.923792,0.143293
7,0.789474,80.0726,101.993,-0.241973,P,0.223367,0.22422,0.22422,0.223619,0.0601352,0.816356,1.10875,0.962551,0.146195
7,0.789474,80.2737,101.993,-0.239465,P,0.223139,0.226036,0.226036,0.223394,0.264254,0.866625,1.16654,1.01658,0.149956
7,0.789474,80.4753,101.993,-0.236957,P,0.222912,0.225324,0.225324,0.223169,0.215524,0.88157,1.18423,1.0329,0.15133
7,0.789474,80.6774,101.993,-0.234448,P,0.222686,0.221287,0.221287,0.222944,0.165743,0.848285,1.14743,0.99786,0.149574
7,0.789474,80.8801,101.993,-0.23194,P,0.222461,0.220524,0.220524,0.22272,0.219605,0.862478,1.16433,1.01341,0.150928
7,0.789474,81.0832,101.993,-0.229431,P,0.222236,0.22589,0.22589,0.222497,0.339373,0.969537,1.28552,1.12753,0.15799
7,0.789474,81.2868,101.993,-0.226923,P,0.222011,0.22193,0.22193,0.222273,0.034366,0.936064,1.2489,1.09248,0.156418
7,0.789474,81.491,101.993,-0.224415,P,0.221787,0.220918,0.220918,0.22205,0.11317,0.947854,1.26298,1.10542,0.157565
7,0.789474,81.6956,101.993,-0.221906,P,0.221564,0.220927,0.220927,0.221828,0.0900482,0.975838,1.29516,1.1355,0.159663
7,0.789474,81.9008,101.993,-0.219398,P,0.221341,0.220962,0.220962,0.221605,0.0643121,1.00493,1.3285,1.16671,0.161785
7,0.789474,82.1065,101.993,-0.21689,P,0.221119,0.222928,0.222928,0.221383,0.154476,1.06631,1.39757,1.23194,0.165628
7,0.789474,82.3127,101.993,-0.214381,P,0.220898,0.221305,0.221305,0.221162,0.0142837,1.06974,1.40228,1.23601,0.166267
7,0.789474,82.5195,101.993,-0.211873,P,0.220677,0.21965,0.21965,0.220941,0.129053,1.07274,1.40652,1.23963,0.166888
7,0.789474,82.7267,101.993,-0.209365,P,0.220457,0.21916,0.21916,0.22072,0.15601,1.09543,1.43254,1.26399,0.168553
7,0.789474,82.9345,101.993,-0.206856,P,0.220237,0.21978,0.21978,0.220499,0.0719647,1.1377,1.48008,1.30889,0.171191
7,0.789474,83.1428,101.993,-0.204348,P,0.220018,0.218248,0.218248,0.220279,0.203149,1.14348,1.48739,1.31544,0.171958
7,0.789474,83.3516,101.993,-0.201839,P,0.2198,0.219635,0.219635,0.22006,0.0424664,1.20091,1.55139,1.37615,0.175241
7,0.789474,83.5609,101.993,-0.199331,P,0.219582,0.217388,0.217388,0.21984,0.245219,1.19454,1.54538,1.36996,0.175424
7,0.789474,83.7708,101.993,-0.196823,P,0.219365,0.220201,0.220201,0.219621,0.0579234,1.28011,1.63983,1.45997,0.179861
7,0.789474,83.9812,101.993,-0.194314,P,0.219148,0.220807,0.220807,0.219403,0.140406,1.32722,1.69204,1.50963,0.18241
7,0.789474,84.1921,101.993,-0.191806,P,0.218932,0.218208,0.218208,0.219185,0.0977074,1.31476,1.6795,1.49713,0.182371
7,0.789474,84.4035,101.993,-0.189298,P,0.218717,0.22002,0.22002,0.218967,0.105253,1.38631,1.75806,1.57219,0.185875
7,0.789474,84.6155,101.993,-0.186789,P,0.218502,0.21856,0.21856,0.21875,0.0190443,1.39603,1.76958,1.5828,0.186774
7,0.789474,84.828,101.993,-0.184281,P,0.218288,0.215545,0.215545,0.218533,0.29883,1.37564,1.74856,1.5621,0.186459
7,0.789474,85.0411,101.993,-0.181773,P,0.218075,0.220619,0.220619,0.218317,0.230196,1.51544,1.90023,1.70783,0.192398
7,0.789474,85.2547,101.993,-0.179264,P,0.217862,0.218275,0.218275,0.218101,0.0174813,1.50864,1.89397,1.70131,0.192663
7,0.789474,85.4688,101.993,-0.176756,P,0.217649,0.213184,0.213184,0.217885,0.470079,1.4463,1.82798,1.63714,0.19084
7,0.789474,85.6834,101.993,-0.174247,P,0.217438,0.21423,0.21423,0.21767,0.343996,1.5082,1.8956,1.7019,0.1937
7,0.789474,85.8986,101.993,-0.171739,P,0.217226,0.214519,0.214519,0.217455,0.293632,1.55597,1.94787,1.75192,0.195954
7,0.789474,86.1144,101.993,-0.169231,P,0.217016,0.215818,0.215818,0.217241,0.142231,1.62624,2.02405,1.82515,0.198908
7,0.789474,86.3306,101.993,-0.166722,P,0.216806,0.215623,0.215623,0.217027,0.140344,1.66614,2.06766,1.8669,0.200762
7,0.789474,86.5475,101.993,-0.164214,P,0.216597,0.22022,0.22022,0.216813,0.340647,1.81217,2.22378,2.01797,0.205804
7,0.789474,86.7648,101.993,-0.161706,P,0.216388,0.214201,0.214201,0.2166,0.23989,1.72576,2.13323,1.9295,0.203738
7,0.789474,86.9827,101.993,-0.159197,P,0.21618,0.216217,0.216217,0.216388,0.0170247,1.81734,2.23139,2.02436,0.207025
7,0.789474,87.2012,101.993,-0.156689,P,0.215972,0.215682,0.215682,0.216175,0.0493525,1.85329,2.27049,2.06189,0.208597
7,0.789474,87.4202,101.993,-0.154181,P,0.215765,0.218545,0.218545,0.215964,0.258126,1.96836,2.39287,2.18062,0.212257
7,0.789474,87.6398,101.993,-0.151672,P,0.215559,0.217378,0.217378,0.215752,0.162531,1.99182,2.41862,2.20522,0.213401
7,0.789474,87.8599,101.993,-0.149164,P,0.215353,0.216165,0.216165,0.215542,0.0623529,2.01466,2.44371,2.22918,0.214523
7,0.789474,88.0805,101.993,-0.146656,P,0.215148,0.213175,0.213175,0.215331,0.215652,1.99575,2.42495,2.21035,0.2146
7,0.789474,88.3017,101.993,-0.144147,P,0.214944,0.215922,0.215922,0.215121,0.0800774,2.11428,2.55032,2.3323,0.218021
7,0.789474,88.5235,101.993,-0.141639,P,0.21474,0.214184,0.214184,0.214912,0.0728191,2.12616,2.56385,2.345,0.218845
7,0.789474,88.7458,101.993,-0.13913,P,0.214537,0.212895,0.212895,0.214703,0.180798,2.14935,2.5892,2.36928,0.219927
7,0.789474,88.9687,101.993,-0.136622,P,0.214334,0.214645,0.214645,0.214494,0.0150147,2.2485,2.69377,2.47113,0.222635
7,0.789474,89.1922,101.993,-0.134114,P,0.214132,0.213615,0.213615,0.214286,0.0671147,2.27979,2.72746,2.50363,0.223835
7,0.789474,89.4162,101.993,-0.131605,P,0.213931,0.212812,0.212812,0.214079,0.126724,2.31743,2.76772,2.54258,0.225146
7,0.789474,89.6408,101.993,-0.129097,P,0.21373,0.215814,0.215814,0.213872,0.194258,2.45385,2.91042,2.68213,0.228286
7,0.789474,89.8659,101.993,-0.126589,P,0.21353,0.214086,0.214086,0.213665,0.0420591,2.46973,2.92796,2.69884,0.229113
7,0.789474,90.0916,101.993,-0.12408,P,0.21333,0.214088,0.214088,0.213459,0.0628502,2.53147,2.99294,2.76221,0.230734
7,0.789474,90.3179,101.993,-0.121572,P,0.213131,0.215766,0.215766,0.213254,0.251235,2.63911,3.10519,2.87215,0.233045
7,0.789474,90.5447,101.993,-0.119064,P,0.212933,0.213453,0.213453,0.213048,0.0404947,2.64141,3.10863,2.87502,0.233613
7,0.789474,90.7721,101.993,-0.116555,P,0.212735,0.215226,0.215226,0.212844,0.238212,2.75472,3.22644,2.99058,0.235861
7,0.789474,91.0001,101.993,-0.114047,P,0.212537,0.211026,0.211026,0.21264,0.161361,2.70654,3.1779,2.94222,0.235682
7,0.789474,91.2286,101.993,-0.111538,P,0.212341,0.21418,0.21418,0.212436,0.174383,2.86064,3.33741,3.09903,0.238387
7,0.789474,91.4577,101.993,-0.10903,P,0.212145,0.21175,0.21175,0.212233,0.0483253,2.86185,3.3397,3.10078,0.238923
7,0.789474,91.6874,101.993,-0.106522,P,0.21195,0.211764,0.211764,0.21203,0.0266627,2.93194,3.41264,3.17229,0.24035
7,0.789474,91.9177,101.993,-0.104013,P,0.211755,0.213848,0.213848,0.211828,0.201986,3.06221,3.54707,3.30464,0.242433
7,0.789474,92.1486,101.993,-0.101505,P,0.211561,0.210914,0.210914,0.211627,0.0712972,3.05086,3.53647,3.29367,0.242804
7,0.789474,92.38,101.993,-0.0989967,P,0.211367,0.210568,0.210568,0.211426,0.0857681,3.11426,3.6023,3.35828,0.244017
7,0.789474,92.612,101.993,-0.0964883,P,0.211174,0.211207,0.211207,0.211225,0.00179614,3.20752,3.69851,3.45301,0.245496
7,0.789474,92.8446,101.993,-0.0939799,P,0.210982,0.212355,0.212355,0.211026,0.132923,3.31741,3.81153,3.56447,0.247057
7,0.789474,93.0778,101.993,-0.0914716,P,0.21079,0.210264,0.210264,0.210826,0.0561888,3.3332,3.82855,3.58087,0.247677
7,0.789474,93.3115,101.993,-0.0889632,P,0.210599,0.208933,0.208933,0.210627,0.169384,3.37212,3.86912,3.62062,0.2485
7,0.789474,93.5459,101.993,-0.0864548,P,0.210408,0.209776,0.209776,0.210429,0.0653309,3.47714,3.97686,3.727,0.249856
7,0.789474,93.7808,101.993,-0.0839465,P,0.210218,0.207746,0.207746,0.210231,0.248515,3.49695,3.99789,3.74742,0.250469
7,0.789474,94.0164,101.993,-0.0814381,P,0.210029,0.208341,0.208341,0.210034,0.169288,3.59735,4.10071,3.84903,0.25168
7,0.789474,94.2525,101.993,-0.0789298,P,0.20984,0.207874,0.207874,0.209837,0.196361,3.66679,4.172,3.91939,0.252605
7,0.789474,94.4892,101.993,-0.0764214,P,0.209652,0.207585,0.207585,0.209641,0.205601,3.74301,4.25007,3.99654,0.253533
7,0.789474,94.7265,101.993,-0.073913,P,0.209464,0.211907,0.211907,0.209446,0.246113,3.9646,4.47512,4.21986,0.25526
7,0.789474,94.9644,101.993,-0.0714047,P,0.209278,0.212856,0.212856,0.209251,0.360563,4.0835,4.59601,4.33975,0.256259
7,0.789474,95.2029,101.993,-0.0688963,P,0.209091,0.208848,0.208848,0.209056,0.0208054,4.04705,4.55991,4.30348,0.256429
7,0.789474,95.442,101.993,-0.066388,P,0.208906,0.210567,0.210567,0.208862,0.170479,4.19314,4.70808,4.45061,0.257467
7,0.789474,95.6817,101.993,-0.0638796,P,0.20872,0.207796,0.207796,0.208669,0.0873226,4.19737,4.71299,4.45518,0.257814
7,0.789474,95.922,101.993,-0.0613712,P,0.208536,0.207809,0.207809,0.208476,0.0667719,4.29186,4.8089,4.55038,0.258521
7,0.789474,96.163,101.993,-0.0588629,P,0.208352,0.21009,0.21009,0.208284,0.180602,4.46156,4.98044,4.721,0.259439
7,0.789474,96.4045,101.993,-0.0563545,P,0.208169,0.206962,0.206962,0.208093,0.113084,4.45701,4.9764,4.7167,0.259695
7,0.789474,96.6466,101.993,-0.0538462,P,0.207986,0.209725,0.209725,0.207902,0.182335,4.64629,5.16734,4.90682,0.260525
7,0.789474,96.8893,101.993,-0.0513378,P,0.207804,0.207371,0.207371,0.207711,0.0340371,4.6692,5.19082,4.93001,0.260814
7,0.789474,97.1327,101.993,-0.0488294,P,0.207623,0.210943,0.210943,0.207522,0.34216,4.88955,5.41265,5.1511,0.261547
7,0.789474,97.3766,101.993,-0.0463211,P,0.207442,0.209132,0.209132,0.207333,0.17993,4.93307,5.45669,5.19488,0.261809
7,0.789474,97.6212,101.993,-0.0438127,P,0.207261,0.206586,0.206586,0.207144,0.0557756,4.95302,5.47703,5.21503,0.262003
7,0.789474,97.8663,101.993,-0.0413043,P,0.207082,0.208724,0.208724,0.206956,0.176802,5.13144,5.65631,5.39388,0.262432
7,0.789474,98.1121,101.993,-0.038796,P,0.206903,0.206563,0.206563,0.206769,0.0205767,5.16677,5.69194,5.42935,0.262584
7,0.789474,98.3585,101.993,-0.0362876,P,0.206724,0.20743,0.20743,0.206582,0.0848094,5.30592,5.83159,5.56875,0.262831
7,0.789474,98.6056,101.993,-0.0337793,P,0.206546,0.203397,0.203397,0.206396,0.299913,5.27993,5.80563,5.54278,0.262854
7,0.789474,98.8532,101.993,-0.0312709,P,0.206369,0.207816,0.207816,0.206211,0.160572,5.54373,6.06993,5.80683,0.263103
7,0.789474,99.1015,101.993,-0.0287625,P,0.206193,0.205895,0.205895,0.206026,0.013093,5.59255,6.11878,5.85567,0.263115
7,0.789474,99.3504,101.993,-0.0262542,P,0.206017,0.20328,0.20328,0.205842,0.256129,5.61871,6.14487,5.88179,0.263082
7,0.789474,99.5999,101.993,-0.0237458,P,0.205841,0.207798,0.207798,0.205658,0.213952,5.89254,6.41874,6.15564,0.263102
7,0.789474,99.8501,101.993,-0.0212375,P,0.205666,0.203767,0.203767,0.205475,0.170838,5.87257,6.39851,6.13554,0.262972
7,0.789474,100.101,101.993,-0.0187291,P,0.205492,0.206197,0.206197,0.205293,0.0903798,6.0782,6.60388,6.34104,0.26284
7,0.789474,100.352,101.993,-0.0162207,P,0.205319,0.20508,0.20508,0.205112,0.00313904,6.16232,6.6876,6.42496,0.26264
7,0.789474,100.604,101.993,-0.0137124,P,0.205146,0.203527,0.203527,0.204931,0.140375,6.23269,6.75748,6.49508,0.262396
7,0.789474,100.857,101.993,-0.011204,P,0.204973,0.205564,0.205564,0.20475,0.0813797,6.43036,6.95453,6.69244,0.262086
7,0.789474,101.11,101.993,-0.00869565,P,0.204801,0.202909,0.202909,0.204571,0.166215,6.46528,6.98879,6.72703,0.261751
7,0.789474,101.364,101.993,-0.00618729,P,0.20463,0.206392,0.206392,0.204392,0.199993,6.71756,7.24019,6.97887,0.261317
7,0.789474,101.619,101.993,-0.00367893,P,0.20446,0.204981,0.204981,0.204213,0.0767304,6.79955,7.32129,7.06042,0.260872
7,0.789474,101.874,101.993,-0.00117057,P,0.20429,0.197965,0.197965,0.204036,0.607091,6.68531,7.20617,6.94574,0.260435
7,0.789474,102.13,101.993,0.00133779,C,0.20412,0.200264,0.200264,0.203859,0.359443,6.76659,7.28818,7.02738,0.260795
7,0.789474,102.386,101.993,0.00384615,C,0.203952,0.204804,0.204804,0.203683,0.112102,6.81062,7.33444,7.07253,0.261911
7,0.789474,102.643,101.993,0.00635452,C,0.203783,0.202785,0.202785,0.203507,0.0722281,6.62392,7.15001,6.88696,0.263044
7,0.789474,102.901,101.993,0.00886288,C,0.203616,0.205863,0.205863,0.203332,0.253094,6.61883,7.147,6.88292,0.264084
7,0.789474,103.16,101.993,0.0113712,C,0.203449,0.201747,0.201747,0.203158,0.141122,6.36003,6.89029,6.62516,0.265127
7,0.789474,103.419,101.993,0.0138796,C,0.203283,0.206777,0.206777,0.202984,0.379221,6.42651,6.95866,6.69258,0.266071
7,0.789474,103.679,101.993,0.016388,C,0.203117,0.202811,0.202811,0.202812,4.56628e-05,6.17532,6.70931,6.44232,0.266995
7,0.789474,103.939,101.993,0.0188963,C,0.202952,0.202414,0.202414,0.20264,0.0225104,6.0518,6.58751,6.31965,0.267853
7,0.789474,104.2,101.993,0.0214047,C,0.202787,0.202538,0.202538,0.202468,0.00697825,5.9479,6.48522,6.21656,0.26866
7,0.789474,104.462,101.993,0.023913,C,0.202623,0.199828,0.199828,0.202297,0.246912,5.74489,6.28364,6.01426,0.269376
7,0.789474,104.724,101.993,0.0264214,C,0.20246,0.201763,0.201763,0.202127,0.0364148,5.70749,6.24768,5.97759,0.270098
7,0.789474,104.987,101.993,0.0289298,C,0.202297,0.202753,0.202753,0.201958,0.0794408,5.63774,6.17927,5.90851,0.270763
7,0.789474,105.251,101.993,0.0314381,C,0.202135,0.206693,0.206693,0.20179,0.4903,5.67326,6.2162,5.94473,0.27147
7,0.789474,105.515,101.993,0.0339465,C,0.201974,0.200635,0.200635,0.201622,0.0987244,5.35721,5.90084,5.62903,0.271815
7,0.789474,105.78,101.993,0.0364548,C,0.201813,0.200511,0.200511,0.201455,0.0943552,5.25183,5.79638,5.52411,0.272278
7,0.789474,106.046,101.993,0.0389632,C,0.201652,0.199892,0.199892,0.201288,0.139667,5.13026,5.67557,5.40292,0.272655
7,0.789474,106.312,101.993,0.0414716,C,0.201493,0.201916,0.201916,0.201123,0.0793059,5.10257,5.64883,5.3757,0.273131
7,0.789474,106.579,101.993,0.0439799,C,0.201334,0.201595,0.201595,0.200958,0.063668,4.99382,5.54065,5.26723,0.273419
7,0.789474,106.847,101.993,0.0464883,C,0.201175,0.198501,0.198501,0.200794,0.229298,4.78974,5.33657,5.06316,0.273413
7,0.789474,107.115,101.993,0.0489967,C,0.201017,0.200509,0.200509,0.200631,0.0121546,4.76468,5.31221,5.03845,0.273766
7,0.789474,107.384,101.993,0.051505,C,0.20086,0.198767,0.198767,0.200468,0.170059,4.6106,5.15801,4.8843,0.273709
7,0.789474,107.654,101.993,0.0540134,C,0.200703,0.200165,0.200165,0.200306,0.0141469,4.56642,5.11427,4.84035,0.273923
7,0.789474,107.924,101.993,0.0565217,C,0.200547,0.201244,0.201244,0.200145,0.109898,4.51222,5.06036,4.78629,0.274068
7,0.789474,108.195,101.993,0.0590301,C,0.200392,0.197901,0.197901,0.199985,0.2084,4.30743,4.85455,4.58099,0.273559
7,0.789474,108.467,101.993,0.0615385,C,0.200237,0.200783,0.200783,0.199825,0.0957589,4.31714,4.86488,4.59101,0.273871
7,0.789474,108.739,101.993,0.0640468,C,0.200083,0.19666,0.19666,0.199666,0.30061,4.08935,4.63537,4.36236,0.273012
7,0.789474,109.012,101.993,0.0665552,C,0.199929,0.200346,0.200346,0.199508,0.0837803,4.12794,4.67479,4.40137,0.273426
7,0.789474,109.286,101.993,0.0690635,C,0.199776,0.198836,0.198836,0.199351,0.0515085,3.99175,4.53745,4.2646,0.272853
7,0.789474,109.561,101.993,0.0715719,C,0.199624,0.199826,0.199826,0.199195,0.0631416,3.941,4.48642,4.21371,0.27271
7,0.789474,109.836,101.993,0.0740803,C,0.199472,0.198754,0.198754,0.199039,0.0284583,3.82241,4.36655,4.09448,0.272069
7,0.789474,110.112,101.993,0.0765886,C,0.199321,0.200305,0.200305,0.198884,0.142093,3.79233,4.33629,4.06431,0.271979
7,0.789474,110.388,101.993,0.079097,C,0.19917,0.193961,0.193961,0.19873,0.476929,3.5031,4.04262,3.77286,0.269763
7,0.789474,110.666,101.993,0.0816054,C,0.19902,0.199713,0.199713,0.198577,0.113638,3.61292,4.15444,3.88368,0.270759
7,0.789474,110.943,101.993,0.0841137,C,0.198871,0.200944,0.200944,0.198424,0.251949,3.57495,4.11594,3.84544,0.270497
7,0.789474,111.222,101.993,0.0866221,C,0.198722,0.199397,0.199397,0.198273,0.112442,3.44762,3.98634,3.71698,0.269363
7,0.789474,111.501,101.993,0.0891304,C,0.198574,0.194636,0.194636,0.198122,0.348635,3.21921,3.7532,3.48621,0.266993
7,0.789474,111.781,101.993,0.0916388,C,0.198426,0.199826,0.199826,0.197972,0.185418,3.31108,3.84705,3.57906,0.267985
7,0.789474,112.062,101.993,0.0941472,C,0.198279,0.198752,0.198752,0.197823,0.0929363,3.20351,3.73701,3.47026,0.266752
7,0.789474,112.344,101.993,0.0966555,C,0.198133,0.199188,0.199188,0.197674,0.15139,3.14516,3.67719,3.41118,0.266013
7,0.789474,112.626,101.993,0.0991639,C,0.197987,0.199337,0.199337,0.197527,0.181009,3.07878,3.60902,3.3439,0.265119
7,0.789474,112.909,101.993,0.101672,C,0.197842,0.195668,0.195668,0.19738,0.171201,2.89532,3.42033,3.15782,0.262506
7,0.789474,113.192,101.993,0.104181,C,0.197698,0.198315,0.198315,0.197234,0.108127,2.90863,3.43383,3.17123,0.2626
7,0.789474,113.477,101.993,0.106689,C,0.197554,0.198407,0.198407,0.197089,0.131761,2.844,3.36704,3.10552,0.261517
7,0.789474,113.762,101.993,0.109197,C,0.19741,0.197183,0.197183,0.196945,0.0238508,2.74074,3.2602,3.00047,0.259732
7,0.789474,114.047,101.993,0.111706,C,0.197268,0.194988,0.194988,0.196802,0.181318,2.61037,3.12499,2.86768,0.257313
7,0.789474,114.334,101.993,0.114214,C,0.197125,0.199153,0.199153,0.196659,0.249377,2.67065,3.18714,2.9289,0.258243
7,0.789474,114.621,101.993,0.116722,C,0.196984,0.197266,0.197266,0.196517,0.0748852,2.55191,3.06367,2.80779,0.255882
7,0.789474,114.909,101.993,0.119231,C,0.196843,0.19337,0.19337,0.196377,0.300618,2.37751,2.88178,2.62964,0.252134
7,0.789474,115.197,101.993,0.121739,C,0.196703,0.19871,0.19871,0.196237,0.247316,2.47159,2.97943,2.72551,0.253922
7,0.789474,115.487,101.993,0.124247,C,0.196563,0.196207,0.196207,0.196098,0.0109636,2.34029,2.84207,2.59118,0.250889
7,0.789474,115.777,101.993,0.126756,C,0.196424,0.198297,0.198297,0.195959,0.233772,2.34136,2.84277,2.59207,0.250705
7,0.789474,116.067,101.993,0.129264,C,0.196285,0.19525,0.19525,0.195822,0.0572386,2.19867,2.69283,2.44575,0.247077
7,0.789474,116.359,101.993,0.131773,C,0.196147,0.197181,0.197181,0.195685,0.149503,2.19637,2.68993,2.44315,0.246785
7,0.789474,116.651,101.993,0.134281,C,0.19601,0.193914,0.193914,0.19555,0.163608,2.05227,2.5377,2.29499,0.242715
7,0.789474,116.944,101.993,0.136789,C,0.195873,0.194861,0.194861,0.195415,0.0554001,2.02459,2.50793,2.26626,0.241671
7,0.789474,117.238,101.993,0.139298,C,0.195737,0.195951,0.195951,0.195281,0.0670072,2.00126,2.48273,2.242,0.240733
7,0.789474,117.532,101.993,0.141806,C,0.195602,0.193909,0.193909,0.195148,0.123968,1.89597,2.3705,2.13324,0.237268
7,0.789474,117.827,101.993,0.144314,C,0.195467,0.192268,0.192268,0.195016,0.274794,1.80372,2.27168,2.0377,0.233977
7,0.789474,118.123,101.993,0.146823,C,0.195333,0.198001,0.198001,0.194885,0.311592,1.90229,2.37612,2.13921,0.236916
7,0.789474,118.42,101.993,0.149331,C,0.195199,0.194197,0.194197,0.194755,0.055831,1.75621,2.2197,1.98795,0.231744
7,0.789474,118.717,101.993,0.151839,C,0.195066,0.193156,0.193156,0.194626,0.146962,1.68323,2.14083,1.91203,0.228802
7,0.789474,119.016,101.993,0.154348,C,0.194934,0.194587,0.194587,0.194497,0.00894177,1.67254,2.12873,1.90064,0.228095
7,0.789474,119.315,101.993,0.156856,C,0.194802,0.194801,0.194801,0.19437,0.0431406,1.63245,2.08496,1.8587,0.226252
7,0.789474,119.614,101.993,0.159365,C,0.194671,0.192698,0.192698,0.194243,0.15451,1.53779,1.98202,1.7599,0.222118
7,0.789474,119.915,101.993,0.161873,C,0.19454,0.192346,0.192346,0.194117,0.177111,1.48675,1.92598,1.70636,0.219614
7,0.789474,120.216,101.993,0.164381,C,0.19441,0.194474,0.194474,0.193993,0.0481716,1.49433,1.93357,1.71395,0.21962
7,0.789474,120.518,101.993,0.16689,C,0.194281,0.198954,0.198954,0.193869,0.508542,1.55703,2.00101,1.77902,0.221992
7,0.789474,120.82,101.993,0.169398,C,0.194152,0.193028,0.193028,0.193746,0.0717914,1.3795,1.80695,1.59322,0.213726
7,0.789474,121.124,101.993,0.171906,C,0.194024,0.194802,0.194802,0.193624,0.117795,1.37971,1.80653,1.59312,0.213408
7,0.789474,121.428,101.993,0.174415,C,0.193896,0.193162,0.193162,0.193503,0.0340546,1.30476,1.7235,1.51413,0.209368
7,0.789474,121.733,101.993,0.176923,C,0.193769,0.195113,0.195113,0.193383,0.17299,1.30937,1.72791,1.51864,0.209273
7,0.789474,122.039,101.993,0.179431,C,0.193643,0.191453,0.191453,0.193263,0.181048,1.19451,1.60009,1.3973,0.202791
7,0.789474,122.345,101.993,0.18194,C,0.193517,0.190106,0.190106,0.193145,0.303942,1.13161,1.52924,1.33042,0.198817
7,0.789474,122.653,101.993,0.184448,C,0.193392,0.192164,0.192164,0.193028,0.0863499,1.13919,1.53703,1.33811,0.19892
7,0.789474,122.961,101.993,0.186957,C,0.193267,0.194504,0.194504,0.192912,0.159232,1.15252,1.55126,1.35189,0.199369
7,0.789474,123.269,101.993,0.189465,C,0.193143,0.193576,0.193576,0.192796,0.0780181,1.10016,1.49194,1.29605,0.19589
7,0.789474,123.579,101.993,0.191973,C,0.19302,0.194025,0.194025,0.192682,0.134371,1.0762,1.46433,1.27026,0.194066
7,0.789474,123.889,101.993,0.194482,C,0.192897,0.193547,0.193547,0.192568,0.0979082,1.03487,1.41703,1.22595,0.191081
7,0.789474,124.2,101.993,0.19699,C,0.192775,0.192387,0.192387,0.192456,0.00683592,0.981855,1.35624,1.16905,0.18719
7,0.789474,124.512,101.993,0.199498,C,0.192653,0.194231,0.194231,0.192344,0.188704,0.985969,1.36025,1.17311,0.187139
7,0.789474,124.825,101.993,0.202007,C,0.192532,0.193063,0.193063,0.192234,0.0828959,0.93472,1.30112,1.11792,0.1832
7,0.789474,125.139,101.993,0.204515,C,0.192412,0.190159,0.190159,0.192124,0.196514,0.854758,1.20849,1.03162,0.176864
7,0.789474,125.453,101.993,0.207023,C,0.192292,0.192382,0.192382,0.192015,0.0366417,0.865949,1.22074,1.04335,0.177398
7,0.789474,125.768,101.993,0.209532,C,0.192173,0.193821,0.193821,0.191908,0.191358,0.863558,1.21733,1.04044,0.176884
7,0.789474,126.084,101.993,0.21204,C,0.192055,0.190116,0.190116,0.191801,0.168543,0.774742,1.1134,0.944069,0.169327
7,0.789474,126.401,101.993,0.214548,C,0.191937,0.192413,0.192413,0.191695,0.0717742,0.787079,1.12717,0.957123,0.170043
7,0.789474,126.718,101.993,0.217057,C,0.191819,0.190257,0.190257,0.191591,0.133404,0.727534,1.0566,0.892067,0.164533
7,0.789474,127.036,101.993,0.219565,C,0.191703,0.193841,0.193841,0.191487,0.235381,0.760253,1.09446,0.927358,0.167105
7,0.789474,127.355,101.993,0.222074,C,0.191587,0.192291,0.192291,0.191384,0.0906391,0.711796,1.03671,0.874254,0.162457
7,0.789474,127.675,101.993,0.224582,C,0.191471,0.189873,0.189873,0.191283,0.140968,0.652426,0.965418,0.808922,0.156496
7,0.789474,127.996,101.993,0.22709,C,0.191356,0.192684,0.192684,0.191182,0.150176,0.671992,0.988163,0.830078,0.158086
7,0.789474,128.317,101.993,0.229599,C,0.191242,0.191142,0.191142,0.191082,0.00593412,0.627596,0.934362,0.780979,0.153383
7,0.789474,128.64,101.993,0.232107,C,0.191128,0.192368,0.192368,0.190984,0.138439,0.624016,0.929436,0.776726,0.15271
7,0.789474,128.963,101.993,0.234615,C,0.191015,0.193199,0.193199,0.190886,0.231361,0.61494,0.917888,0.766414,0.151474
7,0.789474,129.286,101.993,0.237124,C,0.190903,0.18899,0.18899,0.190789,0.179872,0.537815,0.823391,0.680603,0.142788
7,0.789474,129.611,101.993,0.239632,C,0.190791,0.188584,0.188584,0.190693,0.210974,0.513987,0.793421,0.653704,0.139717
7,0.789474,129.937,101.993,0.24214,C,0.19068,0.192229,0.192229,0.190599,0.163061,0.542603,0.828082,0.685343,0.142739
7,0.789474,130.263,101.993,0.244649,C,0.190569,0.189714,0.189714,0.190505,0.0790804,0.492483,0.76557,0.629026,0.136543
7,0.789474,130.59,101.993,0.247157,C,0.190459,0.189452,0.189452,0.190413,0.0960575,0.472076,0.739528,0.605802,0.133726
7,0.789474,130.918,101.993,0.249666,C,0.190349,0.187585,0.187585,0.190321,0.273566,0.433725,0.690668,0.562197,0.128472
7,0.789474,131.247,101.993,0.252174,C,0.190241,0.189505,0.189505,0.19023,0.0725792,0.439861,0.697871,0.568866,0.129005
7,0.789474,131.577,101.993,0.254682,C,0.190132,0.190848,0.190848,0.190141,0.0707353,0.4394,0.696735,0.568068,0.128668
7,0.789474,131.907,101.993,0.257191,C,0.190025,0.189359,0.189359,0.190052,0.0693233,0.407359,0.655444,0.531401,0.124043
7,0.789474,132.238,101.993,0.259699,C,0.189918,0.18897,0.18897,0.189965,0.099457,0.388506,0.630713,0.509609,0.121103
7,0.789474,132.57,101.993,0.262207,C,0.189811,0.191202,0.191202,0.189878,0.132353,0.397823,0.642163,0.519993,0.12217
7,0.789474,132.903,101.993,0.264716,C,0.189706,0.192206,0.192206,0.189793,0.241274,0.394076,0.636831,0.515453,0.121378
7,0.789474,133.237,101.993,0.267224,C,0.1896,0.194106,0.194106,0.189709,0.439723,0.399869,0.64376,0.521814,0.121945
7,0.789474,133.572,101.993,0.269732,C,0.189496,0.188792,0.188792,0.189625,0.083305,0.332745,0.556008,0.444377,0.111632
7,0.789474,133.907,101.993,0.272241,C,0.189392,0.191426,0.191426,0.189543,0.188254,0.345367,0.572109,0.458738,0.113371
7,0.789474,134.244,101.993,0.274749,C,0.189288,0.190663,0.190663,0.189462,0.120137,0.325524,0.545491,0.435507,0.109983
7,0.789474,134.581,101.993,0.277258,C,0.189186,0.18838,0.18838,0.189382,0.100178,0.293025,0.501668,0.397347,0.104321
7,0.789474,134.919,101.993,0.279766,C,0.189083,0.190055,0.190055,0.189303,0.0752329,0.296363,0.505683,0.401023,0.10466
7,0.789474,135.258,101.993,0.282274,C,0.188982,0.189265,0.189265,0.189225,0.0039965,0.278464,0.481074,0.379769,0.101305
7,0.789474,135.597,101.993,0.284783,C,0.188881,0.19043,0.19043,0.189148,0.12825,0.277486,0.479296,0.378391,0.100905
7,0.789474,135.938,101.993,0.287291,C,0.18878,0.18836,0.18836,0.189072,0.0711365,0.250367,0.441763,0.346065,0.095698
7,0.789474,136.279,101.993,0.289799,C,0.188681,0.187614,0.187614,0.188997,0.138307,0.234953,0.419959,0.327456,0.0925031
7,0.789474,136.622,101.993,0.292308,C,0.188582,0.190523,0.190523,0.188923,0.16003,0.247576,0.437047,0.342312,0.0947359
7,0.789474,136.965,101.993,0.294816,C,0.188483,0.185438,0.185438,0.18885,0.341245,0.201605,0.372059,0.286832,0.0852268
7,0.789474,137.309,101.993,0.297324,C,0.188385,0.189919,0.189919,0.188779,0.114008,0.224379,0.403915,0.314147,0.0897677
7,0.789474,137.654,101.993,0.299833,C,0.188288,0.184571,0.184571,0.188708,0.413743,0.179992,0.340057,0.260024,0.0800327
7,0.789474,137.999,101.993,0.302341,C,0.188191,0.1921,0.1921,0.188638,0.346137,0.222265,0.400145,0.311205,0.0889397
7,0.789474,138.346,101.993,0.304849,C,0.188095,0.192512,0.192512,0.18857,0.394245,0.216485,0.391612,0.304049,0.0875632
7,0.789474,138.693,101.993,0.307358,C,0.187999,0.189133,0.189133,0.188503,0.0630486,0.18591,0.347516,0.266713,0.0808029
7,0.789474,139.042,101.993,0.309866,C,0.187904,0.189902,0.189902,0.188436,0.146615,0.183166,0.343165,0.263165,0.0799996
7,0.789474,139.391,101.993,0.312375,C,0.18781,0.185129,0.185129,0.188371,0.324175,0.148337,0.291304,0.219821,0.0714833
7,0.789474,139.741,101.993,0.314883,C,0.187716,0.187051,0.187051,0.188307,0.125626,0.152419,0.297095,0.224757,0.0723382
7,0.789474,140.092,101.993,0.317391,C,0.187623,0.188268,0.188268,0.188244,0.00244059,0.152643,0.297089,0.224866,0.072223
7,0.789474,140.444,101.993,0.3199,C,0.187531,0.18646,0.18646,0.188182,0.172237,0.136866,0.272875,0.204871,0.0680041
7,0.789474,140.796,101.993,0.322408,C,0.187439,0.187358,0.187358,0.188121,0.0762655,0.13554,0.27052,0.20303,0.0674901
7,0.789474,141.15,101.993,0.324916,C,0.187348,0.186533,0.186533,0.188061,0.152839,0.125802,0.255193,0.190498,0.0646952
7,0.789474,141.505,101.993,0.327425,C,0.187257,0.186898,0.186898,0.188003,0.110487,0.122103,0.249127,0.185615,0.063512
7,0.789474,141.86,101.993,0.329933,C,0.187167,0.188982,0.188982,0.187945,0.103658,0.126536,0.255715,0.191125,0.0645893
7,0.789474,142.216,101.993,0.332441,C,0.187078,0.18766,0.18766,0.187888,0.022801,0.115176,0.237666,0.176421,0.0612446
7,0.789474,142.573,101.993,0.33495,C,0.186989,0.187109,0.187109,0.187833,0.0724254,0.107843,0.225748,0.166796,0.058952
7,0.789474,142.931,101.993,0.337458,C,0.1869,0.185617,0.185617,0.187779,0.216133,0.0971244,0.208197,0.152661,0.0555365
7,0.789474,143.29,101.993,0.339967,C,0.186813,0.188245,0.188245,0.187725,0.0519725,0.103217,0.217779,0.160498,0.0572812
7,0.789474,143.65,101.993,0.342475,C,0.186726,0.189879,0.189879,0.187673,0.220544,0.105337,0.22091,0.163124,0.0577862
7,0.789474,144.011,101.993,0.344983,C,0.186639,0.187417,0.187417,0.187622,0.020475,0.0912642,0.197812,0.144538,0.0532738
7,0.789474,144.373,101.993,0.347492,C,0.186553,0.185652,0.185652,0.187572,0.19201,0.080986,0.180455,0.130721,0.0497347
7,0.789474,144.735,101.993,0.35,C,0.186468,0.18503,0.18503,0.187523,0.249369,0.0752665,0.170514,0.12289,0.0476239
8,0.890351,68.5408,102.251,-0.4,P,0.234643,0.232298,0.232298,0.23431,0.201202,0.177437,0.312772,0.245104,0.0676674
8,0.890351,68.7129,102.251,-0.397492,P,0.234396,0.231434,0.231434,0.234085,0.265076,0.179206,0.315579,0.247392,0.0681864
8,0.890351,68.8855,102.251,-0.394983,P,0.234149,0.232228,0.232228,0.23386,0.163118,0.189313,0.329976,0.259644,0.0703313
8,0.890351,69.0585,102.251,-0.392475,P,0.233903,0.234162,0.234162,0.233635,0.052719,0.205912,0.353168,0.27954,0.0736276
8,0.890351,69.2319,102.251,-0.389967,P,0.233658,0.234192,0.234192,0.23341,0.0781831,0.212895,0.363055,0.287975,0.0750798
8,0.890351,69.4058,102.251,-0.387458,P,0.233413,0.232763,0.232763,0.233185,0.0422534,0.211958,0.362146,0.287052,0.0750942
8,0.890351,69.5801,102.251,-0.38495,P,0.233168,0.235347,0.235347,0.232961,0.238632,0.233859,0.392133,0.312996,0.0791373
8,0.890351,69.7549,102.251,-0.382441,P,0.232924,0.232929,0.232929,0.232737,0.0191842,0.227185,0.383539,0.305362,0.0781768
8,0.890351,69.9301,102.251,-0.379933,P,0.232681,0.23359,0.23359,0.232513,0.107689,0.238593,0.399258,0.318926,0.0803328
8,0.890351,70.1057,102.251,-0.377425,P,0.232438,0.233722,0.233722,0.232289,0.143372,0.247185,0.411134,0.32916,0.0819744
8,0.890351,70.2818,102.251,-0.374916,P,0.232196,0.236467,0.236467,0.232065,0.440237,0.272789,0.445413,0.359101,0.0863119
8,0.890351,70.4583,102.251,-0.372408,P,0.231954,0.231919,0.231919,0.231842,0.00770542,0.251997,0.418354,0.335175,0.0831782
8,0.890351,70.6352,102.251,-0.3699,P,0.231713,0.232384,0.232384,0.231618,0.0765542,0.2632,0.433619,0.34841,0.0852095
8,0.890351,70.8126,102.251,-0.367391,P,0.231473,0.232202,0.232202,0.231395,0.0806364,0.270511,0.443687,0.357099,0.0865879
8,0.890351,70.9905,102.251,-0.364883,P,0.231233,0.233445,0.233445,0.231172,0.227239,0.287685,0.466631,0.377158,0.0894726
8,0.890351,71.1688,102.251,-0.362375,P,0.230993,0.234553,0.234553,0.23095,0.360322,0.304672,0.489155,0.396914,0.0922414
8,0.890351,71.3475,102.251,-0.359866,P,0.230754,0.229582,0.229582,0.230727,0.114499,0.279289,0.456535,0.367912,0.088623
8,0.890351,71.5267,102.251,-0.357358,P,0.230516,0.233054,0.233054,0.230505,0.254912,0.313083,0.500941,0.407012,0.0939292
8,0.890351,71.7064,102.251,-0.354849,P,0.230278,0.231119,0.231119,0.230283,0.0836835,0.308727,0.495781,0.402254,0.0935271
8,0.890351,71.8865,102.251,-0.352341,P,0.230041,0.228726,0.228726,0.230061,0.133483,0.301057,0.486313,0.393685,0.0926278
8,0.890351,72.067,102.251,-0.349833,P,0.229804,0.22997,0.22997,0.229839,0.013112,0.319998,0.511273,0.415635,0.0956377
8,0.890351,72.248,102.251,-0.347324,P,0.229568,0.231099,0.231099,0.229617,0.148127,0.338879,0.53597,0.437425,0.0985457
8,0.890351,72.4294,102.251,-0.344816,P,0.229332,0.228517,0.228517,0.229396,0.0879036,0.329399,0.524332,0.426866,0.0974666
8,0.890351,72.6114,102.251,-0.342308,P,0.229097,0.229146,0.229146,0.229175,0.00291844,0.344856,0.544598,0.444727,0.0998709
8,0.890351,72.7937,102.251,-0.339799,P,0.228863,0.228277,0.228277,0.228954,0.0676803,0.348781,0.550107,0.449444,0.100663
8,0.890351,72.9765,102.251,-0.337291,P,0.228629,0.227676,0.227676,0.228733,0.105771,0.354934,0.558449,0.456692,0.101758
8,0.890351,73.1598,102.251,-0.334783,P,0.228395,0.229706,0.229706,0.228513,0.119336,0.383216,0.594713,0.488964,0.105749
8,0.890351,73.3436,102.251,-0.332274,P,0.228162,0.225739,0.225739,0.228293,0.255388,0.361522,0.567866,0.464694,0.103172
8,0.890351,73.5278,102.251,-0.329766,P,0.22793,0.230601,0.230601,0.228073,0.252786,0.415339,0.635973,0.525656,0.110317
8,0.890351,73.7124,102.251,-0.327258,P,0.227698,0.227098,0.227098,0.227853,0.0754764,0.396696,0.613264,0.50498,0.108284
8,0.890351,73.8976,102.251,-0.324749,P,0.227467,0.228447,0.228447,0.227633,0.0813634,0.421288,0.644495,0.532892,0.111603
8,0.890351,74.0832,102.251,-0.322241,P,0.227236,0.226833,0.226833,0.227414,0.0580489,0.419421,0.642748,0.531085,0.111663
8,0.890351,74.2692,102.251,-0.319732,P,0.227006,0.226065,0.226065,0.227195,0.113036,0.425314,0.650648,0.537981,0.112667
8,0.890351,74.4557,102.251,-0.317224,P,0.226777,0.223284,0.223284,0.226976,0.369185,0.412721,0.635574,0.524148,0.111426
8,0.890351,74.6427,102.251,-0.314716,P,0.226548,0.226723,0.226723,0.226757,0.00343794,0.458484,0.692803,0.575644,0.11716
8,0.890351,74.8302,102.251,-0.312207,P,0.226319,0.228556,0.228556,0.226539,0.201691,0.490885,0.73307,0.611978,0.121092
8,0.890351,75.0181,102.251,-0.309699,P,0.226091,0.227055,0.227055,0.226321,0.0733766,0.490351,0.733041,0.611696,0.121345
8,0.890351,75.2065,102.251,-0.307191,P,0.225864,0.226654,0.226654,0.226103,0.0550662,0.501095,0.74675,0.623922,0.122828
8,0.890351,75.3954,102.251,-0.304682,P,0.225637,0.223967,0.223967,0.225885,0.191835,0.488429,0.731964,0.610197,0.121767
8,0.890351,75.5848,102.251,-0.302174,P,0.225411,0.227089,0.227089,0.225668,0.142071,0.536535,0.790947,0.663741,0.127206
8,0.890351,75.7746,102.251,-0.299666,P,0.225185,0.223813,0.223813,0.225451,0.163778,0.517214,0.768256,0.642735,0.125521
8,0.890351,75.9649,102.251,-0.297157,P,0.22496,0.22307,0.22307,0.225234,0.216334,0.524972,0.778312,0.651642,0.12667
8,0.890351,76.1557,102.251,-0.294649,P,0.224736,0.225426,0.225426,0.225017,0.0408885,0.567157,0.829756,0.698456,0.131299
8,0.890351,76.347,102.251,-0.29214,P,0.224512,0.224948,0.224948,0.224801,0.0147404,0.578654,0.8442,0.711427,0.132773
8,0.890351,76.5387,102.251,-0.289632,P,0.224288,0.22528,0.22528,0.224584,0.0695438,0.599801,0.870116,0.734959,0.135157
8,0.890351,76.731,102.251,-0.287124,P,0.224065,0.225534,0.225534,0.224369,0.116524,0.620618,0.895546,0.758082,0.137464
8,0.890351,76.9237,102.251,-0.284615,P,0.223843,0.224497,0.224497,0.224153,0.0343671,0.626383,0.903095,0.764739,0.138356
8,0.890351,77.1169,102.251,-0.282107,P,0.223621,0.224958,0.224958,0.223938,0.102004,0.650563,0.932389,0.791476,0.140913
8,0.890351,77.3105,102.251,-0.279599,P,0.2234,0.224616,0.224616,0.223722,0.0893282,0.66537,0.95056,0.807965,0.142595
8,0.890351,77.5047,102.251,-0.27709,P,0.223179,0.224078,0.224078,0.223508,0.056993,0.678011,0.966157,0.822084,0.144073
8,0.890351,77.6994,102.251,-0.274582,P,0.222959,0.224006,0.224006,0.223293,0.0712777,0.696918,0.989065,0.842991,0.146073
8,0.890351,77.8945,102.251,-0.272074,P,0.222739,0.223251,0.223251,0.223079,0.0171836,0.707327,1.002,0.854663,0.147336
8,0.890351,78.0901,102.251,-0.269565,P,0.22252,0.222096,0.222096,0.222865,0.0769076,0.712659,1.009,0.860831,0.148173
8,0.890351,78.2863,102.251,-0.267057,P,0.222301,0.221319,0.221319,0.222651,0.133191,0.723118,1.02199,0.872553,0.149435
8,0.890351,78.4829,102.251,-0.264548,P,0.222084,0.221943,0.221943,0.222438,0.0494298,0.752777,1.05726,0.905017,0.15224
8,0.890351,78.68,102.251,-0.26204,P,0.221866,0.223035,0.223035,0.222225,0.0810772,0.789853,1.10094,0.945398,0.155545
8,0.890351,78.8776,102.251,-0.259532,P,0.221649,0.221675,0.221675,0.222012,0.0337119,0.793189,1.10561,0.949401,0.156212
8,0.890351,79.0757,102.251,-0.257023,P,0.221433,0.224367,0.224367,0.221799,0.256745,0.855107,1.17753,1.01632,0.161213
8,0.890351,79.2743,102.251,-0.254515,P,0.221217,0.221088,0.221088,0.221587,0.0499161,0.830864,1.15061,0.990739,0.159875
8,0.890351,79.4734,102.251,-0.252007,P,0.221002,0.221303,0.221303,0.221375,0.00722956,0.857851,1.18237,1.02011,0.16226
8,0.890351,79.673,102.251,-0.249498,P,0.220787,0.22028,0.22028,0.221163,0.0883329,0.866899,1.19357,1.03024,0.163337
8,0.890351,79.8731,102.251,-0.24699,P,0.220573,0.220388,0.220388,0.220952,0.0563488,0.893291,1.22454,1.05891,0.165622
8,0.890351,80.0737,102.251,-0.244482,P,0.22036,0.217538,0.217538,0.220741,0.320281,0.874876,1.20444,1.03966,0.164784
8,0.890351,80.2748,102.251,-0.241973,P,0.220147,0.21788,0.21788,0.22053,0.265021,0.905363,1.24005,1.07271,0.167345
8,0.890351,80.4764,102.251,-0.239465,P,0.219934,0.220655,0.220655,0.220319,0.0335624,0.975444,1.32029,1.14787,0.172425
8,0.890351,80.6785,102.251,-0.236957,P,0.219722,0.220862,0.220862,0.220109,0.0752348,1.00607,1.3557,1.18089,0.174812
8,0.890351,80.8812,102.251,-0.234448,P,0.219511,0.220742,0.220742,0.219899,0.0842261,1.03202,1.38575,1.20889,0.176868
8,0.890351,81.0843,102.251,-0.23194,P,0.2193,0.217273,0.217273,0.21969,0.241719,1.00261,1.35367,1.17814,0.175533
8,0.890351,81.2879,102.251,-0.229431,P,0.21909,0.219485,0.219485,0.219481,0.000413121,1.06827,1.42821,1.24824,0.179974
8,0.890351,81.4921,102.251,-0.226923,P,0.21888,0.214197,0.214197,0.219272,0.507527,1.00778,1.3614,1.18459,0.176814
8,0.890351,81.6968,102.251,-0.224415,P,0.218671,0.219024,0.219024,0.219063,0.00390223,1.11988,1.48767,1.30377,0.183898
8,0.890351,81.9019,102.251,-0.221906,P,0.218463,0.221745,0.221745,0.218855,0.288955,1.19947,1.57687,1.38817,0.188701
8,0.890351,82.1076,102.251,-0.219398,P,0.218254,0.220324,0.220324,0.218647,0.167688,1.20566,1.58469,1.39517,0.189517
8,0.890351,82.3138,102.251,-0.21689,P,0.218047,0.217246,0.217246,0.21844,0.119373,1.18167,1.55917,1.37042,0.188755
8,0.890351,82.5206,102.251,-0.214381,P,0.21784,0.218713,0.218713,0.218232,0.0481029,1.24124,1.62593,1.43358,0.192345
8,0.890351,82.7278,102.251,-0.211873,P,0.217634,0.214904,0.214904,0.218026,0.312113,1.20345,1.58529,1.39437,0.190919
8,0.890351,82.9356,102.251,-0.209365,P,0.217428,0.216233,0.216233,0.217819,0.158606,1.26165,1.65043,1.45604,0.194391
8,0.890351,83.1439,102.251,-0.206856,P,0.217223,0.215803,0.215803,0.217613,0.181015,1.28765,1.68002,1.48383,0.196188
8,0.890351,83.3527,102.251,-0.204348,P,0.217018,0.218172,0.218172,0.217407,0.0765547,1.36898,1.77005,1.56952,0.200534
8,0.890351,83.5621,102.251,-0.201839,P,0.216814,0.215868,0.215868,0.217201,0.133349,1.3595,1.76076,1.56013,0.200629
8,0.890351,83.7719,102.251,-0.199331,P,0.21661,0.21691,0.21691,0.216996,0.00863059,1.41693,1.82439,1.62066,0.203733
8,0.890351,83.9823,102.251,-0.196823,P,0.216407,0.215418,0.215418,0.216791,0.13734,1.42407,1.83324,1.62866,0.204582
8,0.890351,84.1932,102.251,-0.194314,P,0.216204,0.215583,0.215583,0.216587,0.100432,1.4654,1.87918,1.67229,0.206891
8,0.890351,84.4047,102.251,-0.191806,P,0.216002,0.215995,0.215995,0.216383,0.038832,1.51282,1.93162,1.72222,0.209396
8,0.890351,84.6167,102.251,-0.189298,P,0.215801,0.216719,0.216719,0.216179,0.0540285,1.56801,1.99228,1.78014,0.212138
8,0.890351,84.8292,102.251,-0.186789,P,0.2156,0.216733,0.216733,0.215976,0.0756979,1.6091,2.03763,1.82336,0.214264
8,0.890351,85.0422,102.251,-0.184281,P,0.2154,0.215954,0.215954,0.215773,0.0181294,1.63373,2.0652,1.84946,0.215738
8,0.890351,85.2558,102.251,-0.181773,P,0.2152,0.215054,0.215054,0.21557,0.0516428,1.65613,2.09037,1.87325,0.217119
8,0.890351,85.4699,102.251,-0.179264,P,0.215001,0.212951,0.212951,0.215368,0.241662,1.65225,2.08734,1.8698,0.217544
8,0.890351,85.6846,102.251,-0.176756,P,0.214802,0.212182,0.212182,0.215166,0.298425,1.67817,2.11627,1.89722,0.219049
8,0.890351,85.8998,102.251,-0.174247,P,0.214604,0.213345,0.213345,0.214965,0.162011,1.74846,2.19258,1.97052,0.222062
8,0.890351,86.1155,102.251,-0.171739,P,0.214407,0.217144,0.217144,0.214764,0.237993,1.88192,2.33583,2.10887,0.226951
8,0.890351,86.3318,102.251,-0.169231,P,0.21421,0.213423,0.213423,0.214563,0.114009,1.84143,2.29394,2.06769,0.226255
8,0.890351,86.5486,102.251,-0.166722,P,0.214013,0.21357,0.21357,0.214363,0.0792625,1.89192,2.34872,2.12032,0.228401
8,0.890351,86.766,102.251,-0.164214,P,0.213817,0.216314,0.216314,0.214163,0.215152,2.00612,2.47078,2.23845,0.232331
8,0.890351,86.9839,102.251,-0.161706,P,0.213622,0.214064,0.214064,0.213963,0.0100729,2.00089,2.46641,2.23365,0.232759
8,0.890351,87.2024,102.251,-0.159197,P,0.213427,0.213514,0.213514,0.213764,0.025002,2.03744,2.50616,2.2718,0.234358
8,0.890351,87.4214,102.251,-0.156689,P,0.213233,0.211807,0.211807,0.213565,0.175851,2.04597,2.51632,2.28115,0.235178
8,0.890351,87.641,102.251,-0.154181,P,0.213039,0.213876,0.213876,0.213367,0.050943,2.14941,2.62638,2.3879,0.238483
8,0.890351,87.8611,102.251,-0.151672,P,0.212846,0.211928,0.211928,0.213169,0.12413,2.15288,2.63119,2.39203,0.239157
8,0.890351,88.0817,102.251,-0.149164,P,0.212653,0.212692,0.212692,0.212972,0.0279332,2.22601,2.7091,2.46756,0.241545
8,0.890351,88.3029,102.251,-0.146656,P,0.212461,0.213303,0.213303,0.212775,0.0528362,2.29668,2.78425,2.54046,0.243787
8,0.890351,88.5247,102.251,-0.144147,P,0.21227,0.209477,0.209477,0.212578,0.310094,2.25238,2.73908,2.49573,0.243353
8,0.890351,88.747,102.251,-0.141639,P,0.212079,0.212425,0.212425,0.212382,0.00429312,2.38636,2.88025,2.63331,0.246943
8,0.890351,88.9699,102.251,-0.13913,P,0.211889,0.213499,0.213499,0.212186,0.131357,2.47317,2.97185,2.72251,0.249336
8,0.890351,89.1934,102.251,-0.136622,P,0.211699,0.209821,0.209821,0.21199,0.216908,2.43275,2.93094,2.68184,0.249095
8,0.890351,89.4174,102.251,-0.134114,P,0.21151,0.211866,0.211866,0.211795,0.00701791,2.54799,3.05193,2.79996,0.25197
8,0.890351,89.642,102.251,-0.131605,P,0.211321,0.21236,0.21236,0.211601,0.0759143,2.62274,3.13063,2.87668,0.253944
8,0.890351,89.8671,102.251,-0.129097,P,0.211133,0.210608,0.210608,0.211407,0.0798885,2.63606,3.14559,2.89083,0.254763
8,0.890351,90.0928,102.251,-0.126589,P,0.210945,0.213039,0.213039,0.211213,0.182539,2.76773,3.28294,3.02533,0.257603
8,0.890351,90.3191,102.251,-0.12408,P,0.210758,0.21166,0.21166,0.21102,0.0640492,2.79316,3.31033,3.05174,0.258585
8,0.890351,90.5459,102.251,-0.121572,P,0.210571,0.210576,0.210576,0.210827,0.0250778,2.82754,3.34694,3.08724,0.2597
8,0.890351,90.7733,102.251,-0.119064,P,0.210385,0.210261,0.210261,0.210635,0.0374371,2.88485,3.40714,3.146,0.261148
8,0.890351,91.0013,102.251,-0.116555,P,0.2102,0.210244,0.210244,0.210443,0.0199457,2.95193,3.47733,3.21463,0.262696
8,0.890351,91.2298,102.251,-0.114047,P,0.210015,0.207492,0.207492,0.210252,0.275981,2.93956,3.46573,3.20265,0.263084
8,0.890351,91.459,102.251,-0.111538,P,0.209831,0.21167,0.21167,0.210061,0.160927,3.13334,3.66584,3.39959,0.26625
8,0.890351,91.6887,102.251,-0.10903,P,0.209647,0.209974,0.209974,0.20987,0.0103746,3.15387,3.68797,3.42092,0.267049
8,0.890351,91.919,102.251,-0.106522,P,0.209464,0.211367,0.211367,0.20968,0.168644,3.26861,3.80653,3.53757,0.268958
8,0.890351,92.1498,102.251,-0.104013,P,0.209281,0.207993,0.207993,0.209491,0.149729,3.23942,3.77772,3.50857,0.269153
8,0.890351,92.3812,102.251,-0.101505,P,0.209099,0.20754,0.20754,0.209301,0.176116,3.29991,3.84065,3.57028,0.270369
8,0.890351,92.6133,102.251,-0.0989967,P,0.208918,0.208918,0.208918,0.209113,0.0194391,3.41834,3.96263,3.69048,0.272147
8,0.890351,92.8459,102.251,-0.0964883,P,0.208737,0.208929,0.208929,0.208925,0.000444921,3.49594,4.04279,3.76937,0.273425
8,0.890351,93.079,102.251,-0.0939799,P,0.208556,0.206975,0.206975,0.208737,0.176218,3.51285,4.06103,3.78694,0.27409
8,0.890351,93.3128,102.251,-0.0914716,P,0.208376,0.206121,0.206121,0.20855,0.242863,3.56516,4.1153,3.84023,0.27507
8,0.890351,93.5472,102.251,-0.0889632,P,0.208197,0.204533,0.204533,0.208363,0.383022,3.59495,4.14661,3.87078,0.27583
8,0.890351,93.7821,102.251,-0.0864548,P,0.208018,0.208818,0.208818,0.208177,0.0641263,3.81469,4.37085,4.09277,0.278081
8,0.890351,94.0176,102.251,-0.0839465,P,0.20784,0.206124,0.206124,0.207991,0.186718,3.81101,4.36804,4.08952,0.278513
8,0.890351,94.2538,102.251,-0.0814381,P,0.207662,0.209723,0.209723,0.207806,0.191695,4.01359,4.57432,4.29396,0.280363
8,0.890351,94.4905,102.251,-0.0789298,P,0.207485,0.209832,0.209832,0.207621,0.221051,4.10407,4.66678,4.38542,0.281351
8,0.890351,94.7278,102.251,-0.0764214,P,0.207308,0.206793,0.206793,0.207437,0.0643819,4.0914,4.65478,4.37309,0.281686
8,0.890351,94.9657,102.251,-0.073913,P,0.207132,0.208573,0.208573,0.207253,0.131977,4.23994,4.80578,4.52286,0.282922
8,0.890351,95.2042,102.251,-0.0714047,P,0.206957,0.208304,0.208304,0.20707,0.123389,4.32172,4.88916,4.60544,0.283721
8,0.890351,95.4433,102.251,-0.0688963,P,0.206782,0.209447,0.209447,0.206888,0.255924,4.45264,5.02204,4.73734,0.284698
8,0.890351,95.683,102.251,-0.066388,P,0.206608,0.207448,0.207448,0.206705,0.0742204,4.47839,5.0487,4.76354,0.285153
8,0.890351,95.9233,102.251,-0.0638796,P,0.206434,0.209024,0.209024,0.206524,0.250021,4.62735,5.1995,4.91342,0.286079
8,0.890351,96.1643,102.251,-0.0613712,P,0.206261,0.202757,0.202757,0.206343,0.358613,4.50825,5.08013,4.79419,0.28594
8,0.890351,96.4058,102.251,-0.0588629,P,0.206088,0.206129,0.206129,0.206162,0.00331186,4.72188,5.2959,5.00889,0.28701
8,0.890351,96.6479,102.251,-0.0563545,P,0.205916,0.206409,0.206409,0.205982,0.0426935,4.83073,5.40598,5.11835,0.287625
8,0.890351,96.8906,102.251,-0.0538462,P,0.205744,0.20617,0.20617,0.205803,0.0367597,4.92302,5.49929,5.21115,0.288136
8,0.890351,97.134,102.251,-0.0513378,P,0.205573,0.20609,0.20609,0.205624,0.0466809,5.02233,5.59956,5.31094,0.288616
8,0.890351,97.3779,102.251,-0.0488294,P,0.205402,0.207588,0.207588,0.205445,0.214241,5.17888,5.75721,5.46805,0.289164
8,0.890351,97.6225,102.251,-0.0463211,P,0.205232,0.202406,0.202406,0.205267,0.286123,5.10033,5.6787,5.38951,0.289185
8,0.890351,97.8677,102.251,-0.0438127,P,0.205063,0.205685,0.205685,0.20509,0.0594735,5.32332,5.90282,5.61307,0.289751
8,0.890351,98.1135,102.251,-0.0413043,P,0.204894,0.207765,0.207765,0.204913,0.285148,5.50603,6.08631,5.79617,0.290143
8,0.890351,98.3599,102.251,-0.038796,P,0.204726,0.206616,0.206616,0.204737,0.187941,5.57475,6.15539,5.86507,0.290317
8,0.890351,98.6069,102.251,-0.0362876,P,0.204558,0.205243,0.205243,0.204561,0.0682029,5.6366,6.21749,5.92705,0.290447
8,0.890351,98.8546,102.251,-0.0337793,P,0.204391,0.206438,0.206438,0.204386,0.205159,5.79272,6.37396,6.08334,0.29062
8,0.890351,99.1028,102.251,-0.0312709,P,0.204224,0.205402,0.205402,0.204211,0.119052,5.86961,6.45096,6.16028,0.290674
8,0.890351,99.3517,102.251,-0.0287625,P,0.204058,0.205523,0.205523,0.204037,0.148561,5.99006,6.57148,6.28077,0.29071
8,0.890351,99.6013,102.251,-0.0262542,P,0.203893,0.206258,0.206258,0.203864,0.239402,6.13462,6.71602,6.42532,0.2907
8,0.890351,99.8514,102.251,-0.0237458,P,0.203728,0.203895,0.203895,0.203691,0.0203699,6.16714,6.74836,6.45775,0.290607
8,0.890351,100.102,102.251,-0.0212375,P,0.203563,0.205233,0.205233,0.203519,0.171401,6.33714,6.91814,6.62764,0.290497
8,0.890351,100.354,102.251,-0.0187291,P,0.203399,0.204006,0.204006,0.203347,0.0658576,6.41428,6.99493,6.7046,0.290324
8,0.890351,100.606,102.251,-0.0162207,P,0.203236,0.207203,0.207203,0.203176,0.402689,6.65668,7.23687,6.94678,0.290093
8,0.890351,100.858,102.251,-0.0137124,P,0.203073,0.205818,0.205818,0.203005,0.281216,6.73117,7.31082,7.02099,0.289821
8,0.890351,101.112,102.251,-0.011204,P,0.202911,0.200165,0.200165,0.202836,0.267031,6.64831,7.22739,6.93785,0.289539
8,0.890351,101.366,102.251,-0.00869565,P,0.202749,0.202378,0.202378,0.202666,0.0288311,6.85948,7.43777,7.14863,0.289149
8,0.890351,101.62,102.251,-0.00618729,P,0.202588,0.201329,0.201329,0.202497,0.11686,6.95082,7.52829,7.23955,0.288735
8,0.890351,101.875,102.251,-0.00367893,P,0.202428,0.200557,0.200557,0.202329,0.177189,7.0541,7.63063,7.34237,0.288269
8,0.890351,102.131,102.251,-0.00117057,P,0.202267,0.20239,0.20239,0.202162,0.022777,7.25653,7.83197,7.54425,0.287716
8,0.890351,102.388,102.251,0.00133779,C,0.202108,0.205029,0.205029,0.201995,0.303389,7.35625,7.93245,7.64435,0.288104
8,0.890351,102.645,102.251,0.00384615,C,0.201949,0.201185,0.201185,0.201829,0.0643748,7.09595,7.67476,7.38535,0.289405
8,0.890351,102.903,102.251,0.00635452,C,0.201791,0.200453,0.200453,0.201663,0.121036,6.95338,7.53462,7.244,0.290616
8,0.890351,103.161,102.251,0.00886288,C,0.201633,0.201719,0.201719,0.201498,0.0220961,6.88703,7.47055,7.17879,0.291756
8,0.890351,103.42,102.251,0.0113712,C,0.201476,0.199799,0.199799,0.201333,0.153439,6.70194,7.2877,6.99482,0.292876
8,0.890351,103.68,102.251,0.0138796,C,0.201319,0.200315,0.200315,0.20117,0.0854446,6.60959,7.19743,6.90351,0.293923
8,0.890351,103.94,102.251,0.016388,C,0.201163,0.202174,0.202174,0.201006,0.116783,6.5689,7.15874,6.86382,0.294919
8,0.890351,104.201,102.251,0.0188963,C,0.201007,0.200888,0.200888,0.200844,0.00438178,6.4109,7.00265,6.70677,0.295872
8,0.890351,104.463,102.251,0.0214047,C,0.200852,0.20119,0.20119,0.200682,0.0507834,6.31381,6.90736,6.61058,0.296772
8,0.890351,104.725,102.251,0.023913,C,0.200697,0.201193,0.201193,0.200521,0.0672801,6.2066,6.80183,6.50421,0.29762
8,0.890351,104.988,102.251,0.0264214,C,0.200544,0.203525,0.203525,0.20036,0.316554,6.18802,6.78492,6.48647,0.298449
8,0.890351,105.252,102.251,0.0289298,C,0.20039,0.198575,0.198575,0.2002,0.162468,5.8969,6.4951,6.196,0.299098
8,0.890351,105.516,102.251,0.0314381,C,0.200237,0.197569,0.197569,0.200041,0.247172,5.75525,6.35472,6.05499,0.299739
8,0.890351,105.781,102.251,0.0339465,C,0.200085,0.200509,0.200509,0.199882,0.0626781,5.76265,6.36356,6.06311,0.300453
8,0.890351,106.047,102.251,0.0364548,C,0.199933,0.197354,0.197354,0.199724,0.236933,5.54293,6.1447,5.84381,0.300889
8,0.890351,106.313,102.251,0.0389632,C,0.199782,0.198955,0.198955,0.199566,0.0611474,5.50226,6.1052,5.80373,0.301467
8,0.890351,106.58,102.251,0.0414716,C,0.199631,0.198818,0.198818,0.19941,0.0591646,5.39778,6.0016,5.69969,0.301909
8,0.890351,106.848,102.251,0.0439799,C,0.199481,0.200797,0.200797,0.199254,0.154306,5.37316,5.97804,5.6756,0.302439
8,0.890351,107.117,102.251,0.0464883,C,0.199332,0.199608,0.199608,0.199098,0.0509532,5.23176,5.83717,5.53446,0.302702
8,0.890351,107.386,102.251,0.0489967,C,0.199183,0.200683,0.200683,0.198944,0.173982,5.17557,5.78174,5.47866,0.303086
8,0.890351,107.655,102.251,0.051505,C,0.199034,0.198747,0.198747,0.19879,0.00429574,5.00904,5.61531,5.31217,0.303134
8,0.890351,107.926,102.251,0.0540134,C,0.198886,0.201769,0.201769,0.198636,0.313274,5.02672,5.63399,5.33035,0.303634
8,0.890351,108.197,102.251,0.0565217,C,0.198739,0.196132,0.196132,0.198484,0.235203,4.72691,5.33305,5.02998,0.303071
8,0.890351,108.468,102.251,0.0590301,C,0.198592,0.197401,0.197401,0.198332,0.0930662,4.68223,5.28877,4.9855,0.30327
8,0.890351,108.741,102.251,0.0615385,C,0.198446,0.204651,0.204651,0.19818,0.647088,4.85685,5.46546,5.16115,0.304304
8,0.890351,109.014,102.251,0.0640468,C,0.1983,0.1989,0.1989,0.19803,0.0870597,4.55767,5.1645,4.86108,0.303413
8,0.890351,109.288,102.251,0.0665552,C,0.198155,0.195717,0.195717,0.19788,0.216319,4.35457,4.95999,4.65728,0.30271
8,0.890351,109.562,102.251,0.0690635,C,0.198011,0.196175,0.196175,0.197731,0.155599,4.28464,4.8898,4.58722,0.30258
8,0.890351,109.837,102.251,0.0715719,C,0.197867,0.194843,0.194843,0.197582,0.273973,4.15164,4.75566,4.45365,0.302012
8,0.890351,110.113,102.251,0.0740803,C,0.197723,0.198389,0.198389,0.197435,0.0954045,4.19416,4.79913,4.49665,0.302482
8,0.890351,110.39,102.251,0.0765886,C,0.19758,0.196139,0.196139,0.197287,0.114799,4.03087,4.63402,4.33245,0.301574
8,0.890351,110.667,102.251,0.079097,C,0.197438,0.195951,0.195951,0.197141,0.119021,3.94234,4.54448,4.24341,0.301075
8,0.890351,110.945,102.251,0.0816054,C,0.197296,0.197328,0.197328,0.196996,0.0332841,3.91003,4.51194,4.21099,0.300956
8,0.890351,111.224,102.251,0.0841137,C,0.197155,0.196584,0.196584,0.196851,0.026673,3.80416,4.40454,4.10435,0.300192
8,0.890351,111.503,102.251,0.0866221,C,0.197014,0.197335,0.197335,0.196707,0.062807,3.75169,4.35133,4.05151,0.299819
8,0.890351,111.783,102.251,0.0891304,C,0.196874,0.196495,0.196495,0.196563,0.00680898,3.64507,4.24283,3.94395,0.298883
8,0.890351,112.064,102.251,0.0916388,C,0.196734,0.196241,0.196241,0.19642,0.0179519,3.56003,4.15616,3.8581,0.298067
8,0.890351,112.345,102.251,0.0941472,C,0.196595,0.195074,0.195074,0.196278,0.120414,3.44512,4.03878,3.74195,0.296835
8,0.890351,112.627,102.251,0.0966555,C,0.196457,0.195493,0.195493,0.196137,0.0644075,3.38552,3.9778,3.68166,0.296141
8,0.890351,112.91,102.251,0.0991639,C,0.196319,0.197829,0.197829,0.195997,0.183221,3.39148,3.9839,3.68769,0.296208
8,0.890351,113.194,102.251,0.101672,C,0.196181,0.196725,0.196725,0.195857,0.0867788,3.2823,3.87192,3.57711,0.294812
8,0.890351,113.478,102.251,0.104181,C,0.196044,0.195737,0.195737,0.195718,0.00192118,3.17865,3.76538,3.47201,0.293364
8,0.890351,113.763,102.251,0.106689,C,0.195908,0.19613,0.19613,0.19558,0.0550633,3.12209,3.70707,3.41458,0.29249
8,0.890351,114.049,102.251,0.109197,C,0.195772,0.195812,0.195812,0.195442,0.0369259,3.04313,3.62556,3.33435,0.291219
8,0.890351,114.335,102.251,0.111706,C,0.195637,0.194835,0.194835,0.195306,0.0470645,2.94409,3.52315,3.23362,0.28953
8,0.890351,114.622,102.251,0.114214,C,0.195502,0.192845,0.192845,0.19517,0.232463,2.81426,3.38857,3.10141,0.287158
8,0.890351,114.91,102.251,0.116722,C,0.195368,0.196145,0.196145,0.195034,0.111012,2.85486,3.43037,3.14262,0.287755
8,0.890351,115.199,102.251,0.119231,C,0.195235,0.197624,0.197624,0.1949,0.272399,2.83758,3.41221,3.1249,0.287316
8,0.890351,115.488,102.251,0.121739,C,0.195102,0.192385,0.192385,0.194766,0.238178,2.60978,3.17518,2.89248,0.282699
8,0.890351,115.778,102.251,0.124247,C,0.194969,0.195758,0.195758,0.194634,0.112411,2.65318,3.22004,2.93661,0.283428
8,0.890351,116.069,102.251,0.126756,C,0.194837,0.197774,0.197774,0.194502,0.327224,2.65452,3.22111,2.93782,0.283293
8,0.890351,116.361,102.251,0.129264,C,0.194706,0.194342,0.194342,0.19437,0.00286963,2.48897,3.0479,2.76843,0.279465
8,0.890351,116.653,102.251,0.131773,C,0.194575,0.196827,0.196827,0.19424,0.25876,2.50565,3.06496,2.7853,0.279658
8,0.890351,116.946,102.251,0.134281,C,0.194445,0.19419,0.19419,0.19411,0.00801679,2.36835,2.9206,2.64447,0.276128
8,0.890351,117.239,102.251,0.136789,C,0.194315,0.195229,0.195229,0.193981,0.124832,2.34263,2.89313,2.61788,0.275249
8,0.890351,117.534,102.251,0.139298,C,0.194186,0.19391,0.19391,0.193853,0.0056957,2.24819,2.79318,2.52068,0.272496
8,0.890351,117.829,102.251,0.141806,C,0.194058,0.192435,0.192435,0.193726,0.129022,2.15125,2.69023,2.42074,0.269487
8,0.890351,118.125,102.251,0.144314,C,0.19393,0.197124,0.197124,0.193599,0.352511,2.2329,2.7761,2.5045,0.271597
8,0.890351,118.422,102.251,0.146823,C,0.193802,0.1932,0.1932,0.193473,0.0273096,2.06789,2.60074,2.33431,0.266427
8,0.890351,118.719,102.251,0.149331,C,0.193675,0.190691,0.190691,0.193348,0.265755,1.94694,2.47133,2.20914,0.262196
8,0.890351,119.017,102.251,0.151839,C,0.193549,0.193102,0.193102,0.193224,0.0122013,1.96367,2.48862,2.22614,0.262475
8,0.890351,119.316,102.251,0.154348,C,0.193423,0.191316,0.191316,0.193101,0.178524,1.86583,2.38334,2.12459,0.258754
8,0.890351,119.616,102.251,0.156856,C,0.193298,0.192339,0.192339,0.192979,0.0639582,1.84548,2.3609,2.10319,0.257708
8,0.890351,119.916,102.251,0.159365,C,0.193173,0.191867,0.191867,0.192857,0.0989706,1.78581,2.29611,2.04096,0.25515
8,0.890351,120.217,102.251,0.161873,C,0.193049,0.189831,0.189831,0.192736,0.290553,1.68671,2.18846,1.93758,0.250871
8,0.890351,120.519,102.251,0.164381,C,0.192925,0.191646,0.191646,0.192616,0.0970365,1.68882,2.1901,1.93946,0.250636
8,0.890351,120.822,102.251,0.16689,C,0.192802,0.192617,0.192617,0.192497,0.0120342,1.66943,2.16844,1.91893,0.249505
8,0.890351,121.125,102.251,0.169398,C,0.19268,0.190881,0.190881,0.192379,0.149777,1.58214,2.07287,1.82751,0.245365
8,0.890351,121.43,102.251,0.171906,C,0.192558,0.192754,0.192754,0.192261,0.0493107,1.58648,2.07695,1.83172,0.245235
8,0.890351,121.735,102.251,0.174415,C,0.192436,0.194311,0.194311,0.192145,0.216662,1.58306,2.07258,1.82782,0.244761
8,0.890351,122.04,102.251,0.176923,C,0.192315,0.191083,0.191083,0.192029,0.0945794,1.46313,1.94058,1.70186,0.238724
8,0.890351,122.347,102.251,0.179431,C,0.192195,0.188871,0.188871,0.191914,0.304338,1.37138,1.83869,1.60503,0.233655
8,0.890351,122.654,102.251,0.18194,C,0.192075,0.189724,0.189724,0.1918,0.207576,1.35307,1.81771,1.58539,0.23232
8,0.890351,122.962,102.251,0.184448,C,0.191956,0.191666,0.191666,0.191687,0.00202586,1.36021,1.82493,1.59257,0.232363
8,0.890351,123.271,102.251,0.186957,C,0.191837,0.190294,0.190294,0.191574,0.127981,1.29175,1.74815,1.51995,0.228204
8,0.890351,123.581,102.251,0.189465,C,0.191719,0.191814,0.191814,0.191463,0.0351604,1.28966,1.74514,1.5174,0.22774
8,0.890351,123.891,102.251,0.191973,C,0.191602,0.189025,0.189025,0.191352,0.232687,1.19274,1.63591,1.41433,0.221587
8,0.890351,124.202,102.251,0.194482,C,0.191485,0.191361,0.191361,0.191242,0.0118585,1.20903,1.65352,1.43127,0.222247
8,0.890351,124.514,102.251,0.19699,C,0.191368,0.188637,0.188637,0.191133,0.249656,1.11727,1.5493,1.33328,0.216014
8,0.890351,124.827,102.251,0.199498,C,0.191252,0.19026,0.19026,0.191025,0.076529,1.11858,1.55008,1.33433,0.215749
8,0.890351,125.14,102.251,0.202007,C,0.191137,0.191908,0.191908,0.190918,0.0990156,1.1205,1.55156,1.33603,0.21553
8,0.890351,125.455,102.251,0.204515,C,0.191022,0.193443,0.193443,0.190812,0.263173,1.12013,1.55047,1.3353,0.215168
8,0.890351,125.77,102.251,0.207023,C,0.190908,0.188675,0.188675,0.190706,0.203104,0.992998,1.40463,1.19881,0.205814
8,0.890351,126.086,102.251,0.209532,C,0.190794,0.193528,0.193528,0.190602,0.292671,1.05904,1.47961,1.26933,0.210284
8,0.890351,126.402,102.251,0.21204,C,0.190681,0.188179,0.188179,0.190498,0.231881,0.925437,1.32519,1.12531,0.199877
8,0.890351,126.72,102.251,0.214548,C,0.190569,0.193868,0.193868,0.190395,0.347301,1.00565,1.41712,1.21138,0.205733
8,0.890351,127.038,102.251,0.217057,C,0.190457,0.190435,0.190435,0.190293,0.0141813,0.911841,1.30801,1.10993,0.198086
8,0.890351,127.357,102.251,0.219565,C,0.190345,0.194028,0.194028,0.190192,0.383602,0.951207,1.35301,1.15211,0.200901
8,0.890351,127.677,102.251,0.222074,C,0.190234,0.193475,0.193475,0.190092,0.338281,0.913216,1.30827,1.11074,0.197527
8,0.890351,127.998,102.251,0.224582,C,0.190124,0.187971,0.187971,0.189993,0.202152,0.789186,1.16205,0.97562,0.186433
8,0.890351,128.319,102.251,0.22709,C,0.190014,0.189821,0.189821,0.189895,0.0073264,0.796143,1.16961,0.982876,0.186733
8,0.890351,128.641,102.251,0.229599,C,0.189905,0.193449,0.193449,0.189797,0.365225,0.8339,1.21351,1.02371,0.189807
8,0.890351,128.964,102.251,0.232107,C,0.189796,0.189405,0.189405,0.189701,0.0295199,0.740941,1.10263,0.921786,0.180845
8,0.890351,129.288,102.251,0.234615,C,0.189688,0.189579,0.189579,0.189605,0.00261093,0.72062,1.07764,0.899131,0.178511
8,0.890351,129.613,102.251,0.237124,C,0.18958,0.192547,0.192547,0.18951,0.303612,0.745844,1.10719,0.926517,0.180672
8,0.890351,129.938,102.251,0.239632,C,0.189473,0.189303,0.189303,0.189417,0.0113997,0.67175,1.01743,0.844592,0.172841
8,0.890351,130.265,102.251,0.24214,C,0.189367,0.187149,0.187149,0.189324,0.217481,0.618107,0.951441,0.784774,0.166667
8,0.890351,130.592,102.251,0.244649,C,0.189261,0.188992,0.188992,0.189232,0.0239485,0.625026,0.95927,0.792148,0.167122
8,0.890351,130.92,102.251,0.247157,C,0.189155,0.187777,0.187777,0.189141,0.136338,0.58738,0.912371,0.749875,0.162495
8,0.890351,131.249,102.251,0.249666,C,0.18905,0.188741,0.188741,0.189051,0.0309761,0.581735,0.904769,0.743252,0.161517
8,0.890351,131.578,102.251,0.252174,C,0.188946,0.184814,0.184814,0.188962,0.41475,0.509587,0.814114,0.661851,0.152263
8,0.890351,131.909,102.251,0.254682,C,0.188842,0.190258,0.190258,0.188873,0.138421,0.565084,0.882908,0.723996,0.158912
8,0.890351,132.24,102.251,0.257191,C,0.188739,0.191425,0.191425,0.188786,0.263934,0.562629,0.879259,0.720944,0.158315
8,0.890351,132.572,102.251,0.259699,C,0.188637,0.188625,0.188625,0.1887,0.00749605,0.507345,0.809454,0.658399,0.151054
8,0.890351,132.905,102.251,0.262207,C,0.188534,0.19079,0.19079,0.188614,0.217554,0.518303,0.822667,0.670485,0.152182
8,0.890351,133.239,102.251,0.264716,C,0.188433,0.189811,0.189811,0.18853,0.128118,0.488787,0.784802,0.636795,0.148008
8,0.890351,133.574,102.251,0.267224,C,0.188332,0.190536,0.190536,0.188446,0.208946,0.481446,0.774904,0.628175,0.146729
8,0.890351,133.909,102.251,0.269732,C,0.188231,0.18769,0.18769,0.188364,0.0673571,0.431372,0.710137,0.570754,0.139382
8,0.890351,134.245,102.251,0.272241,C,0.188132,0.185514,0.185514,0.188282,0.276774,0.392049,0.658356,0.525203,0.133153
8,0.890351,134.583,102.251,0.274749,C,0.188032,0.188164,0.188164,0.188201,0.00369385,0.40743,0.677927,0.542679,0.135248
8,0.890351,134.921,102.251,0.277258,C,0.187933,0.18918,0.18918,0.188121,0.105836,0.404559,0.673633,0.539096,0.134537
8,0.890351,135.259,102.251,0.279766,C,0.187835,0.185587,0.185587,0.188042,0.245579,0.352535,0.604419,0.478477,0.125942
8,0.890351,135.599,102.251,0.282274,C,0.187738,0.187635,0.187635,0.187965,0.0329692,0.360811,0.614916,0.487864,0.127053
8,0.890351,135.94,102.251,0.284783,C,0.18764,0.191066,0.191066,0.187888,0.317808,0.383769,0.644781,0.514275,0.130506
8,0.890351,136.281,102.251,0.287291,C,0.187544,0.188084,0.188084,0.187812,0.0272669,0.340131,0.586247,0.463189,0.123058
8,0.890351,136.623,102.251,0.289799,C,0.187448,0.186393,0.186393,0.187737,0.134365,0.311838,0.547483,0.42966,0.117822
8,0.890351,136.967,102.251,0.292308,C,0.187352,0.185516,0.185516,0.187663,0.214628,0.292509,0.52052,0.406515,0.114005
8,0.890351,137.311,102.251,0.294816,C,0.187257,0.187235,0.187235,0.18759,0.0354639,0.297123,0.526375,0.411749,0.114626
8,0.890351,137.655,102.251,0.297324,C,0.187163,0.188003,0.188003,0.187517,0.0485861,0.293147,0.520431,0.406789,0.113642
8,0.890351,138.001,102.251,0.299833,C,0.187069,0.188261,0.188261,0.187446,0.0814361,0.284739,0.50836,0.396549,0.111811
8,0.890351,138.348,102.251,0.302341,C,0.186976,0.186919,0.186919,0.187376,0.0456915,0.263,0.477637,0.370318,0.107319
8,0.890351,138.695,102.251,0.304849,C,0.186883,0.186534,0.186534,0.187307,0.0773146,0.25011,0.45904,0.354575,0.104465
8,0.890351,139.043,102.251,0.307358,C,0.186791,0.189646,0.189646,0.187239,0.240698,0.265941,0.480852,0.373396,0.107455
8,0.890351,139.393,102.251,0.309866,C,0.186699,0.18622,0.18622,0.187171,0.0951353,0.229286,0.4285,0.328893,0.0996072
8,0.890351,139.743,102.251,0.312375,C,0.186608,0.185657,0.185657,0.187105,0.144852,0.216442,0.409547,0.312994,0.0965525
8,0.890351,140.094,102.251,0.314883,C,0.186518,0.185618,0.185618,0.18704,0.142212,0.207864,0.396647,0.302256,0.0943919
8,0.890351,140.446,102.251,0.317391,C,0.186428,0.187714,0.187714,0.186975,0.0738517,0.214631,0.406087,0.310359,0.0957276
8,0.890351,140.798,102.251,0.3199,C,0.186338,0.185486,0.185486,0.186912,0.142562,0.191221,0.371355,0.281288,0.090067
8,0.890351,141.152,102.251,0.322408,C,0.18625,0.184842,0.184842,0.18685,0.20081,0.179603,0.353646,0.266624,0.0870215
8,0.890351,141.506,102.251,0.324916,C,0.186161,0.189699,0.189699,0.186788,0.291032,0.204376,0.38994,0.297158,0.0927817
8,0.890351,141.862,102.251,0.327425,C,0.186074,0.188644,0.188644,0.186728,0.19164,0.18963,0.367827,0.278728,0.0890987
8,0.890351,142.218,102.251,0.329933,C,0.185986,0.185366,0.185366,0.186669,0.130299,0.162159,0.326128,0.244144,0.0819841
8,0.890351,142.575,102.251,0.332441,C,0.1859,0.190571,0.190571,0.18661,0.396048,0.187481,0.363888,0.275684,0.0882035
8,0.890351,142.933,102.251,0.33495,C,0.185814,0.186655,0.186655,0.186553,0.0102084,0.156764,0.317145,0.236955,0.0801906
8,0.890351,143.292,102.251,0.337458,C,0.185728,0.187921,0.187921,0.186496,0.142469,0.157703,0.318235,0.237969,0.080266
8,0.890351,143.652,102.251,0.339967,C,0.185643,0.1835,0.1835,0.186441,0.294095,0.128062,0.27155,0.199806,0.0717436
8,0.890351,144.013,102.251,0.342475,C,0.185559,0.185653,0.185653,0.186386,0.073323,0.133505,0.279871,0.206688,0.0731829
8,0.890351,144.375,102.251,0.344983,C,0.185475,0.185307,0.185307,0.186333,0.102637,0.126348,0.268159,0.197254,0.0709054
8,0.890351,144.737,102.251,0.347492,C,0.185391,0.182727,0.182727,0.18628,0.355334,0.109248,0.240109,0.174679,0.0654306
8,0.890351,145.101,102.251,0.35,C,0.185309,0.18512,0.18512,0.186229,0.110901,0.11529,0.249692,0.182491,0.067201
9,0.991228,68.7139,102.509,-0.4,P,0.230727,0.231583,0.231583,0.23025,0.133304,0.236119,0.407885,0.322002,0.085883
9,0.991228,68.8864,102.509,-0.397492,P,0.230495,0.231029,0.231029,0.23004,0.0988414,0.24013,0.413767,0.326948,0.0868187
9,0.991228,69.0594,102.509,-0.394983,P,0.230264,0.229772,0.229772,0.229831,0.00592711,0.239856,0.413811,0.326833,0.0869775
9,0.991228,69.2329,102.509,-0.392475,P,0.230033,0.232264,0.232264,0.229622,0.26418,0.263475,0.446196,0.354835,0.0913605
9,0.991228,69.4068,102.509,-0.389967,P,0.229803,0.227493,0.227493,0.229413,0.192035,0.240774,0.415909,0.328342,0.0875677
9,0.991228,69.5811,102.509,-0.387458,P,0.229573,0.229243,0.229243,0.229204,0.00388882,0.259781,0.442101,0.350941,0.09116
9,0.991228,69.7558,102.509,-0.38495,P,0.229344,0.228011,0.228011,0.228995,0.0984278,0.259757,0.442512,0.351134,0.0913774
9,0.991228,69.931,102.509,-0.382441,P,0.229115,0.230482,0.230482,0.228787,0.16949,0.284879,0.476585,0.380732,0.0958532
9,0.991228,70.1067,102.509,-0.379933,P,0.228887,0.232502,0.232502,0.228579,0.392323,0.308272,0.507962,0.408117,0.0998449
9,0.991228,70.2827,102.509,-0.377425,P,0.228659,0.231594,0.231594,0.22837,0.322338,0.310868,0.511849,0.411359,0.10049
9,0.991228,70.4592,102.509,-0.374916,P,0.228432,0.227573,0.227573,0.228162,0.0589066,0.290772,0.485817,0.388294,0.0975224
9,0.991228,70.6362,102.509,-0.372408,P,0.228205,0.227067,0.227067,0.227955,0.088712,0.296147,0.493418,0.394783,0.0986353
9,0.991228,70.8136,102.509,-0.3699,P,0.227979,0.229164,0.229164,0.227747,0.141697,0.321139,0.52677,0.423955,0.102816
9,0.991228,70.9915,102.509,-0.367391,P,0.227753,0.221772,0.221772,0.227539,0.576752,0.276157,0.467798,0.371978,0.0958205
9,0.991228,71.1698,102.509,-0.364883,P,0.227528,0.225974,0.225974,0.227332,0.135838,0.316164,0.521265,0.418714,0.102551
9,0.991228,71.3485,102.509,-0.362375,P,0.227304,0.224865,0.224865,0.227125,0.225961,0.317392,0.523386,0.420389,0.102997
9,0.991228,71.5277,102.509,-0.359866,P,0.227079,0.229739,0.229739,0.226918,0.282072,0.366772,0.587925,0.477349,0.110577
9,0.991228,71.7073,102.509,-0.357358,P,0.226856,0.227179,0.227179,0.226711,0.0467581,0.356259,0.574943,0.465601,0.109342
9,0.991228,71.8874,102.509,-0.354849,P,0.226633,0.228668,0.228668,0.226505,0.216328,0.379768,0.605651,0.492709,0.112941
9,0.991228,72.068,102.509,-0.352341,P,0.22641,0.228367,0.228367,0.226298,0.206848,0.388503,0.617346,0.502924,0.114422
9,0.991228,72.249,102.509,-0.349833,P,0.226188,0.227458,0.227458,0.226092,0.136553,0.392045,0.622418,0.507232,0.115186
9,0.991228,72.4304,102.509,-0.347324,P,0.225966,0.229462,0.229462,0.225886,0.357549,0.422062,0.660979,0.541521,0.119458
9,0.991228,72.6123,102.509,-0.344816,P,0.225745,0.225942,0.225942,0.22568,0.0261902,0.402031,0.636249,0.51914,0.117109
9,0.991228,72.7947,102.509,-0.342308,P,0.225525,0.225423,0.225423,0.225475,0.00515147,0.409337,0.646089,0.527713,0.118376
9,0.991228,72.9775,102.509,-0.339799,P,0.225305,0.224419,0.224419,0.225269,0.0849838,0.412299,0.650429,0.531364,0.119065
9,0.991228,73.1608,102.509,-0.337291,P,0.225085,0.225324,0.225324,0.225064,0.0259855,0.433285,0.67747,0.555378,0.122093
9,0.991228,73.3446,102.509,-0.334783,P,0.224866,0.224876,0.224876,0.224859,0.00176122,0.441859,0.688835,0.565347,0.123488
9,0.991228,73.5288,102.509,-0.332274,P,0.224647,0.22279,0.22279,0.224654,0.1864,0.434671,0.680443,0.557557,0.122886
9,0.991228,73.7134,102.509,-0.329766,P,0.224429,0.223699,0.223699,0.224449,0.0750442,0.456728,0.708671,0.582699,0.125972
9,0.991228,73.8986,102.509,-0.327258,P,0.224212,0.228774,0.228774,0.224245,0.452921,0.523202,0.791446,0.657324,0.134122
9,0.991228,74.0842,102.509,-0.324749,P,0.223995,0.222524,0.222524,0.224041,0.151637,0.472205,0.729221,0.600713,0.128508
9,0.991228,74.2702,102.509,-0.322241,P,0.223778,0.224864,0.224864,0.223837,0.102706,0.510917,0.777699,0.644308,0.133391
9,0.991228,74.4568,102.509,-0.319732,P,0.223562,0.223598,0.223598,0.223633,0.00344489,0.512139,0.779873,0.646006,0.133867
9,0.991228,74.6438,102.509,-0.317224,P,0.223347,0.22222,0.22222,0.223429,0.120911,0.512166,0.780586,0.646376,0.13421
9,0.991228,74.8312,102.509,-0.314716,P,0.223132,0.224882,0.224882,0.223226,0.165654,0.556945,0.835997,0.696471,0.139526
9,0.991228,75.0192,102.509,-0.312207,P,0.222917,0.222232,0.222232,0.223023,0.0791159,0.542845,0.819532,0.681188,0.138343
9,0.991228,75.2076,102.509,-0.309699,P,0.222703,0.222997,0.222997,0.22282,0.017772,0.567489,0.850215,0.708852,0.141363
9,0.991228,75.3965,102.509,-0.307191,P,0.22249,0.224497,0.224497,0.222617,0.18803,0.601646,0.892209,0.746928,0.145282
9,0.991228,75.5858,102.509,-0.304682,P,0.222277,0.224029,0.224029,0.222414,0.161442,0.613127,0.906749,0.759938,0.146811
9,0.991228,75.7756,102.509,-0.302174,P,0.222064,0.223804,0.223804,0.222212,0.159174,0.627823,0.92512,0.776472,0.148648
9,0.991228,75.966,102.509,-0.299666,P,0.221852,0.219859,0.219859,0.22201,0.215121,0.597226,0.889111,0.743168,0.145942
9,0.991228,76.1567,102.509,-0.297157,P,0.221641,0.22201,0.22201,0.221808,0.0201441,0.641254,0.942703,0.791978,0.150724
9,0.991228,76.348,102.509,-0.294649,P,0.22143,0.225305,0.225305,0.221607,0.369841,0.702219,1.0159,0.85906,0.156841
9,0.991228,76.5398,102.509,-0.29214,P,0.221219,0.222172,0.222172,0.221405,0.0766256,0.680367,0.990819,0.835593,0.155226
9,0.991228,76.732,102.509,-0.289632,P,0.221009,0.222924,0.222924,0.221204,0.172017,0.709585,1.02618,0.867884,0.158299
9,0.991228,76.9247,102.509,-0.287124,P,0.2208,0.220438,0.220438,0.221003,0.0565682,0.696045,1.01099,0.853517,0.157472
9,0.991228,77.1179,102.509,-0.284615,P,0.220591,0.217483,0.217483,0.220803,0.33194,0.676346,0.988459,0.832402,0.156056
9,0.991228,77.3116,102.509,-0.282107,P,0.220382,0.219442,0.219442,0.220602,0.116051,0.722307,1.04363,0.882969,0.160661
9,0.991228,77.5058,102.509,-0.279599,P,0.220175,0.217107,0.217107,0.220402,0.329523,0.710633,1.0307,0.870668,0.160034
9,0.991228,77.7004,102.509,-0.27709,P,0.219967,0.219448,0.219448,0.220202,0.0754475,0.763727,1.09394,0.928832,0.165105
9,0.991228,77.8956,102.509,-0.274582,P,0.21976,0.217618,0.217618,0.220003,0.238511,0.759005,1.08927,0.924136,0.165131
9,0.991228,78.0912,102.509,-0.272074,P,0.219554,0.217298,0.217298,0.219803,0.250552,0.77585,1.10984,0.942843,0.166993
9,0.991228,78.2873,102.509,-0.269565,P,0.219348,0.220375,0.220375,0.219604,0.0770957,0.843323,1.18914,1.01623,0.172908
9,0.991228,78.4839,102.509,-0.267057,P,0.219143,0.219401,0.219401,0.219405,0.000445932,0.851696,1.19971,1.0257,0.174007
9,0.991228,78.6811,102.509,-0.264548,P,0.218938,0.219226,0.219226,0.219207,0.00198708,0.872475,1.22459,1.04853,0.176058
9,0.991228,78.8787,102.509,-0.26204,P,0.218733,0.220284,0.220284,0.219008,0.127624,0.913042,1.27213,1.09259,0.179545
9,0.991228,79.0768,102.509,-0.259532,P,0.218529,0.216998,0.216998,0.21881,0.18125,0.885794,1.24176,1.06378,0.177984
9,0.991228,79.2754,102.509,-0.257023,P,0.218326,0.217919,0.217919,0.218612,0.0693071,0.92497,1.28766,1.10631,0.181343
9,0.991228,79.4745,102.509,-0.254515,P,0.218123,0.22008,0.22008,0.218415,0.1665,0.985689,1.35787,1.17178,0.186092
9,0.991228,79.6741,102.509,-0.252007,P,0.217921,0.220304,0.220304,0.218217,0.208634,1.01589,1.39311,1.2045,0.188611
9,0.991228,79.8742,102.509,-0.249498,P,0.217719,0.217762,0.217762,0.21802,0.0258619,0.999905,1.37595,1.18793,0.18802
9,0.991228,80.0748,102.509,-0.24699,P,0.217518,0.218034,0.218034,0.217824,0.0210385,1.03155,1.41278,1.22217,0.190617
9,0.991228,80.2759,102.509,-0.244482,P,0.217317,0.219745,0.219745,0.217627,0.211754,1.0891,1.4787,1.2839,0.194798
9,0.991228,80.4775,102.509,-0.241973,P,0.217117,0.218368,0.218368,0.217431,0.0936904,1.0934,1.48453,1.28896,0.195564
9,0.991228,80.6796,102.509,-0.239465,P,0.216917,0.216155,0.216155,0.217235,0.107991,1.08294,1.47377,1.27836,0.195415
9,0.991228,80.8822,102.509,-0.236957,P,0.216717,0.215562,0.215562,0.217039,0.147675,1.10132,1.49546,1.29839,0.19707
9,0.991228,81.0854,102.509,-0.234448,P,0.216519,0.216576,0.216576,0.216844,0.0268254,1.14931,1.55029,1.3498,0.200488
9,0.991228,81.289,102.509,-0.23194,P,0.21632,0.216786,0.216786,0.216649,0.013714,1.18365,1.58968,1.38667,0.203015
9,0.991228,81.4932,102.509,-0.229431,P,0.216123,0.215858,0.215858,0.216454,0.0596378,1.19731,1.60595,1.40163,0.204322
9,0.991228,81.6979,102.509,-0.226923,P,0.215925,0.212431,0.212431,0.21626,0.382824,1.16416,1.57004,1.3671,0.202943
9,0.991228,81.903,102.509,-0.224415,P,0.215728,0.214318,0.214318,0.216065,0.17477,1.23142,1.64602,1.43872,0.207303
9,0.991228,82.1087,102.509,-0.221906,P,0.215532,0.216317,0.216317,0.215871,0.0445686,1.30309,1.72648,1.51478,0.211695
9,0.991228,82.315,102.509,-0.219398,P,0.215336,0.214375,0.214375,0.215678,0.130291,1.29823,1.7222,1.51022,0.211986
9,0.991228,82.5217,102.509,-0.21689,P,0.215141,0.214411,0.214411,0.215485,0.107304,1.33289,1.76154,1.54721,0.214327
9,0.991228,82.729,102.509,-0.214381,P,0.214946,0.214172,0.214172,0.215292,0.111972,1.36266,1.79543,1.57904,0.216382
9,0.991228,82.9367,102.509,-0.211873,P,0.214752,0.213077,0.213077,0.215099,0.202147,1.37546,1.81061,1.59304,0.217576
9,0.991228,83.145,102.509,-0.209365,P,0.214559,0.213139,0.213139,0.214906,0.176759,1.41248,1.85236,1.63242,0.219938
9,0.991228,83.3538,102.509,-0.206856,P,0.214365,0.212959,0.212959,0.214714,0.175573,1.44519,1.8893,1.66724,0.222053
9,0.991228,83.5632,102.509,-0.204348,P,0.214173,0.215721,0.215721,0.214523,0.119851,1.54192,1.99588,1.7689,0.226978
9,0.991228,83.7731,102.509,-0.201839,P,0.21398,0.211192,0.211192,0.214331,0.313873,1.48227,1.9321,1.70718,0.224912
9,0.991228,83.9835,102.509,-0.199331,P,0.213789,0.214538,0.214538,0.21414,0.0397898,1.59407,2.05477,1.82442,0.230352
9,0.991228,84.1944,102.509,-0.196823,P,0.213597,0.216016,0.216016,0.213949,0.206656,1.66742,2.13526,1.90134,0.233918
9,0.991228,84.4058,102.509,-0.194314,P,0.213407,0.212356,0.212356,0.213759,0.140231,1.62562,2.09127,1.85844,0.232825
9,0.991228,84.6178,102.509,-0.191806,P,0.213217,0.211443,0.211443,0.213569,0.212547,1.64585,2.11432,1.88009,0.234237
9,0.991228,84.8303,102.509,-0.189298,P,0.213027,0.21138,0.21138,0.213379,0.199842,1.686,2.15884,1.92242,0.23642
9,0.991228,85.0434,102.509,-0.186789,P,0.212838,0.213454,0.213454,0.213189,0.0265025,1.77704,2.25794,2.01749,0.24045
9,0.991228,85.257,102.509,-0.184281,P,0.212649,0.213351,0.213351,0.213,0.0350599,1.81848,2.30356,2.06102,0.242542
9,0.991228,85.4711,102.509,-0.181773,P,0.212461,0.213296,0.213296,0.212811,0.0484199,1.86189,2.35121,2.10655,0.24466
9,0.991228,85.6858,102.509,-0.179264,P,0.212273,0.210382,0.210382,0.212623,0.224096,1.83672,2.32552,2.08112,0.244399
9,0.991228,85.901,102.509,-0.176756,P,0.212086,0.21127,0.21127,0.212435,0.116462,1.9041,2.39871,2.15141,0.247306
9,0.991228,86.1167,102.509,-0.174247,P,0.2119,0.211056,0.211056,0.212247,0.119118,1.94557,2.44413,2.19485,0.249281
9,0.991228,86.333,102.509,-0.171739,P,0.211713,0.207449,0.207449,0.21206,0.461023,1.90317,2.40022,2.1517,0.248522
9,0.991228,86.5498,102.509,-0.169231,P,0.211528,0.211715,0.211715,0.211873,0.0157101,2.05856,2.56662,2.31259,0.254027
9,0.991228,86.7672,102.509,-0.166722,P,0.211343,0.210862,0.210862,0.211686,0.0823396,2.0863,2.59723,2.34176,0.255468
9,0.991228,86.9851,102.509,-0.164214,P,0.211158,0.209357,0.209357,0.211499,0.21424,2.09762,2.61046,2.35404,0.256423
9,0.991228,87.2036,102.509,-0.161706,P,0.210974,0.209413,0.209413,0.211313,0.190083,2.14998,2.66706,2.40852,0.25854
9,0.991228,87.4226,102.509,-0.159197,P,0.21079,0.205991,0.205991,0.211128,0.513667,2.11169,2.62789,2.36979,0.258098
9,0.991228,87.6421,102.509,-0.156689,P,0.210607,0.211157,0.211157,0.210942,0.021405,2.30161,2.82926,2.56544,0.263824
9,0.991228,87.8623,102.509,-0.154181,P,0.210425,0.212853,0.212853,0.210758,0.20951,2.40233,2.93616,2.66925,0.266916
9,0.991228,88.0829,102.509,-0.151672,P,0.210243,0.212369,0.212369,0.210573,0.179556,2.44486,2.98191,2.71339,0.268528
9,0.991228,88.3041,102.509,-0.149164,P,0.210061,0.210009,0.210009,0.210389,0.037947,2.43597,2.97386,2.70491,0.268944
9,0.991228,88.5259,102.509,-0.146656,P,0.20988,0.213643,0.213643,0.210205,0.343758,2.59547,3.14161,2.86854,0.273071
9,0.991228,88.7483,102.509,-0.144147,P,0.209699,0.211507,0.211507,0.210022,0.148509,2.59377,3.14106,2.86742,0.273647
9,0.991228,88.9711,102.509,-0.141639,P,0.209519,0.20955,0.20955,0.209839,0.0288348,2.59734,3.14602,2.87168,0.274339
9,0.991228,89.1946,102.509,-0.13913,P,0.20934,0.210469,0.210469,0.209656,0.0812716,2.68406,3.23747,2.96077,0.276703
9,0.991228,89.4186,102.509,-0.136622,P,0.209161,0.207228,0.207228,0.209474,0.224588,2.65114,3.20449,2.92781,0.276677
9,0.991228,89.6432,102.509,-0.134114,P,0.208982,0.209022,0.209022,0.209292,0.0269964,2.7655,3.32447,3.04498,0.279482
9,0.991228,89.8683,102.509,-0.131605,P,0.208804,0.208794,0.208794,0.20911,0.0315875,2.82203,3.38427,3.10315,0.281119
9,0.991228,90.094,102.509,-0.129097,P,0.208627,0.209559,0.209559,0.208929,0.0629581,2.90931,3.47578,3.19255,0.283235
9,0.991228,90.3203,102.509,-0.126589,P,0.20845,0.211426,0.211426,0.208748,0.267774,3.03174,3.60337,3.31756,0.285816
9,0.991228,90.5471,102.509,-0.12408,P,0.208273,0.208726,0.208726,0.208568,0.0157494,3.01634,3.58868,3.30251,0.286172
9,0.991228,90.7746,102.509,-0.121572,P,0.208097,0.209673,0.209673,0.208388,0.128479,3.11332,3.68979,3.40156,0.288233
9,0.991228,91.0025,102.509,-0.119064,P,0.207922,0.210237,0.210237,0.208209,0.202847,3.20009,3.7802,3.49014,0.290055
9,0.991228,91.2311,102.509,-0.116555,P,0.207747,0.20709,0.20709,0.20803,0.0939394,3.1718,3.7523,3.46205,0.29025
9,0.991228,91.4602,102.509,-0.114047,P,0.207572,0.210287,0.210287,0.207851,0.243646,3.34385,3.93006,3.63696,0.293104
9,0.991228,91.6899,102.509,-0.111538,P,0.207398,0.20607,0.20607,0.207673,0.160238,3.28218,3.86798,3.57508,0.292898
9,0.991228,91.9202,102.509,-0.10903,P,0.207225,0.204776,0.204776,0.207495,0.27188,3.31368,3.90144,3.60756,0.293879
9,0.991228,92.1511,102.509,-0.106522,P,0.207052,0.205452,0.205452,0.207317,0.186512,3.40937,4.00058,3.70497,0.295607
9,0.991228,92.3825,102.509,-0.104013,P,0.20688,0.2101,0.2101,0.20714,0.295962,3.63653,4.23382,3.93517,0.298648
9,0.991228,92.6145,102.509,-0.101505,P,0.206708,0.206068,0.206068,0.206964,0.0895178,3.58141,4.17865,3.88003,0.298621
9,0.991228,92.8471,102.509,-0.0989967,P,0.206536,0.205397,0.205397,0.206787,0.139009,3.63714,4.23661,3.93687,0.299732
9,0.991228,93.0803,102.509,-0.0964883,P,0.206365,0.20698,0.20698,0.206612,0.0368447,3.76904,4.37207,4.07056,0.30152
9,0.991228,93.3141,102.509,-0.0939799,P,0.206195,0.208752,0.208752,0.206436,0.231532,3.90947,4.51599,4.21273,0.303259
9,0.991228,93.5484,102.509,-0.0914716,P,0.206025,0.206017,0.206017,0.206262,0.0244897,3.89915,4.5065,4.20283,0.303676
9,0.991228,93.7834,102.509,-0.0889632,P,0.205856,0.205293,0.205293,0.206087,0.0794081,3.95757,4.56686,4.26222,0.304645
9,0.991228,94.0189,102.509,-0.0864548,P,0.205687,0.206038,0.206038,0.205913,0.0124643,4.0674,4.67932,4.37336,0.30596
9,0.991228,94.255,102.509,-0.0839465,P,0.205518,0.2075,0.2075,0.20574,0.176044,4.20377,4.81851,4.51114,0.307372
9,0.991228,94.4918,102.509,-0.0814381,P,0.20535,0.203318,0.203318,0.205566,0.22486,4.14564,4.76054,4.45309,0.307447
9,0.991228,94.7291,102.509,-0.0789298,P,0.205183,0.202577,0.202577,0.205394,0.281699,4.20755,4.82417,4.51586,0.308307
9,0.991228,94.967,102.509,-0.0764214,P,0.205016,0.202529,0.202529,0.205222,0.269229,4.29491,4.91347,4.60419,0.309281
9,0.991228,95.2055,102.509,-0.073913,P,0.20485,0.207098,0.207098,0.20505,0.204839,4.54733,5.16945,4.85839,0.31106
9,0.991228,95.4446,102.509,-0.0714047,P,0.204684,0.200937,0.200937,0.204879,0.394165,4.42041,5.04205,4.73123,0.310821
9,0.991228,95.6843,102.509,-0.0688963,P,0.204519,0.206558,0.206558,0.204708,0.185059,4.71488,5.34006,5.02747,0.312591
9,0.991228,95.9246,102.509,-0.066388,P,0.204354,0.206503,0.206503,0.204537,0.196532,4.80832,5.43497,5.12165,0.313326
9,0.991228,96.1656,102.509,-0.0638796,P,0.20419,0.202077,0.202077,0.204368,0.229092,4.74458,5.37141,5.05799,0.313419
9,0.991228,96.4071,102.509,-0.0613712,P,0.204026,0.203169,0.203169,0.204198,0.102898,4.8818,5.51031,5.19606,0.314257
9,0.991228,96.6492,102.509,-0.0588629,P,0.203862,0.202955,0.202955,0.204029,0.107409,4.97301,5.60275,5.28788,0.314868
9,0.991228,96.8919,102.509,-0.0563545,P,0.2037,0.20019,0.20019,0.203861,0.367039,4.97168,5.602,5.28684,0.315158
9,0.991228,97.1353,102.509,-0.0538462,P,0.203537,0.205424,0.205424,0.203693,0.1731,5.26685,5.8993,5.58308,0.316223
9,0.991228,97.3792,102.509,-0.0513378,P,0.203375,0.202296,0.202296,0.203525,0.122973,5.25429,5.88714,5.57071,0.316424
9,0.991228,97.6238,102.509,-0.0488294,P,0.203214,0.20499,0.20499,0.203358,0.163169,5.45978,6.09392,5.77685,0.317068
9,0.991228,97.869,102.509,-0.0463211,P,0.203053,0.205563,0.205563,0.203192,0.237084,5.58801,6.22295,5.90548,0.317471
9,0.991228,98.1148,102.509,-0.0438127,P,0.202893,0.199494,0.199494,0.203026,0.353139,5.46755,6.10241,5.78498,0.317428
9,0.991228,98.3612,102.509,-0.0413043,P,0.202733,0.200268,0.200268,0.20286,0.259194,5.60568,6.24124,5.92346,0.31778
9,0.991228,98.6082,102.509,-0.038796,P,0.202574,0.202895,0.202895,0.202695,0.0199508,5.81597,6.45226,6.13411,0.318145
9,0.991228,98.8559,102.509,-0.0362876,P,0.202415,0.20144,0.20144,0.202531,0.10912,5.87288,6.50942,6.19115,0.318272
9,0.991228,99.1042,102.509,-0.0337793,P,0.202257,0.200937,0.200937,0.202367,0.142953,5.9674,6.60419,6.2858,0.318394
9,0.991228,99.3531,102.509,-0.0312709,P,0.202099,0.201826,0.201826,0.202203,0.037675,6.1168,6.7538,6.4353,0.318501
9,0.991228,99.6026,102.509,-0.0287625,P,0.201942,0.203249,0.203249,0.20204,0.120861,6.28852,6.92563,6.60707,0.318553
9,0.991228,99.8528,102.509,-0.0262542,P,0.201785,0.204228,0.204228,0.201878,0.23503,6.44502,7.08208,6.76355,0.318531
9,0.991228,100.104,102.509,-0.0237458,P,0.201629,0.199692,0.199692,0.201716,0.20236,6.38946,7.0263,6.70788,0.318415
9,0.991228,100.355,102.509,-0.0212375,P,0.201473,0.20356,0.20356,0.201554,0.200583,6.66124,7.29785,6.97954,0.318303
9,0.991228,100.607,102.509,-0.0187291,P,0.201318,0.202675,0.202675,0.201393,0.128177,6.75012,7.38635,7.06824,0.318117
9,0.991228,100.86,102.509,-0.0162207,P,0.201164,0.19742,0.19742,0.201233,0.381311,6.66963,7.30544,6.98754,0.317907
9,0.991228,101.113,102.509,-0.0137124,P,0.201009,0.201228,0.201228,0.201073,0.0155056,6.94479,7.57999,7.26239,0.317603
9,0.991228,101.367,102.509,-0.011204,P,0.200856,0.200594,0.200594,0.200914,0.0320123,7.04783,7.68237,7.3651,0.317272
9,0.991228,101.622,102.509,-0.00869565,P,0.200703,0.205349,0.205349,0.200755,0.45944,7.36434,7.99799,7.68117,0.316821
9,0.991228,101.877,102.509,-0.00618729,P,0.20055,0.20183,0.20183,0.200597,0.123372,7.3572,7.99005,7.67362,0.316424
9,0.991228,102.133,102.509,-0.00367893,P,0.200398,0.201839,0.201839,0.200439,0.140005,7.49038,8.12224,7.80631,0.315929
9,0.991228,102.389,102.509,-0.00117057,P,0.200246,0.197728,0.197728,0.200282,0.25534,7.46243,8.09332,7.77788,0.315447
9,0.991228,102.646,102.509,0.00133779,C,0.200095,0.197951,0.197951,0.200125,0.217354,7.47224,8.10405,7.78814,0.315904
9,0.991228,102.904,102.509,0.00384615,C,0.199944,0.202519,0.202519,0.199969,0.254965,7.53722,8.17157,7.8544,0.317171
9,0.991228,103.162,102.509,0.00635452,C,0.199794,0.202997,0.202997,0.199813,0.318398,7.44151,8.07842,7.75996,0.318456
9,0.991228,103.422,102.509,0.00886288,C,0.199644,0.198312,0.198312,0.199658,0.134607,7.14198,7.7815,7.46174,0.319761
9,0.991228,103.681,102.509,0.0113712,C,0.199495,0.19929,0.19929,0.199504,0.0213882,7.06802,7.7099,7.38896,0.320939
9,0.991228,103.942,102.509,0.0138796,C,0.199347,0.199917,0.199917,0.19935,0.0567227,6.98121,7.62536,7.30329,0.322073
9,0.991228,104.203,102.509,0.016388,C,0.199199,0.201174,0.201174,0.199197,0.197722,6.92046,7.56678,7.24362,0.323158
9,0.991228,104.464,102.509,0.0188963,C,0.199051,0.201089,0.201089,0.199044,0.204471,6.80745,7.45586,7.13166,0.324203
9,0.991228,104.727,102.509,0.0214047,C,0.198904,0.198401,0.198401,0.198892,0.0490974,6.59213,7.2425,6.91731,0.325188
9,0.991228,104.99,102.509,0.023913,C,0.198757,0.19946,0.19946,0.19874,0.0719606,6.52665,7.1789,6.85278,0.326126
9,0.991228,105.254,102.509,0.0264214,C,0.198611,0.200712,0.200712,0.198589,0.212236,6.46985,7.1239,6.79687,0.327024
9,0.991228,105.518,102.509,0.0289298,C,0.198466,0.200285,0.200285,0.198439,0.184647,6.34749,7.00319,6.67534,0.327852
9,0.991228,105.783,102.509,0.0314381,C,0.198321,0.196896,0.196896,0.198289,0.139266,6.10884,6.76592,6.43738,0.328545
9,0.991228,106.049,102.509,0.0339465,C,0.198176,0.199487,0.199487,0.19814,0.134663,6.10814,6.76681,6.43747,0.329334
9,0.991228,106.315,102.509,0.0364548,C,0.198032,0.197658,0.197658,0.197991,0.0332999,5.93362,6.59348,6.26355,0.329927
9,0.991228,106.582,102.509,0.0389632,C,0.197888,0.20018,0.20018,0.197843,0.233668,5.93209,6.59338,6.26274,0.330647
9,0.991228,106.85,102.509,0.0414716,C,0.197745,0.199132,0.199132,0.197696,0.143669,5.79064,6.45294,6.12179,0.331152
9,0.991228,107.118,102.509,0.0439799,C,0.197603,0.197401,0.197401,0.197549,0.0148063,5.62349,6.28656,5.95502,0.331536
9,0.991228,107.387,102.509,0.0464883,C,0.197461,0.200274,0.200274,0.197403,0.287153,5.6385,6.30286,5.97068,0.332182
9,0.991228,107.657,102.509,0.0489967,C,0.197319,0.196388,0.196388,0.197257,0.0869362,5.38923,6.05371,5.72147,0.332243
9,0.991228,107.927,102.509,0.051505,C,0.197178,0.199182,0.199182,0.197112,0.206962,5.40286,6.06851,5.73569,0.332823
9,0.991228,108.198,102.509,0.0540134,C,0.197038,0.198661,0.198661,0.196967,0.169339,5.2878,5.95389,5.62084,0.333044
9,0.991228,108.47,102.509,0.0565217,C,0.196898,0.196386,0.196386,0.196824,0.0437886,5.10571,5.77166,5.43868,0.332978
9,0.991228,108.742,102.509,0.0590301,C,0.196758,0.197101,0.197101,0.19668,0.0420288,5.04111,5.70752,5.37431,0.333206
9,0.991228,109.015,102.509,0.0615385,C,0.196619,0.196176,0.196176,0.196538,0.0362336,4.91406,5.58035,5.24721,0.333148
9,0.991228,109.289,102.509,0.0640468,C,0.196481,0.195175,0.195175,0.196396,0.122114,4.78543,5.45141,5.11842,0.33299
9,0.991228,109.564,102.509,0.0665552,C,0.196343,0.199989,0.199989,0.196255,0.373449,4.88142,5.54899,5.21521,0.333783
9,0.991228,109.839,102.509,0.0690635,C,0.196205,0.197616,0.197616,0.196114,0.15016,4.70207,5.36865,5.03536,0.333287
9,0.991228,110.115,102.509,0.0715719,C,0.196069,0.193827,0.193827,0.195974,0.214663,4.4708,5.13547,4.80314,0.332336
9,0.991228,110.391,102.509,0.0740803,C,0.195932,0.197769,0.197769,0.195834,0.193418,4.53485,5.20082,4.86783,0.332984
9,0.991228,110.669,102.509,0.0765886,C,0.195796,0.196595,0.196595,0.195696,0.089978,4.40556,5.07046,4.73801,0.33245
9,0.991228,110.946,102.509,0.079097,C,0.195661,0.197382,0.197382,0.195558,0.182463,4.35149,5.01615,4.68382,0.332326
9,0.991228,111.225,102.509,0.0816054,C,0.195526,0.195545,0.195545,0.19542,0.0125141,4.19997,4.86286,4.53141,0.331443
9,0.991228,111.504,102.509,0.0841137,C,0.195391,0.198112,0.198112,0.195283,0.282835,4.21431,4.87779,4.54605,0.33174
9,0.991228,111.785,102.509,0.0866221,C,0.195257,0.195509,0.195509,0.195147,0.036169,4.037,4.69791,4.36746,0.330453
9,0.991228,112.065,102.509,0.0891304,C,0.195124,0.195897,0.195897,0.195011,0.0885154,3.97211,4.63213,4.30212,0.330009
9,0.991228,112.347,102.509,0.0916388,C,0.194991,0.194926,0.194926,0.194877,0.00494437,3.85834,4.51641,4.18737,0.329036
9,0.991228,112.629,102.509,0.0941472,C,0.194859,0.191548,0.191548,0.194742,0.319388,3.65863,4.31266,3.98565,0.327013
9,0.991228,112.912,102.509,0.0966555,C,0.194727,0.193582,0.193582,0.194609,0.10265,3.65689,4.31097,3.98393,0.327036
9,0.991228,113.195,102.509,0.0991639,C,0.194595,0.193941,0.193941,0.194476,0.0535267,3.59525,4.24795,3.9216,0.326351
9,0.991228,113.48,102.509,0.101672,C,0.194465,0.192324,0.192324,0.194344,0.201958,3.46402,4.11347,3.78875,0.324726
9,0.991228,113.765,102.509,0.104181,C,0.194334,0.196557,0.196557,0.194212,0.234475,3.5423,4.19378,3.86804,0.325737
9,0.991228,114.05,102.509,0.106689,C,0.194204,0.192385,0.192385,0.194081,0.169668,3.32298,3.96847,3.64573,0.322746
9,0.991228,114.337,102.509,0.109197,C,0.194075,0.193848,0.193848,0.193951,0.0103486,3.30414,3.94899,3.62656,0.322427
9,0.991228,114.624,102.509,0.111706,C,0.193946,0.192596,0.192596,0.193822,0.12255,3.19134,3.83261,3.51198,0.320637
9,0.991228,114.912,102.509,0.114214,C,0.193818,0.190679,0.190679,0.193693,0.301376,3.05747,3.69413,3.3758,0.318331
9,0.991228,115.2,102.509,0.116722,C,0.19369,0.192346,0.192346,0.193565,0.121841,3.04789,3.68401,3.36595,0.318059
9,0.991228,115.49,102.509,0.119231,C,0.193563,0.193848,0.193848,0.193437,0.041078,3.03305,3.66843,3.35074,0.31769
9,0.991228,115.78,102.509,0.121739,C,0.193436,0.193451,0.193451,0.193311,0.0140744,2.95446,3.5867,3.27058,0.316123
9,0.991228,116.071,102.509,0.124247,C,0.19331,0.191801,0.191801,0.193185,0.138329,2.83527,3.46255,3.14891,0.313641
9,0.991228,116.362,102.509,0.126756,C,0.193184,0.188363,0.188363,0.193059,0.469635,2.65953,3.27892,2.96923,0.309695
9,0.991228,116.654,102.509,0.129264,C,0.193058,0.193708,0.193708,0.192935,0.0773956,2.77367,3.39775,3.08571,0.312039
9,0.991228,116.947,102.509,0.131773,C,0.192934,0.191821,0.191821,0.192811,0.0990083,2.65103,3.26926,2.96014,0.309118
9,0.991228,117.241,102.509,0.134281,C,0.192809,0.194044,0.194044,0.192687,0.135631,2.6632,3.28164,2.97242,0.30922
9,0.991228,117.535,102.509,0.136789,C,0.192686,0.192556,0.192556,0.192565,0.000911162,2.55624,3.16913,2.86268,0.306445
9,0.991228,117.831,102.509,0.139298,C,0.192562,0.195158,0.195158,0.192443,0.271458,2.58112,3.19486,2.88799,0.306871
9,0.991228,118.127,102.509,0.141806,C,0.19244,0.191226,0.191226,0.192322,0.109621,2.39981,3.00361,2.70171,0.301897
9,0.991228,118.423,102.509,0.144314,C,0.192317,0.192115,0.192115,0.192202,0.00868776,2.37182,2.97358,2.6727,0.300879
9,0.991228,118.721,102.509,0.146823,C,0.192196,0.194092,0.194092,0.192082,0.200951,2.37792,2.97956,2.67874,0.300822
9,0.991228,119.019,102.509,0.149331,C,0.192074,0.194834,0.194834,0.191963,0.287112,2.3462,2.94555,2.64587,0.299677
9,0.991228,119.318,102.509,0.151839,C,0.191954,0.192179,0.192179,0.191845,0.0333867,2.21202,2.8027,2.50736,0.295339
9,0.991228,119.617,102.509,0.154348,C,0.191833,0.194765,0.194765,0.191728,0.303721,2.23743,2.82922,2.53332,0.295893
9,0.991228,119.918,102.509,0.156856,C,0.191714,0.191453,0.191453,0.191611,0.0157459,2.08748,2.66882,2.37815,0.290671
9,0.991228,120.219,102.509,0.159365,C,0.191594,0.192714,0.192714,0.191495,0.121925,2.07426,2.65413,2.3642,0.289933
9,0.991228,120.521,102.509,0.161873,C,0.191476,0.19069,0.19069,0.19138,0.0689448,1.96651,2.53797,2.25224,0.285727
9,0.991228,120.824,102.509,0.164381,C,0.191358,0.190802,0.190802,0.191265,0.0462998,1.92176,2.48919,2.20548,0.283714
9,0.991228,121.127,102.509,0.16689,C,0.19124,0.192478,0.192478,0.191151,0.132681,1.92185,2.48869,2.20527,0.283419
9,0.991228,121.431,102.509,0.169398,C,0.191123,0.189399,0.189399,0.191038,0.163966,1.78977,2.34519,2.06748,0.277709
9,0.991228,121.736,102.509,0.171906,C,0.191006,0.191216,0.191216,0.190926,0.0289567,1.79453,2.34971,2.07212,0.277594
9,0.991228,122.042,102.509,0.174415,C,0.19089,0.192744,0.192744,0.190815,0.192922,1.7915,2.34581,2.06865,0.277154
9,0.991228,122.349,102.509,0.176923,C,0.190774,0.190082,0.190082,0.190704,0.0621918,1.67597,2.21927,1.94762,0.271653
9,0.991228,122.656,102.509,0.179431,C,0.190659,0.189858,0.189858,0.190594,0.0736108,1.62758,2.16563,1.89661,0.269024
9,0.991228,122.964,102.509,0.18194,C,0.190544,0.190983,0.190983,0.190485,0.0498082,1.61521,2.15139,1.8833,0.268089
9,0.991228,123.273,102.509,0.184448,C,0.19043,0.19117,0.19117,0.190376,0.0793542,1.57888,2.11078,1.84483,0.265953
9,0.991228,123.582,102.509,0.186957,C,0.190317,0.188535,0.188535,0.190269,0.173332,1.47208,1.99212,1.7321,0.26002
9,0.991228,123.893,102.509,0.189465,C,0.190203,0.189332,0.189332,0.190162,0.0830298,1.45308,1.97034,1.71171,0.258628
9,0.991228,124.204,102.509,0.191973,C,0.190091,0.188109,0.188109,0.190056,0.194713,1.38514,1.89398,1.63956,0.254418
9,0.991228,124.516,102.509,0.194482,C,0.189979,0.189491,0.189491,0.18995,0.0459783,1.38139,1.88908,1.63523,0.253844
9,0.991228,124.829,102.509,0.19699,C,0.189867,0.191943,0.191943,0.189846,0.209672,1.40355,1.91313,1.65834,0.254792
9,0.991228,125.142,102.509,0.199498,C,0.189756,0.192001,0.192001,0.189742,0.225842,1.36822,1.87297,1.62059,0.252375
9,0.991228,125.456,102.509,0.202007,C,0.189645,0.190364,0.190364,0.189639,0.0725266,1.294,1.78894,1.54147,0.247473
9,0.991228,125.771,102.509,0.204515,C,0.189535,0.189891,0.189891,0.189537,0.0353779,1.2485,1.73689,1.49269,0.244194
9,0.991228,126.087,102.509,0.207023,C,0.189426,0.190693,0.190693,0.189436,0.125772,1.23283,1.71845,1.47564,0.242808
9,0.991228,126.404,102.509,0.209532,C,0.189317,0.18902,0.18902,0.189335,0.0314642,1.16248,1.63775,1.40011,0.237636
9,0.991228,126.721,102.509,0.21204,C,0.189208,0.192972,0.192972,0.189235,0.37368,1.21736,1.69952,1.45844,0.241083
9,0.991228,127.04,102.509,0.214548,C,0.1891,0.188332,0.188332,0.189136,0.0804256,1.0845,1.54696,1.31573,0.231232
9,0.991228,127.359,102.509,0.217057,C,0.188992,0.19046,0.19046,0.189038,0.142265,1.09891,1.56283,1.33087,0.23196
9,0.991228,127.679,102.509,0.219565,C,0.188885,0.191232,0.191232,0.18894,0.229129,1.08465,1.54573,1.31519,0.230539
9,0.991228,127.999,102.509,0.222074,C,0.188779,0.188416,0.188416,0.188844,0.0427926,0.997077,1.44365,1.22036,0.223287
9,0.991228,128.321,102.509,0.224582,C,0.188673,0.190781,0.190781,0.188748,0.203323,1.01617,1.46515,1.24066,0.224488
9,0.991228,128.643,102.509,0.22709,C,0.188567,0.19042,0.19042,0.188653,0.176675,0.980448,1.42287,1.20166,0.221211
9,0.991228,128.966,102.509,0.229599,C,0.188462,0.190987,0.190987,0.188559,0.242806,0.963813,1.40275,1.18328,0.219467
9,0.991228,129.29,102.509,0.232107,C,0.188358,0.189498,0.189498,0.188465,0.103241,0.90793,1.33644,1.12219,0.214256
9,0.991228,129.615,102.509,0.234615,C,0.188254,0.189018,0.189018,0.188373,0.0645556,0.872784,1.29421,1.0835,0.210713
9,0.991228,129.94,102.509,0.237124,C,0.18815,0.189166,0.189166,0.188281,0.0884859,0.850076,1.26656,1.05832,0.208243
9,0.991228,130.267,102.509,0.239632,C,0.188047,0.189969,0.189969,0.18819,0.177832,0.839743,1.25358,1.04666,0.206916
9,0.991228,130.594,102.509,0.24214,C,0.187945,0.190467,0.190467,0.1881,0.236667,0.824138,1.23428,1.02921,0.205071
9,0.991228,130.922,102.509,0.244649,C,0.187843,0.185306,0.185306,0.188011,0.270436,0.711588,1.0978,0.904695,0.193107
9,0.991228,131.251,102.509,0.247157,C,0.187741,0.187605,0.187605,0.187922,0.0317135,0.727786,1.11683,0.922309,0.194523
9,0.991228,131.58,102.509,0.249666,C,0.18764,0.189543,0.189543,0.187835,0.170849,0.737985,1.12855,0.933267,0.195282
9,0.991228,131.911,102.509,0.252174,C,0.18754,0.189244,0.189244,0.187748,0.149581,0.710956,1.095,0.902978,0.192021
9,0.991228,132.242,102.509,0.254682,C,0.18744,0.187401,0.187401,0.187662,0.0260932,0.660085,1.03194,0.846015,0.18593
9,0.991228,132.574,102.509,0.257191,C,0.18734,0.185378,0.185378,0.187577,0.219876,0.608794,0.967664,0.788229,0.179435
9,0.991228,132.907,102.509,0.259699,C,0.187242,0.188581,0.188581,0.187493,0.108872,0.637948,1.00327,0.820608,0.18266
9,0.991228,133.241,102.509,0.262207,C,0.187143,0.184929,0.184929,0.187409,0.247981,0.564394,0.910627,0.73751,0.173117
9,0.991228,133.575,102.509,0.264716,C,0.187045,0.185186,0.185186,0.187327,0.214079,0.549945,0.891703,0.720824,0.170879
9,0.991228,133.911,102.509,0.267224,C,0.186948,0.188999,0.188999,0.187245,0.175418,0.586501,0.937183,0.761842,0.175341
9,0.991228,134.247,102.509,0.269732,C,0.186851,0.1866,0.1866,0.187164,0.0564251,0.534466,0.870769,0.702617,0.168152
9,0.991228,134.584,102.509,0.272241,C,0.186754,0.18603,0.18603,0.187084,0.105408,0.509645,0.838423,0.674034,0.164389
9,0.991228,134.922,102.509,0.274749,C,0.186659,0.189277,0.189277,0.187005,0.227243,0.536813,0.872529,0.704671,0.167858
9,0.991228,135.261,102.509,0.277258,C,0.186563,0.187655,0.187655,0.186927,0.0728731,0.498235,0.822538,0.660386,0.162152
9,0.991228,135.601,102.509,0.279766,C,0.186468,0.181749,0.181749,0.186849,0.510039,0.409275,0.705634,0.557454,0.14818
9,0.991228,135.942,102.509,0.282274,C,0.186374,0.185451,0.185451,0.186773,0.1322,0.439177,0.744547,0.591862,0.152685
9,0.991228,136.283,102.509,0.284783,C,0.18628,0.184067,0.184067,0.186697,0.262949,0.408249,0.703084,0.555667,0.147417
9,0.991228,136.625,102.509,0.287291,C,0.186187,0.187923,0.187923,0.186622,0.130079,0.43976,0.744153,0.591957,0.152196
9,0.991228,136.968,102.509,0.289799,C,0.186094,0.188073,0.188073,0.186548,0.152538,0.427096,0.726907,0.577001,0.149906
9,0.991228,137.312,102.509,0.292308,C,0.186001,0.187611,0.187611,0.186475,0.113647,0.407668,0.700602,0.554135,0.146467
9,0.991228,137.657,102.509,0.294816,C,0.18591,0.18627,0.18627,0.186402,0.0132019,0.379164,0.661906,0.520535,0.141371
9,0.991228,138.003,102.509,0.297324,C,0.185818,0.187184,0.187184,0.186331,0.0853135,0.376229,0.657408,0.516818,0.140589
9,0.991228,138.35,102.509,0.299833,C,0.185727,0.182913,0.182913,0.18626,0.334698,0.319567,0.579445,0.449506,0.129939
9,0.991228,138.697,102.509,0.302341,C,0.185637,0.18341,0.18341,0.186191,0.278078,0.313111,0.569951,0.441531,0.12842
9,0.991228,139.045,102.509,0.304849,C,0.185547,0.182932,0.182932,0.186122,0.319012,0.297523,0.547648,0.422586,0.125063
9,0.991228,139.395,102.509,0.307358,C,0.185458,0.185949,0.185949,0.186054,0.0105112,0.315449,0.572167,0.443808,0.128359
9,0.991228,139.745,102.509,0.309866,C,0.185369,0.184184,0.184184,0.185987,0.180341,0.287987,0.533208,0.410598,0.122611
9,0.991228,140.096,102.509,0.312375,C,0.185281,0.188822,0.188822,0.185921,0.29006,0.321057,0.578945,0.450001,0.128944
9,0.991228,140.448,102.509,0.314883,C,0.185193,0.187115,0.187115,0.185856,0.125905,0.294077,0.540805,0.417441,0.123364
9,0.991228,140.8,102.509,0.317391,C,0.185106,0.184598,0.184598,0.185791,0.119331,0.261699,0.494323,0.378011,0.116312
9,0.991228,141.154,102.509,0.3199,C,0.185019,0.184828,0.184828,0.185728,0.0900201,0.254197,0.483051,0.368624,0.114427
9,0.991228,141.508,102.509,0.322408,C,0.184933,0.185265,0.185265,0.185665,0.0399962,0.248607,0.474503,0.361555,0.112948
9,0.991228,141.864,102.509,0.324916,C,0.184847,0.185798,0.185798,0.185603,0.0194283,0.243918,0.467241,0.355579,0.111661
9,0.991228,142.22,102.509,0.327425,C,0.184762,0.184838,0.184838,0.185543,0.0704543,0.227595,0.442908,0.335251,0.107657
9,0.991228,142.577,102.509,0.329933,C,0.184677,0.18514,0.18514,0.185483,0.0342357,0.22154,0.43353,0.327535,0.105995
9,0.991228,142.935,102.509,0.332441,C,0.184593,0.181684,0.181684,0.185424,0.37397,0.188803,0.383933,0.286368,0.0975653
9,0.991228,143.294,102.509,0.33495,C,0.184509,0.186433,0.186433,0.185365,0.106713,0.214945,0.422887,0.318916,0.103971
9,0.991228,143.654,102.509,0.337458,C,0.184426,0.186062,0.186062,0.185308,0.0753926,0.204415,0.406728,0.305572,0.101157
9,0.991228,144.015,102.509,0.339967,C,0.184343,0.184464,0.184464,0.185252,0.0787692,0.185961,0.378358,0.28216,0.0961985
9,0.991228,144.377,102.509,0.342475,C,0.184261,0.186791,0.186791,0.185196,0.159471,0.194514,0.390978,0.292746,0.0982323
9,0.991228,144.739,102.509,0.344983,C,0.184179,0.184246,0.184246,0.185142,0.0896006,0.170793,0.354188,0.26249,0.0916978
9,0.991228,145.103,102.509,0.347492,C,0.184098,0.181411,0.181411,0.185088,0.367674,0.1475,0.317094,0.232297,0.0847972
9,0.991228,145.467,102.509,0.35,C,0.184017,0.183945,0.183945,0.185035,0.109041,0.156197,0.330555,0.243376,0.0871789
10,1.09211,68.8874,102.768,-0.4,P,0.227084,0.225557,0.225557,0.226119,0.0562372,0.262795,0.459973,0.361384,0.0985892
10,1.09211,69.0604,102.768,-0.397492,P,0.226866,0.226167,0.226167,0.225925,0.0241469,0.275079,0.477202,0.376141,0.101062
10,1.09211,69.2338,102.768,-0.394983,P,0.226648,0.228673,0.228673,0.225732,0.294082,0.301647,0.513532,0.40759,0.105942
10,1.09211,69.4077,102.768,-0.392475,P,0.22643,0.225081,0.225081,0.225538,0.0456963,0.284133,0.490455,0.387294,0.103161
10,1.09211,69.582,102.768,-0.389967,P,0.226213,0.226503,0.226503,0.225345,0.115786,0.303294,0.516743,0.410019,0.106724
10,1.09211,69.7568,102.768,-0.387458,P,0.225996,0.229388,0.229388,0.225152,0.423626,0.334877,0.559226,0.447052,0.112174
10,1.09211,69.932,102.768,-0.38495,P,0.22578,0.224613,0.224613,0.224959,0.0345711,0.307116,0.522885,0.415,0.107885
10,1.09211,70.1076,102.768,-0.382441,P,0.225564,0.225457,0.225457,0.224766,0.0691096,0.322955,0.54451,0.433733,0.110777
10,1.09211,70.2837,102.768,-0.379933,P,0.225349,0.22525,0.22525,0.224573,0.0677187,0.330925,0.555603,0.443264,0.112339
10,1.09211,70.4602,102.768,-0.377425,P,0.225134,0.227769,0.227769,0.224381,0.338874,0.361694,0.596563,0.479128,0.117434
10,1.09211,70.6372,102.768,-0.374916,P,0.22492,0.223296,0.223296,0.224188,0.089183,0.334771,0.561778,0.448274,0.113503
10,1.09211,70.8146,102.768,-0.372408,P,0.224706,0.223374,0.223374,0.223996,0.0621607,0.345435,0.576386,0.460911,0.115476
10,1.09211,70.9924,102.768,-0.3699,P,0.224493,0.22332,0.22332,0.223804,0.0483664,0.355266,0.589851,0.472558,0.117292
10,1.09211,71.1707,102.768,-0.367391,P,0.22428,0.221738,0.221738,0.223612,0.187366,0.352272,0.586502,0.469387,0.117115
10,1.09211,71.3495,102.768,-0.364883,P,0.224067,0.224759,0.224759,0.22342,0.133889,0.389444,0.635462,0.512453,0.123009
10,1.09211,71.5287,102.768,-0.362375,P,0.223855,0.224628,0.224628,0.223228,0.140015,0.399603,0.64916,0.524381,0.124778
10,1.09211,71.7083,102.768,-0.359866,P,0.223644,0.223701,0.223701,0.223036,0.0664511,0.402608,0.653632,0.52812,0.125512
10,1.09211,71.8884,102.768,-0.357358,P,0.223433,0.223609,0.223609,0.222845,0.0763824,0.413476,0.668197,0.540836,0.127361
10,1.09211,72.069,102.768,-0.354849,P,0.223222,0.223057,0.223057,0.222654,0.0402935,0.420206,0.677434,0.54882,0.128614
10,1.09211,72.25,102.768,-0.352341,P,0.223012,0.222124,0.222124,0.222463,0.0338988,0.423392,0.682138,0.552765,0.129373
10,1.09211,72.4314,102.768,-0.349833,P,0.222803,0.223857,0.223857,0.222272,0.158544,0.4529,0.720287,0.586593,0.133693
10,1.09211,72.6133,102.768,-0.347324,P,0.222593,0.224144,0.224144,0.222081,0.206309,0.468812,0.741023,0.604917,0.136105
10,1.09211,72.7957,102.768,-0.344816,P,0.222385,0.220684,0.220684,0.22189,0.120673,0.446761,0.713823,0.580292,0.133531
10,1.09211,72.9785,102.768,-0.342308,P,0.222177,0.222338,0.222338,0.2217,0.0637766,0.476828,0.752442,0.614635,0.137807
10,1.09211,73.1618,102.768,-0.339799,P,0.221969,0.223692,0.223692,0.22151,0.218195,0.504971,0.788342,0.646656,0.141686
10,1.09211,73.3456,102.768,-0.337291,P,0.221761,0.219431,0.219431,0.22132,0.188876,0.47349,0.749612,0.611551,0.138061
10,1.09211,73.5298,102.768,-0.334783,P,0.221555,0.220107,0.220107,0.22113,0.102267,0.494467,0.77662,0.635544,0.141077
10,1.09211,73.7144,102.768,-0.332274,P,0.221348,0.220922,0.220922,0.22094,0.0017676,0.517661,0.806242,0.661952,0.144291
10,1.09211,73.8996,102.768,-0.329766,P,0.221142,0.21831,0.21831,0.22075,0.244018,0.50333,0.789114,0.646222,0.142892
10,1.09211,74.0852,102.768,-0.327258,P,0.220937,0.222659,0.222659,0.220561,0.209828,0.567629,0.869402,0.718516,0.150886
10,1.09211,74.2712,102.768,-0.324749,P,0.220732,0.220534,0.220534,0.220372,0.0162247,0.558385,0.858785,0.708585,0.1502
10,1.09211,74.4578,102.768,-0.322241,P,0.220528,0.21871,0.21871,0.220183,0.147281,0.552649,0.852472,0.70256,0.149911
10,1.09211,74.6448,102.768,-0.319732,P,0.220324,0.218536,0.218536,0.219994,0.145734,0.566304,0.870029,0.718166,0.151863
10,1.09211,74.8322,102.768,-0.317224,P,0.22012,0.220131,0.220131,0.219805,0.0326349,0.601783,0.914199,0.757991,0.156208
10,1.09211,75.0202,102.768,-0.314716,P,0.219917,0.21822,0.21822,0.219616,0.13964,0.594915,0.906606,0.75076,0.155845
10,1.09211,75.2086,102.768,-0.312207,P,0.219714,0.217764,0.217764,0.219428,0.16637,0.606001,0.920909,0.763455,0.157454
10,1.09211,75.3975,102.768,-0.309699,P,0.219512,0.2166,0.2166,0.21924,0.263969,0.608405,0.924635,0.76652,0.158115
10,1.09211,75.5868,102.768,-0.307191,P,0.219311,0.218475,0.218475,0.219052,0.0577179,0.649724,0.975511,0.812617,0.162893
10,1.09211,75.7767,102.768,-0.304682,P,0.219109,0.218261,0.218261,0.218864,0.060276,0.664957,0.994686,0.829821,0.164865
10,1.09211,75.967,102.768,-0.302174,P,0.218909,0.219287,0.219287,0.218677,0.061024,0.697217,1.03421,0.865714,0.168497
10,1.09211,76.1578,102.768,-0.299666,P,0.218708,0.217167,0.217167,0.218489,0.132205,0.687356,1.02326,0.855306,0.16795
10,1.09211,76.3491,102.768,-0.297157,P,0.218509,0.218093,0.218093,0.218302,0.020918,0.719188,1.06214,0.890663,0.171475
10,1.09211,76.5408,102.768,-0.294649,P,0.218309,0.217497,0.217497,0.218115,0.0618212,0.73049,1.07646,0.903473,0.172983
10,1.09211,76.733,102.768,-0.29214,P,0.21811,0.216083,0.216083,0.217928,0.184539,0.730406,1.07723,0.90382,0.173414
10,1.09211,76.9258,102.768,-0.289632,P,0.217912,0.2193,0.2193,0.217742,0.155841,0.797409,1.15735,0.97738,0.179971
10,1.09211,77.119,102.768,-0.287124,P,0.217714,0.217459,0.217459,0.217555,0.00958318,0.791358,1.15113,0.971245,0.179887
10,1.09211,77.3126,102.768,-0.284615,P,0.217517,0.219551,0.219551,0.217369,0.218205,0.844512,1.21437,1.02944,0.184931
10,1.09211,77.5068,102.768,-0.282107,P,0.21732,0.21584,0.21584,0.217183,0.134278,0.810057,1.17495,0.992504,0.182447
10,1.09211,77.7015,102.768,-0.279599,P,0.217123,0.216054,0.216054,0.216997,0.0942985,0.83532,1.20549,1.0204,0.185084
10,1.09211,77.8966,102.768,-0.27709,P,0.216927,0.216582,0.216582,0.216812,0.0229455,0.866123,1.24238,1.05425,0.188131
10,1.09211,78.0923,102.768,-0.274582,P,0.216732,0.214911,0.214911,0.216626,0.171549,0.862794,1.23946,1.05113,0.188335
10,1.09211,78.2884,102.768,-0.272074,P,0.216537,0.218883,0.218883,0.216441,0.244173,0.950655,1.34221,1.14643,0.195779
10,1.09211,78.485,102.768,-0.269565,P,0.216342,0.21579,0.21579,0.216256,0.0466236,0.924189,1.31265,1.11842,0.194232
10,1.09211,78.6821,102.768,-0.267057,P,0.216148,0.215004,0.215004,0.216071,0.106739,0.935683,1.32692,1.1313,0.195618
10,1.09211,78.8797,102.768,-0.264548,P,0.215954,0.217622,0.217622,0.215887,0.173475,1.00504,1.40763,1.20633,0.201297
10,1.09211,79.0778,102.768,-0.26204,P,0.215761,0.215529,0.215529,0.215703,0.017413,0.994973,1.39712,1.19604,0.201072
10,1.09211,79.2764,102.768,-0.259532,P,0.215568,0.216197,0.216197,0.215519,0.0678104,1.03278,1.44138,1.23708,0.204298
10,1.09211,79.4755,102.768,-0.257023,P,0.215376,0.213348,0.213348,0.215335,0.198666,1.00949,1.41579,1.21264,0.203154
10,1.09211,79.6752,102.768,-0.254515,P,0.215184,0.216699,0.216699,0.215151,0.154756,1.09621,1.5156,1.30591,0.209694
10,1.09211,79.8753,102.768,-0.252007,P,0.214993,0.217755,0.217755,0.214968,0.278705,1.14391,1.57061,1.35726,0.213347
10,1.09211,80.0759,102.768,-0.249498,P,0.214802,0.210432,0.210432,0.214785,0.43527,1.03852,1.45214,1.24533,0.206808
10,1.09211,80.277,102.768,-0.24699,P,0.214611,0.215201,0.215201,0.214602,0.0599375,1.15433,1.5845,1.36941,0.215083
10,1.09211,80.4786,102.768,-0.244482,P,0.214421,0.214817,0.214817,0.214419,0.039782,1.17661,1.61067,1.39364,0.217031
10,1.09211,80.6807,102.768,-0.241973,P,0.214232,0.211875,0.211875,0.214237,0.236185,1.15045,1.58232,1.36639,0.215932
10,1.09211,80.8833,102.768,-0.239465,P,0.214043,0.212772,0.212772,0.214054,0.128243,1.19766,1.63654,1.4171,0.21944
10,1.09211,81.0865,102.768,-0.236957,P,0.213854,0.21086,0.21086,0.213872,0.301208,1.19116,1.63037,1.41076,0.219603
10,1.09211,81.2901,102.768,-0.234448,P,0.213666,0.213522,0.213522,0.213691,0.0168727,1.27488,1.7252,1.50004,0.225158
10,1.09211,81.4943,102.768,-0.23194,P,0.213479,0.212639,0.212639,0.213509,0.0869827,1.28935,1.74246,1.5159,0.226558
10,1.09211,81.699,102.768,-0.229431,P,0.213292,0.215412,0.215412,0.213328,0.20842,1.37935,1.84352,1.61144,0.232088
10,1.09211,81.9042,102.768,-0.226923,P,0.213105,0.214736,0.214736,0.213147,0.158881,1.39933,1.86678,1.63306,0.233722
10,1.09211,82.1099,102.768,-0.224415,P,0.212919,0.211875,0.211875,0.212966,0.109096,1.37356,1.83945,1.6065,0.232944
10,1.09211,82.3161,102.768,-0.221906,P,0.212733,0.213244,0.213244,0.212786,0.0457619,1.43737,1.91109,1.67423,0.236857
10,1.09211,82.5228,102.768,-0.219398,P,0.212548,0.215379,0.215379,0.212606,0.277368,1.51976,2.00279,1.76128,0.241517
10,1.09211,82.7301,102.768,-0.21689,P,0.212363,0.212186,0.212186,0.212426,0.0239772,1.48627,1.96725,1.72676,0.24049
10,1.09211,82.9379,102.768,-0.214381,P,0.212179,0.208929,0.208929,0.212246,0.331721,1.45136,1.9301,1.69073,0.239369
10,1.09211,83.1462,102.768,-0.211873,P,0.211995,0.211574,0.211574,0.212067,0.0492777,1.54693,2.03615,1.79154,0.244608
10,1.09211,83.355,102.768,-0.209365,P,0.211811,0.212366,0.212366,0.211887,0.0478739,1.60314,2.09874,1.85094,0.247799
10,1.09211,83.5643,102.768,-0.206856,P,0.211628,0.211198,0.211198,0.211709,0.0511048,1.61533,2.11325,1.86429,0.248961
10,1.09211,83.7742,102.768,-0.204348,P,0.211446,0.211423,0.211423,0.21153,0.0106689,1.66017,2.16326,1.91171,0.251547
10,1.09211,83.9846,102.768,-0.201839,P,0.211264,0.210642,0.210642,0.211352,0.0709414,1.68216,2.18838,1.93527,0.253113
10,1.09211,84.1955,102.768,-0.199331,P,0.211083,0.210572,0.210572,0.211173,0.0601454,1.72146,2.23224,1.97685,0.255387
10,1.09211,84.407,102.768,-0.196823,P,0.210902,0.210015,0.210015,0.210996,0.0980882,1.74978,2.26413,2.00696,0.257177
10,1.09211,84.619,102.768,-0.194314,P,0.210721,0.206865,0.206865,0.210818,0.395288,1.71585,2.22873,1.97229,0.256437
10,1.09211,84.8315,102.768,-0.191806,P,0.210541,0.208841,0.208841,0.210641,0.179999,1.80648,2.32788,2.06718,0.260703
10,1.09211,85.0445,102.768,-0.189298,P,0.210361,0.210616,0.210616,0.210464,0.0152117,1.89453,2.42385,2.15919,0.264662
10,1.09211,85.2581,102.768,-0.186789,P,0.210182,0.21055,0.21055,0.210287,0.0263201,1.93796,2.4717,2.20483,0.266871
10,1.09211,85.4723,102.768,-0.184281,P,0.210003,0.209648,0.209648,0.210111,0.0462757,1.96076,2.4974,2.22908,0.268322
10,1.09211,85.6869,102.768,-0.181773,P,0.209825,0.207986,0.207986,0.209935,0.194835,1.96438,2.50259,2.23349,0.269104
10,1.09211,85.9021,102.768,-0.179264,P,0.209647,0.206699,0.206699,0.209759,0.305987,1.97783,2.51829,2.24806,0.27023
10,1.09211,86.1179,102.768,-0.176756,P,0.20947,0.211379,0.211379,0.209583,0.179571,2.149,2.70192,2.42546,0.276458
10,1.09211,86.3342,102.768,-0.174247,P,0.209293,0.209473,0.209473,0.209408,0.00647426,2.14747,2.7016,2.42454,0.277065
10,1.09211,86.551,102.768,-0.171739,P,0.209117,0.211809,0.211809,0.209233,0.257602,2.26109,2.82329,2.54219,0.281099
10,1.09211,86.7684,102.768,-0.169231,P,0.208941,0.209493,0.209493,0.209058,0.0434378,2.24905,2.81186,2.53045,0.281408
10,1.09211,86.9863,102.768,-0.166722,P,0.208766,0.209219,0.209219,0.208884,0.0335434,2.29339,2.86004,2.57672,0.283327
10,1.09211,87.2047,102.768,-0.164214,P,0.208591,0.208251,0.208251,0.20871,0.0458808,2.3191,2.88851,2.6038,0.284703
10,1.09211,87.4238,102.768,-0.161706,P,0.208416,0.206699,0.206699,0.208536,0.183759,2.32884,2.90012,2.61448,0.285638
10,1.09211,87.6433,102.768,-0.159197,P,0.208242,0.209015,0.209015,0.208363,0.0652357,2.44876,3.02764,2.7382,0.289442
10,1.09211,87.8634,102.768,-0.156689,P,0.208069,0.206534,0.206534,0.20819,0.165575,2.43297,3.01239,2.72268,0.289711
10,1.09211,88.0841,102.768,-0.154181,P,0.207896,0.206165,0.206165,0.208017,0.185179,2.47814,3.06116,2.76965,0.29151
10,1.09211,88.3053,102.768,-0.151672,P,0.207723,0.208172,0.208172,0.207844,0.0327565,2.59376,3.1836,2.88868,0.294921
10,1.09211,88.5271,102.768,-0.149164,P,0.207551,0.207989,0.207989,0.207672,0.031711,2.6467,3.24025,2.94347,0.296777
10,1.09211,88.7495,102.768,-0.146656,P,0.207379,0.207175,0.207175,0.2075,0.0324782,2.68165,3.27806,2.97985,0.298204
10,1.09211,88.9724,102.768,-0.144147,P,0.207208,0.209183,0.209183,0.207329,0.18542,2.80261,3.40538,3.104,0.301383
10,1.09211,89.1958,102.768,-0.141639,P,0.207037,0.20873,0.20873,0.207157,0.157287,2.85051,3.45647,3.15349,0.302984
10,1.09211,89.4198,102.768,-0.13913,P,0.206867,0.206753,0.206753,0.206986,0.0233891,2.85217,3.45951,3.15584,0.303671
10,1.09211,89.6444,102.768,-0.136622,P,0.206697,0.205974,0.205974,0.206816,0.0841428,2.89118,3.50132,3.19625,0.305072
10,1.09211,89.8695,102.768,-0.134114,P,0.206528,0.205339,0.205339,0.206646,0.130653,2.93533,3.54842,3.24187,0.306546
10,1.09211,90.0953,102.768,-0.131605,P,0.206359,0.208925,0.208925,0.206476,0.244964,3.11391,3.73447,3.42419,0.310282
10,1.09211,90.3215,102.768,-0.129097,P,0.206191,0.205912,0.205912,0.206306,0.0394102,3.08458,3.70546,3.39502,0.31044
10,1.09211,90.5484,102.768,-0.126589,P,0.206023,0.209355,0.209355,0.206137,0.321815,3.26308,3.89085,3.57696,0.313885
10,1.09211,90.7758,102.768,-0.12408,P,0.205855,0.207199,0.207199,0.205968,0.123067,3.26219,3.89119,3.57669,0.314497
10,1.09211,91.0038,102.768,-0.121572,P,0.205688,0.205958,0.205958,0.2058,0.0158118,3.29146,3.92257,3.60701,0.315554
10,1.09211,91.2323,102.768,-0.119064,P,0.205522,0.209974,0.209974,0.205631,0.434247,3.4953,4.13321,3.81425,0.318957
10,1.09211,91.4615,102.768,-0.116555,P,0.205356,0.204222,0.204222,0.205463,0.124157,3.3764,4.0124,3.6944,0.317998
10,1.09211,91.6912,102.768,-0.114047,P,0.20519,0.206228,0.206228,0.205296,0.0931767,3.51629,4.15714,3.83672,0.320429
10,1.09211,91.9214,102.768,-0.111538,P,0.205025,0.204962,0.204962,0.205129,0.0166999,3.5478,4.19065,3.86922,0.321423
10,1.09211,92.1523,102.768,-0.10903,P,0.204861,0.204076,0.204076,0.204962,0.0885543,3.59285,4.23798,3.91541,0.322563
10,1.09211,92.3837,102.768,-0.106522,P,0.204696,0.202289,0.20229,0.204796,0.250603,3.60781,4.25449,3.93115,0.32334
10,1.09211,92.6158,102.768,-0.104013,P,0.204533,0.205547,0.205547,0.204629,0.0917799,3.79726,4.44921,4.12323,0.325978
10,1.09211,92.8484,102.768,-0.101505,P,0.20437,0.203794,0.203794,0.204464,0.0670033,3.81515,4.46862,4.14188,0.326734
10,1.09211,93.0816,102.768,-0.0989967,P,0.204207,0.204618,0.204618,0.204298,0.0319451,3.92383,4.58053,4.25218,0.328349
10,1.09211,93.3153,102.768,-0.0964883,P,0.204045,0.20412,0.20412,0.204133,0.00137623,3.98746,4.64642,4.31694,0.329482
10,1.09211,93.5497,102.768,-0.0939799,P,0.203883,0.202892,0.202892,0.203969,0.107639,4.02619,4.68693,4.35656,0.330367
10,1.09211,93.7847,102.768,-0.0914716,P,0.203721,0.203823,0.203823,0.203805,0.00187684,4.14285,4.80657,4.47471,0.331861
10,1.09211,94.0202,102.768,-0.0889632,P,0.20356,0.201401,0.201401,0.203641,0.223962,4.14046,4.8052,4.47283,0.332371
10,1.09211,94.2563,102.768,-0.0864548,P,0.2034,0.205849,0.205849,0.203477,0.237213,4.38742,5.05674,4.72208,0.33466
10,1.09211,94.4931,102.768,-0.0839465,P,0.20324,0.20239,0.20239,0.203314,0.0924015,4.34894,5.01872,4.68383,0.334891
10,1.09211,94.7304,102.768,-0.0814381,P,0.203081,0.205844,0.205844,0.203151,0.269303,4.56435,5.23778,4.90107,0.336714
10,1.09211,94.9683,102.768,-0.0789298,P,0.202922,0.201149,0.201149,0.202989,0.184027,4.48126,5.15463,4.81795,0.336686
10,1.09211,95.2068,102.768,-0.0764214,P,0.202763,0.203335,0.203335,0.202827,0.0508322,4.65333,5.32953,4.99143,0.338103
10,1.09211,95.4459,102.768,-0.073913,P,0.202605,0.200632,0.200632,0.202665,0.203356,4.64491,5.3219,4.98341,0.338496
10,1.09211,95.6856,102.768,-0.0714047,P,0.202447,0.204147,0.204147,0.202504,0.164315,4.8705,5.55049,5.2105,0.339994
10,1.09211,95.9259,102.768,-0.0688963,P,0.20229,0.203084,0.203084,0.202344,0.0740347,4.92577,5.60702,5.2664,0.340621
10,1.09211,96.1669,102.768,-0.066388,P,0.202134,0.202337,0.202337,0.202183,0.0153793,4.99404,5.67658,5.33531,0.34127
10,1.09211,96.4084,102.768,-0.0638796,P,0.201978,0.198676,0.198676,0.202023,0.334732,4.95213,5.63509,5.29361,0.341476
10,1.09211,96.6505,102.768,-0.0613712,P,0.201822,0.202515,0.202515,0.201864,0.0651816,5.19808,5.88344,5.54076,0.342682
10,1.09211,96.8933,102.768,-0.0588629,P,0.201667,0.199292,0.199292,0.201704,0.241235,5.17444,5.86029,5.51736,0.342926
10,1.09211,97.1366,102.768,-0.0563545,P,0.201512,0.199891,0.199891,0.201546,0.165499,5.29916,5.98635,5.64276,0.343594
10,1.09211,97.3806,102.768,-0.0538462,P,0.201357,0.201543,0.201543,0.201387,0.0156016,5.46661,6.1552,5.8109,0.344296
10,1.09211,97.6251,102.768,-0.0513378,P,0.201204,0.202302,0.202302,0.201229,0.107285,5.60112,6.29079,5.94596,0.344835
10,1.09211,97.8703,102.768,-0.0488294,P,0.20105,0.203378,0.203378,0.201072,0.230647,5.74981,6.44048,6.09514,0.345331
10,1.09211,98.1161,102.768,-0.0463211,P,0.200897,0.200745,0.200745,0.200915,0.0169977,5.75385,6.44489,6.09937,0.345521
10,1.09211,98.3625,102.768,-0.0438127,P,0.200745,0.202879,0.202879,0.200758,0.212074,5.94746,6.6394,6.29343,0.345968
10,1.09211,98.6096,102.768,-0.0413043,P,0.200593,0.200314,0.200314,0.200602,0.0287309,5.95626,6.64847,6.30236,0.346107
10,1.09211,98.8572,102.768,-0.038796,P,0.200441,0.202146,0.202146,0.200446,0.169985,6.1413,6.83412,6.48771,0.346409
10,1.09211,99.1055,102.768,-0.0362876,P,0.20029,0.201402,0.201402,0.200291,0.111164,6.22516,6.91825,6.57171,0.346548
10,1.09211,99.3544,102.768,-0.0337793,P,0.20014,0.199583,0.199583,0.200136,0.0552273,6.26706,6.96029,6.61368,0.346616
10,1.09211,99.604,102.768,-0.0312709,P,0.19999,0.201001,0.201001,0.199981,0.101969,6.44054,7.13398,6.78726,0.346719
10,1.09211,99.8541,102.768,-0.0287625,P,0.19984,0.198036,0.198036,0.199827,0.179086,6.43856,7.13194,6.78525,0.34669
10,1.09211,100.105,102.768,-0.0262542,P,0.199691,0.199418,0.199418,0.199673,0.0254851,6.61382,7.30718,6.9605,0.34668
10,1.09211,100.356,102.768,-0.0237458,P,0.199542,0.197775,0.197775,0.19952,0.174518,6.66776,7.36094,7.01435,0.34659
10,1.09211,100.608,102.768,-0.0212375,P,0.199394,0.199778,0.199778,0.199367,0.0411008,6.87173,7.56465,7.21819,0.34646
10,1.09211,100.861,102.768,-0.0187291,P,0.199246,0.20148,0.20148,0.199215,0.226513,7.06533,7.75785,7.41159,0.346259
10,1.09211,101.114,102.768,-0.0162207,P,0.199099,0.195038,0.195038,0.199063,0.402473,6.9268,7.61892,7.27286,0.34606
10,1.09211,101.368,102.768,-0.0137124,P,0.198952,0.202638,0.202638,0.198912,0.372598,7.36579,8.05718,7.71148,0.345693
10,1.09211,101.623,102.768,-0.011204,P,0.198806,0.198545,0.198545,0.198761,0.0215365,7.32611,8.0169,7.6715,0.345393
10,1.09211,101.878,102.768,-0.00869565,P,0.19866,0.194832,0.194832,0.19861,0.377862,7.30294,7.99304,7.64799,0.34505
10,1.09211,102.134,102.768,-0.00618729,P,0.198515,0.200386,0.200386,0.19846,0.192608,7.66397,8.35299,8.00848,0.344507
10,1.09211,102.39,102.768,-0.00367893,P,0.19837,0.194678,0.194678,0.198311,0.363258,7.561,8.24921,7.9051,0.344102
10,1.09211,102.648,102.768,-0.00117057,P,0.198225,0.196913,0.196913,0.198161,0.124857,7.7883,8.47531,8.1318,0.343504
10,1.09211,102.905,102.768,0.00133779,C,0.198081,0.198209,0.198209,0.198013,0.0196584,7.8435,8.53146,8.18748,0.343979
10,1.09211,103.164,102.768,0.00384615,C,0.197938,0.196683,0.196683,0.197865,0.118139,7.66453,8.35539,8.00996,0.345428
10,1.09211,103.423,102.768,0.00635452,C,0.197795,0.197649,0.197649,0.197717,0.00683779,7.59006,8.28363,7.93684,0.346783
10,1.09211,103.683,102.768,0.00886288,C,0.197652,0.19583,0.19583,0.19757,0.174024,7.40072,8.09699,7.74885,0.348134
10,1.09211,103.943,102.768,0.0113712,C,0.19751,0.199895,0.199895,0.197423,0.24719,7.45739,8.15609,7.80674,0.349349
10,1.09211,104.204,102.768,0.0138796,C,0.197368,0.198583,0.198583,0.197277,0.130583,7.29111,7.99229,7.6417,0.350593
10,1.09211,104.466,102.768,0.016388,C,0.197227,0.20069,0.20069,0.197131,0.355857,7.2683,7.9718,7.62005,0.351752
10,1.09211,104.728,102.768,0.0188963,C,0.197086,0.196684,0.196684,0.196986,0.0301931,6.99166,7.69747,7.34456,0.352901
10,1.09211,104.991,102.768,0.0214047,C,0.196946,0.197449,0.197449,0.196841,0.0607705,6.9149,7.62283,7.26887,0.353967
10,1.09211,105.255,102.768,0.023913,C,0.196806,0.19672,0.19672,0.196697,0.0023082,6.77687,7.48683,7.13185,0.354979
10,1.09211,105.519,102.768,0.0264214,C,0.196667,0.199571,0.199571,0.196553,0.301813,6.78904,7.50097,7.145,0.355967
10,1.09211,105.784,102.768,0.0289298,C,0.196528,0.197455,0.197455,0.19641,0.104497,6.59521,7.30892,6.95207,0.356857
10,1.09211,106.05,102.768,0.0314381,C,0.19639,0.199632,0.199632,0.196267,0.33653,6.58121,7.29673,6.93897,0.357761
10,1.09211,106.316,102.768,0.0339465,C,0.196252,0.196825,0.196825,0.196125,0.0700165,6.36078,7.07777,6.71928,0.358496
10,1.09211,106.583,102.768,0.0364548,C,0.196114,0.196335,0.196335,0.195983,0.0352188,6.23787,6.95631,6.59709,0.35922
10,1.09211,106.851,102.768,0.0389632,C,0.195977,0.191542,0.191542,0.195841,0.429912,5.93762,6.65695,6.29729,0.359665
10,1.09211,107.119,102.768,0.0414716,C,0.195841,0.196296,0.196296,0.195701,0.0595279,6.03423,6.75528,6.39476,0.36053
10,1.09211,107.388,102.768,0.0439799,C,0.195705,0.1948,0.1948,0.19556,0.076055,5.87289,6.59489,6.23389,0.361002
10,1.09211,107.658,102.768,0.0464883,C,0.195569,0.193912,0.193912,0.195421,0.15083,5.73792,6.46079,6.09935,0.361432
10,1.09211,107.929,102.768,0.0489967,C,0.195434,0.19395,0.19395,0.195282,0.133118,5.64226,6.36599,6.00412,0.361868
10,1.09211,108.2,102.768,0.051505,C,0.1953,0.195654,0.195654,0.195143,0.0510779,5.61609,6.34092,5.9785,0.362414
10,1.09211,108.471,102.768,0.0540134,C,0.195165,0.198245,0.198245,0.195005,0.324003,5.62715,6.35321,5.99018,0.363032
10,1.09211,108.744,102.768,0.0565217,C,0.195032,0.192468,0.192468,0.194867,0.239875,5.29624,6.02149,5.65886,0.362629
10,1.09211,109.017,102.768,0.0590301,C,0.194899,0.195771,0.195771,0.19473,0.104047,5.33807,6.06461,5.70134,0.363271
10,1.09211,109.291,102.768,0.0615385,C,0.194766,0.196733,0.196733,0.194594,0.213937,5.28505,6.01221,5.64863,0.36358
10,1.09211,109.565,102.768,0.0640468,C,0.194634,0.192304,0.192304,0.194458,0.215329,5.01409,5.74001,5.37705,0.362963
10,1.09211,109.84,102.768,0.0665552,C,0.194502,0.194474,0.194474,0.194322,0.0152321,5.0121,5.73883,5.37547,0.363365
10,1.09211,110.116,102.768,0.0690635,C,0.19437,0.193916,0.193916,0.194187,0.0270758,4.90067,5.62713,5.2639,0.363229
10,1.09211,110.393,102.768,0.0715719,C,0.194239,0.192905,0.192905,0.194053,0.114799,4.77224,5.49807,5.13516,0.362916
10,1.09211,110.67,102.768,0.0740803,C,0.194109,0.194855,0.194855,0.193919,0.0936521,4.76366,5.49006,5.12686,0.3632
10,1.09211,110.948,102.768,0.0765886,C,0.193979,0.194784,0.194784,0.193786,0.0997952,4.67491,5.40089,5.0379,0.362988
10,1.09211,111.227,102.768,0.079097,C,0.19385,0.194951,0.194951,0.193653,0.129814,4.59673,5.32229,4.95951,0.362779
10,1.09211,111.506,102.768,0.0816054,C,0.193721,0.191923,0.191923,0.193521,0.159787,4.39324,5.11644,4.75484,0.361601
10,1.09211,111.786,102.768,0.0841137,C,0.193592,0.191448,0.191448,0.193389,0.194106,4.2923,5.01436,4.65333,0.361029
10,1.09211,112.067,102.768,0.0866221,C,0.193464,0.19472,0.19472,0.193258,0.146159,4.33924,5.06246,4.70085,0.361608
10,1.09211,112.348,102.768,0.0891304,C,0.193337,0.193485,0.193485,0.193128,0.0357526,4.21037,4.93177,4.57107,0.360703
10,1.09211,112.63,102.768,0.0916388,C,0.193209,0.191863,0.191863,0.192998,0.113514,4.06803,4.7871,4.42756,0.359537
10,1.09211,112.913,102.768,0.0941472,C,0.193083,0.192557,0.192557,0.192868,0.0311346,4.01668,4.73498,4.37583,0.359153
10,1.09211,113.197,102.768,0.0966555,C,0.192957,0.192166,0.192166,0.19274,0.0573935,3.92446,4.64104,4.28275,0.358291
10,1.09211,113.481,102.768,0.0991639,C,0.192831,0.196126,0.196126,0.192612,0.351477,3.99973,4.71814,4.35894,0.359204
10,1.09211,113.766,102.768,0.101672,C,0.192706,0.190394,0.190394,0.192484,0.208951,3.70621,4.41797,4.06209,0.355879
10,1.09211,114.052,102.768,0.104181,C,0.192581,0.193097,0.193097,0.192357,0.0740446,3.73432,4.44686,4.09059,0.35627
10,1.09211,114.338,102.768,0.106689,C,0.192456,0.193262,0.193262,0.19223,0.103197,3.66725,4.37813,4.02269,0.355439
10,1.09211,114.625,102.768,0.109197,C,0.192333,0.196879,0.196879,0.192105,0.47748,3.73026,4.44287,4.08657,0.356305
10,1.09211,114.913,102.768,0.111706,C,0.192209,0.192789,0.192789,0.191979,0.0809322,3.50613,4.21252,3.85932,0.353197
10,1.09211,115.202,102.768,0.114214,C,0.192086,0.191403,0.191403,0.191855,0.0452231,3.38502,4.08765,3.73633,0.351314
10,1.09211,115.491,102.768,0.116722,C,0.191964,0.186882,0.186882,0.191731,0.484884,3.15221,3.84681,3.49951,0.347304
10,1.09211,115.781,102.768,0.119231,C,0.191842,0.188987,0.188987,0.191607,0.261991,3.16116,3.85589,3.50852,0.347363
10,1.09211,116.072,102.768,0.121739,C,0.19172,0.192525,0.192525,0.191484,0.104068,3.22187,3.91861,3.57024,0.34837
10,1.09211,116.364,102.768,0.124247,C,0.191599,0.191675,0.191675,0.191362,0.0312646,3.12534,3.81833,3.47183,0.346493
10,1.09211,116.656,102.768,0.126756,C,0.191479,0.194884,0.194884,0.19124,0.364393,3.17451,3.86918,3.52184,0.347333
10,1.09211,116.949,102.768,0.129264,C,0.191359,0.190104,0.190104,0.191119,0.101511,2.94131,3.62637,3.28384,0.34253
10,1.09211,117.243,102.768,0.131773,C,0.191239,0.19545,0.19545,0.190999,0.445094,3.06569,3.7557,3.4107,0.345003
10,1.09211,117.537,102.768,0.134281,C,0.19112,0.190517,0.190517,0.190879,0.0362451,2.83134,3.51089,3.17111,0.339775
10,1.09211,117.832,102.768,0.136789,C,0.191001,0.189261,0.189261,0.19076,0.149917,2.7277,3.40195,3.06482,0.337126
10,1.09211,118.128,102.768,0.139298,C,0.190883,0.190182,0.190182,0.190641,0.0459224,2.69943,3.37189,3.03566,0.336231
10,1.09211,118.425,102.768,0.141806,C,0.190765,0.192246,0.192246,0.190523,0.172274,2.71021,3.38284,3.04652,0.336315
10,1.09211,118.722,102.768,0.144314,C,0.190648,0.194239,0.194239,0.190406,0.383273,2.71875,3.39145,3.0551,0.336352
10,1.09211,119.02,102.768,0.146823,C,0.190531,0.191332,0.191332,0.190289,0.104243,2.56396,3.22802,2.89599,0.33203
10,1.09211,119.319,102.768,0.149331,C,0.190415,0.192637,0.192637,0.190173,0.24635,2.55057,3.21346,2.88201,0.331442
10,1.09211,119.619,102.768,0.151839,C,0.190299,0.188478,0.188478,0.190058,0.157969,2.35999,3.01102,2.6855,0.325516
10,1.09211,119.919,102.768,0.154348,C,0.190184,0.188345,0.188345,0.189943,0.159848,2.30215,2.94894,2.62554,0.323395
10,1.09211,120.221,102.768,0.156856,C,0.190069,0.188218,0.188218,0.189829,0.16115,2.24551,2.88797,2.56674,0.321231
10,1.09211,120.523,102.768,0.159365,C,0.189954,0.191017,0.191017,0.189716,0.130104,2.28161,2.92599,2.6038,0.322185
10,1.09211,120.825,102.768,0.161873,C,0.18984,0.19067,0.19067,0.189603,0.106727,2.21912,2.85866,2.53889,0.319772
10,1.09211,121.129,102.768,0.164381,C,0.189727,0.186858,0.186858,0.18949,0.263263,2.05174,2.67836,2.36505,0.313308
10,1.09211,121.433,102.768,0.16689,C,0.189614,0.190793,0.190793,0.189379,0.141393,2.12236,2.75378,2.43807,0.315706
10,1.09211,121.738,102.768,0.169398,C,0.189501,0.188262,0.188262,0.189268,0.100568,1.99732,2.61838,2.30785,0.310531
10,1.09211,122.044,102.768,0.171906,C,0.189389,0.191884,0.191884,0.189158,0.272599,2.05795,2.68326,2.37061,0.312657
10,1.09211,122.35,102.768,0.174415,C,0.189277,0.189248,0.189248,0.189048,0.020032,1.93247,2.54689,2.23968,0.307213
10,1.09211,122.657,102.768,0.176923,C,0.189166,0.188163,0.188163,0.188939,0.0775718,1.85514,2.46217,2.15865,0.303512
10,1.09211,122.966,102.768,0.179431,C,0.189055,0.188405,0.188405,0.188831,0.0426064,1.81731,2.42024,2.11878,0.301463
10,1.09211,123.274,102.768,0.18194,C,0.188945,0.187819,0.187819,0.188723,0.0904559,1.75683,2.35339,2.05511,0.29828
10,1.09211,123.584,102.768,0.184448,C,0.188835,0.190678,0.190678,0.188616,0.206204,1.79399,2.39343,2.09371,0.299724
10,1.09211,123.894,102.768,0.186957,C,0.188726,0.189576,0.189576,0.18851,0.106609,1.72023,2.31187,2.01605,0.295819
10,1.09211,124.206,102.768,0.189465,C,0.188617,0.187535,0.187535,0.188404,0.0869023,1.62274,2.20367,1.91321,0.290468
10,1.09211,124.517,102.768,0.191973,C,0.188509,0.186334,0.186334,0.1883,0.196564,1.55031,2.12264,1.83648,0.286166
10,1.09211,124.83,102.768,0.194482,C,0.188401,0.189084,0.189084,0.188195,0.088914,1.5837,2.15903,1.87136,0.287663
10,1.09211,125.144,102.768,0.19699,C,0.188294,0.186287,0.186287,0.188092,0.180518,1.4714,2.03318,1.75229,0.28089
10,1.09211,125.458,102.768,0.199498,C,0.188187,0.186234,0.186234,0.187989,0.175489,1.43239,1.98872,1.71055,0.278169
10,1.09211,125.773,102.768,0.202007,C,0.18808,0.187852,0.187852,0.187887,0.00343362,1.43636,1.99246,1.71441,0.278048
10,1.09211,126.089,102.768,0.204515,C,0.187974,0.186951,0.186951,0.187785,0.0834161,1.37715,1.92509,1.65112,0.273971
10,1.09211,126.406,102.768,0.207023,C,0.187869,0.185713,0.185713,0.187684,0.197111,1.31125,1.84978,1.58052,0.269266
10,1.09211,126.723,102.768,0.209532,C,0.187763,0.191133,0.191133,0.187584,0.354845,1.40926,1.95987,1.68457,0.275304
10,1.09211,127.041,102.768,0.21204,C,0.187659,0.189468,0.189468,0.187485,0.198315,1.33295,1.87294,1.60295,0.269993
10,1.09211,127.36,102.768,0.214548,C,0.187555,0.185728,0.185728,0.187386,0.165837,1.21027,1.73234,1.4713,0.261033
10,1.09211,127.68,102.768,0.217057,C,0.187451,0.188665,0.188665,0.187288,0.137749,1.24606,1.77258,1.50932,0.26326
10,1.09211,128.001,102.768,0.219565,C,0.187348,0.18676,0.18676,0.187191,0.0430411,1.16966,1.68416,1.42691,0.257249
10,1.09211,128.322,102.768,0.222074,C,0.187245,0.189294,0.189294,0.187094,0.220027,1.19574,1.71344,1.45459,0.258854
10,1.09211,128.645,102.768,0.224582,C,0.187143,0.187085,0.187085,0.186998,0.00867378,1.11482,1.61929,1.36706,0.252231
10,1.09211,128.968,102.768,0.22709,C,0.187041,0.185422,0.185422,0.186903,0.148077,1.04872,1.54157,1.29514,0.246425
10,1.09211,129.292,102.768,0.229599,C,0.18694,0.187478,0.187478,0.186808,0.0669777,1.0637,1.55833,1.31102,0.247314
10,1.09211,129.616,102.768,0.232107,C,0.186839,0.184522,0.184522,0.186715,0.219218,0.972936,1.45102,1.21198,0.239041
10,1.09211,129.942,102.768,0.234615,C,0.186738,0.185785,0.185785,0.186622,0.0836301,0.971405,1.44846,1.20993,0.238528
10,1.09211,130.268,102.768,0.237124,C,0.186638,0.18707,0.18707,0.186529,0.0541094,0.970401,1.44654,1.20847,0.238069
10,1.09211,130.596,102.768,0.239632,C,0.186539,0.186683,0.186683,0.186438,0.0245473,0.9357,1.40468,1.17019,0.234489
10,1.09211,130.924,102.768,0.24214,C,0.18644,0.185729,0.185729,0.186347,0.0618139,0.890795,1.3504,1.1206,0.229805
10,1.09211,131.252,102.768,0.244649,C,0.186341,0.184402,0.184402,0.186257,0.185497,0.840242,1.28894,1.06459,0.224347
10,1.09211,131.582,102.768,0.247157,C,0.186243,0.188061,0.188061,0.186167,0.189387,0.88531,1.3424,1.11385,0.228543
10,1.09211,131.912,102.768,0.249666,C,0.186146,0.185676,0.185676,0.186078,0.0402543,0.815736,1.25784,1.03679,0.221054
10,1.09211,132.244,102.768,0.252174,C,0.186049,0.187226,0.187226,0.18599,0.123608,0.82063,1.26306,1.04185,0.221216
10,1.09211,132.576,102.768,0.254682,C,0.185952,0.185504,0.185504,0.185903,0.0399096,0.766171,1.19606,0.981115,0.214944
10,1.09211,132.909,102.768,0.257191,C,0.185856,0.186176,0.186176,0.185817,0.0359123,0.7556,1.1824,0.969002,0.213402
10,1.09211,133.243,102.768,0.259699,C,0.18576,0.185244,0.185244,0.185731,0.048654,0.717521,1.13483,0.926175,0.208654
10,1.09211,133.577,102.768,0.262207,C,0.185665,0.184939,0.184939,0.185646,0.0707164,0.691177,1.10148,0.89633,0.205153
10,1.09211,133.913,102.768,0.264716,C,0.18557,0.186566,0.186566,0.185562,0.100487,0.697582,1.10875,0.903164,0.205582
10,1.09211,134.249,102.768,0.267224,C,0.185476,0.184102,0.184102,0.185478,0.137556,0.637079,1.03244,0.834761,0.197682
10,1.09211,134.586,102.768,0.269732,C,0.185382,0.183157,0.183157,0.185395,0.223783,0.603058,0.988753,0.795905,0.192848
10,1.09211,134.924,102.768,0.272241,C,0.185289,0.187403,0.187403,0.185313,0.208939,0.650585,1.04806,0.849324,0.19874
10,1.09211,135.263,102.768,0.274749,C,0.185196,0.1879,0.1879,0.185232,0.266815,0.639043,1.0329,0.83597,0.196927
10,1.09211,135.603,102.768,0.277258,C,0.185103,0.187751,0.187751,0.185151,0.259957,0.617699,1.00531,0.811503,0.193803
10,1.09211,135.943,102.768,0.279766,C,0.185011,0.184747,0.184747,0.185072,0.0324419,0.554564,0.924089,0.739327,0.184762
10,1.09211,136.285,102.768,0.282274,C,0.18492,0.183434,0.183434,0.184993,0.155832,0.518845,0.877215,0.69803,0.179185
10,1.09211,136.627,102.768,0.284783,C,0.184829,0.186057,0.186057,0.184914,0.114258,0.53914,0.902899,0.72102,0.181879
10,1.09211,136.97,102.768,0.287291,C,0.184738,0.184464,0.184464,0.184837,0.0372933,0.500525,0.852023,0.676274,0.175749
10,1.09211,137.314,102.768,0.289799,C,0.184648,0.185068,0.185068,0.18476,0.0307559,0.49284,0.84132,0.66708,0.17424
10,1.09211,137.659,102.768,0.292308,C,0.184558,0.183475,0.183475,0.184684,0.120951,0.456576,0.792799,0.624687,0.168111
10,1.09211,138.005,102.768,0.294816,C,0.184469,0.183514,0.183514,0.184609,0.109463,0.442407,0.773296,0.607852,0.165444
10,1.09211,138.351,102.768,0.297324,C,0.184381,0.182717,0.182717,0.184534,0.18169,0.418376,0.740414,0.579395,0.161019
10,1.09211,138.699,102.768,0.299833,C,0.184292,0.185,0.185,0.184461,0.0539032,0.432347,0.758616,0.595482,0.163134
10,1.09211,139.047,102.768,0.302341,C,0.184205,0.184996,0.184996,0.184388,0.0608476,0.418401,0.739256,0.578829,0.160427
10,1.09211,139.396,102.768,0.304849,C,0.184117,0.181886,0.181886,0.184316,0.242967,0.369107,0.671429,0.520268,0.151161
10,1.09211,139.747,102.768,0.307358,C,0.184031,0.184994,0.184994,0.184244,0.0749858,0.391701,0.701857,0.546779,0.155078
10,1.09211,140.098,102.768,0.309866,C,0.183944,0.182135,0.182135,0.184174,0.203916,0.347438,0.64023,0.493834,0.146396
10,1.09211,140.449,102.768,0.312375,C,0.183858,0.184412,0.184412,0.184104,0.0307885,0.360095,0.657263,0.508679,0.148584
10,1.09211,140.802,102.768,0.314883,C,0.183773,0.182362,0.182362,0.184035,0.167283,0.326696,0.610033,0.468364,0.141668
10,1.09211,141.156,102.768,0.317391,C,0.183688,0.185871,0.185871,0.183967,0.190364,0.351946,0.644854,0.4984,0.146454
10,1.09211,141.51,102.768,0.3199,C,0.183604,0.186199,0.186199,0.183899,0.229931,0.343759,0.632903,0.488331,0.144572
10,1.09211,141.866,102.768,0.322408,C,0.18352,0.18242,0.18242,0.183833,0.141302,0.294925,0.563212,0.429068,0.134144
10,1.09211,142.222,102.768,0.324916,C,0.183436,0.181555,0.181555,0.183767,0.221227,0.276757,0.536437,0.406597,0.12984
10,1.09211,142.579,102.768,0.327425,C,0.183353,0.182869,0.182869,0.183702,0.0833168,0.279013,0.539204,0.409108,0.130096
10,1.09211,142.937,102.768,0.329933,C,0.18327,0.184414,0.184414,0.183638,0.0776044,0.283401,0.545061,0.414231,0.13083
10,1.09211,143.296,102.768,0.332441,C,0.183188,0.182986,0.182986,0.183574,0.0588149,0.260998,0.511894,0.386446,0.125448
10,1.09211,143.656,102.768,0.33495,C,0.183107,0.181179,0.181179,0.183511,0.23327,0.236732,0.475413,0.356073,0.119341
10,1.09211,144.017,102.768,0.337458,C,0.183026,0.183056,0.183056,0.18345,0.0393968,0.243615,0.485214,0.364415,0.1208
10,1.09211,144.379,102.768,0.339967,C,0.182945,0.182322,0.182322,0.183389,0.10666,0.229112,0.463022,0.346067,0.116955
10,1.09211,144.741,102.768,0.342475,C,0.182865,0.184475,0.184475,0.183328,0.114711,0.238106,0.47606,0.357083,0.118977
10,1.09211,145.105,102.768,0.344983,C,0.182785,0.184569,0.184569,0.183269,0.129986,0.230486,0.464173,0.347329,0.116844
10,1.09211,145.469,102.768,0.347492,C,0.182706,0.182023,0.182023,0.18321,0.118711,0.203143,0.422083,0.312613,0.10947
10,1.09211,145.835,102.768,0.35,C,0.182627,0.184561,0.184561,0.183152,0.140891,0.214426,0.438953,0.326689,0.112263
11,1.19298,69.0613,103.027,-0.4,P,0.223658,0.224159,0.224159,0.223157,0.100172,0.319191,0.553596,0.436393,0.117203
11,1.19298,69.2348,103.027,-0.397492,P,0.223451,0.221362,0.221362,0.222963,0.160071,0.306263,0.536637,0.42145,0.115187
11,1.19298,69.4086,103.027,-0.394983,P,0.223244,0.225053,0.225053,0.222769,0.228422,0.345339,0.589786,0.467563,0.122224
11,1.19298,69.583,103.027,-0.392475,P,0.223038,0.223251,0.223251,0.222575,0.0675954,0.340036,0.583279,0.461658,0.121621
11,1.19298,69.7577,103.027,-0.389967,P,0.222832,0.221214,0.221214,0.222382,0.116794,0.332795,0.574155,0.453475,0.12068
11,1.19298,69.9329,103.027,-0.387458,P,0.222626,0.220612,0.220612,0.222189,0.157718,0.337446,0.580972,0.459209,0.121763
11,1.19298,70.1086,103.027,-0.38495,P,0.222422,0.22133,0.22133,0.221996,0.0665402,0.353445,0.602911,0.478178,0.124733
11,1.19298,70.2846,103.027,-0.382441,P,0.222217,0.220455,0.220455,0.221803,0.134831,0.356021,0.606935,0.481478,0.125457
11,1.19298,70.4612,103.027,-0.379933,P,0.222013,0.225272,0.225272,0.221611,0.366086,0.410351,0.67891,0.54463,0.13428
11,1.19298,70.6381,103.027,-0.377425,P,0.221809,0.221722,0.221722,0.221419,0.0303216,0.388456,0.650962,0.519709,0.131253
11,1.19298,70.8155,103.027,-0.374916,P,0.221606,0.222596,0.222596,0.221227,0.136858,0.407753,0.676797,0.542275,0.134522
11,1.19298,70.9934,103.027,-0.372408,P,0.221403,0.222753,0.222753,0.221035,0.17176,0.420779,0.694353,0.557566,0.136787
11,1.19298,71.1717,103.027,-0.3699,P,0.221201,0.221876,0.221876,0.220844,0.103185,0.423993,0.699166,0.56158,0.137587
11,1.19298,71.3504,103.027,-0.367391,P,0.220999,0.219287,0.219287,0.220653,0.136555,0.4106,0.682447,0.546524,0.135924
11,1.19298,71.5296,103.027,-0.364883,P,0.220798,0.223577,0.223577,0.220462,0.311437,0.465562,0.753921,0.609742,0.14418
11,1.19298,71.7093,103.027,-0.362375,P,0.220597,0.219442,0.219442,0.220272,0.0830004,0.435894,0.716543,0.576219,0.140325
11,1.19298,71.8894,103.027,-0.359866,P,0.220396,0.221387,0.221387,0.220081,0.130569,0.46836,0.758868,0.613614,0.145254
11,1.19298,72.0699,103.027,-0.357358,P,0.220196,0.22149,0.22149,0.219891,0.159821,0.482483,0.777547,0.630015,0.147532
11,1.19298,72.2509,103.027,-0.354849,P,0.219996,0.216703,0.216703,0.219702,0.299904,0.445215,0.730622,0.587919,0.142703
11,1.19298,72.4324,103.027,-0.352341,P,0.219797,0.220832,0.220832,0.219512,0.131933,0.502258,0.804028,0.653143,0.150885
11,1.19298,72.6143,103.027,-0.349833,P,0.219598,0.219323,0.219323,0.219323,2.32271e-07,0.49937,0.801106,0.650238,0.150868
11,1.19298,72.7967,103.027,-0.347324,P,0.2194,0.217826,0.217826,0.219134,0.130811,0.4966,0.798337,0.647469,0.150869
11,1.19298,72.9795,103.027,-0.344816,P,0.219202,0.219728,0.219728,0.218946,0.0782194,0.532098,0.843791,0.687945,0.155847
11,1.19298,73.1628,103.027,-0.342308,P,0.219005,0.215991,0.215991,0.218757,0.276619,0.503942,0.809118,0.65653,0.152588
11,1.19298,73.3465,103.027,-0.339799,P,0.218807,0.218742,0.218742,0.218569,0.0172746,0.550036,0.86775,0.708893,0.158857
11,1.19298,73.5308,103.027,-0.337291,P,0.218611,0.215848,0.215848,0.218382,0.253349,0.53098,0.844689,0.687834,0.156854
11,1.19298,73.7154,103.027,-0.334783,P,0.218415,0.216347,0.216347,0.218194,0.184754,0.551735,0.871434,0.711585,0.159849
11,1.19298,73.9006,103.027,-0.332274,P,0.218219,0.21731,0.21731,0.218007,0.0697467,0.57877,0.905842,0.742306,0.163536
11,1.19298,74.0862,103.027,-0.329766,P,0.218024,0.217869,0.217869,0.21782,0.00491222,0.601648,0.934924,0.768286,0.166638
11,1.19298,74.2722,103.027,-0.327258,P,0.217829,0.218534,0.218534,0.217634,0.0900901,0.626544,0.966347,0.796445,0.169901
11,1.19298,74.4588,103.027,-0.324749,P,0.217634,0.21686,0.21686,0.217447,0.0586997,0.62173,0.961274,0.791502,0.169772
11,1.19298,74.6458,103.027,-0.322241,P,0.21744,0.217673,0.217673,0.217261,0.0411732,0.649322,0.995876,0.822599,0.173277
11,1.19298,74.8333,103.027,-0.319732,P,0.217247,0.216222,0.216222,0.217076,0.0853554,0.647457,0.994455,0.820956,0.173499
11,1.19298,75.0212,103.027,-0.317224,P,0.217053,0.218778,0.218778,0.21689,0.188824,0.69988,1.05897,0.879423,0.179543
11,1.19298,75.2096,103.027,-0.314716,P,0.216861,0.215241,0.215241,0.216705,0.146439,0.66956,1.02311,0.846335,0.176775
11,1.19298,75.3985,103.027,-0.312207,P,0.216668,0.216067,0.216067,0.21652,0.0453315,0.699149,1.05985,0.879498,0.180349
11,1.19298,75.5879,103.027,-0.309699,P,0.216477,0.216188,0.216188,0.216336,0.0147487,0.719608,1.08542,0.902513,0.182905
11,1.19298,75.7777,103.027,-0.307191,P,0.216285,0.21729,0.21729,0.216151,0.113863,0.75478,1.12853,0.941656,0.186876
11,1.19298,75.968,103.027,-0.304682,P,0.216094,0.214915,0.214915,0.215968,0.105276,0.739846,1.11156,0.925705,0.185859
11,1.19298,76.1588,103.027,-0.302174,P,0.215904,0.215965,0.215965,0.215784,0.0180822,0.775159,1.15472,0.96494,0.189781
11,1.19298,76.3501,103.027,-0.299666,P,0.215714,0.217876,0.217876,0.215601,0.227525,0.824793,1.2146,1.0197,0.194906
11,1.19298,76.5418,103.027,-0.297157,P,0.215524,0.214366,0.214366,0.215418,0.105135,0.792088,1.17677,0.984431,0.192343
11,1.19298,76.7341,103.027,-0.294649,P,0.215335,0.213278,0.213278,0.215235,0.195689,0.796336,1.18279,0.989562,0.193226
11,1.19298,76.9268,103.027,-0.29214,P,0.215146,0.217268,0.217268,0.215053,0.221513,0.88057,1.28321,1.08189,0.20132
11,1.19298,77.12,103.027,-0.289632,P,0.214957,0.214958,0.214958,0.214871,0.00875972,0.865854,1.26691,1.06638,0.20053
11,1.19298,77.3137,103.027,-0.287124,P,0.21477,0.216255,0.216255,0.214689,0.156606,0.909628,1.31923,1.11443,0.204799
11,1.19298,77.5079,103.027,-0.284615,P,0.214582,0.212184,0.212184,0.214507,0.232325,0.86603,1.26913,1.06758,0.201551
11,1.19298,77.7025,103.027,-0.282107,P,0.214395,0.211026,0.211026,0.214326,0.330029,0.869874,1.27467,1.07227,0.2024
11,1.19298,77.8977,103.027,-0.279599,P,0.214208,0.211654,0.211654,0.214146,0.249171,0.903286,1.31488,1.10908,0.205796
11,1.19298,78.0933,103.027,-0.27709,P,0.214022,0.216712,0.216712,0.213965,0.274672,1.01418,1.44471,1.22945,0.215267
11,1.19298,78.2894,103.027,-0.274582,P,0.213836,0.213551,0.213551,0.213785,0.023371,0.983979,1.41087,1.19742,0.213445
11,1.19298,78.4861,103.027,-0.272074,P,0.213651,0.214425,0.214425,0.213605,0.0820297,1.02474,1.45901,1.24187,0.217134
11,1.19298,78.6832,103.027,-0.269565,P,0.213466,0.21421,0.21421,0.213426,0.0784268,1.04685,1.48553,1.26619,0.219339
11,1.19298,78.8808,103.027,-0.267057,P,0.213282,0.213107,0.213107,0.213246,0.0139722,1.05319,1.4939,1.27355,0.220356
11,1.19298,79.0789,103.027,-0.264548,P,0.213098,0.215414,0.215414,0.213068,0.234656,1.12291,1.57477,1.34884,0.22593
11,1.19298,79.2775,103.027,-0.26204,P,0.212914,0.213695,0.213695,0.212889,0.0806032,1.1183,1.57063,1.34447,0.226163
11,1.19298,79.4766,103.027,-0.259532,P,0.212731,0.208331,0.208331,0.212711,0.43798,1.04572,1.48867,1.26719,0.221475
11,1.19298,79.6762,103.027,-0.257023,P,0.212548,0.213135,0.213135,0.212533,0.0601735,1.16413,1.62503,1.39458,0.230449
11,1.19298,79.8763,103.027,-0.254515,P,0.212366,0.209848,0.209848,0.212356,0.250783,1.12944,1.58674,1.35809,0.228647
11,1.19298,80.077,103.027,-0.252007,P,0.212184,0.211613,0.211613,0.212178,0.0565517,1.19272,1.65975,1.42624,0.233512
11,1.19298,80.2781,103.027,-0.249498,P,0.212003,0.212227,0.212227,0.212002,0.0225274,1.23485,1.70851,1.47168,0.23683
11,1.19298,80.4797,103.027,-0.24699,P,0.211822,0.214993,0.214993,0.211825,0.316763,1.32224,1.80787,1.56505,0.242815
11,1.19298,80.6818,103.027,-0.244482,P,0.211642,0.207566,0.207566,0.211649,0.408299,1.20188,1.67366,1.43777,0.235891
11,1.19298,80.8844,103.027,-0.241973,P,0.211462,0.21142,0.21142,0.211473,0.00529305,1.31174,1.7985,1.55512,0.243378
11,1.19298,81.0876,103.027,-0.239465,P,0.211282,0.210936,0.210936,0.211298,0.0361979,1.3338,1.8244,1.5791,0.245298
11,1.19298,81.2912,103.027,-0.236957,P,0.211103,0.209947,0.209947,0.211123,0.117539,1.34554,1.83874,1.59214,0.2466
11,1.19298,81.4954,103.027,-0.234448,P,0.210924,0.212366,0.212366,0.210948,0.141837,1.43115,1.93529,1.68322,0.252069
11,1.19298,81.7001,103.027,-0.23194,P,0.210746,0.209987,0.209987,0.210773,0.0786339,1.41339,1.91681,1.6651,0.251708
11,1.19298,81.9053,103.027,-0.229431,P,0.210568,0.212116,0.212116,0.210599,0.151699,1.49532,2.00883,1.75208,0.256754
11,1.19298,82.111,103.027,-0.226923,P,0.21039,0.208216,0.208216,0.210426,0.221001,1.44355,1.9528,1.69817,0.254626
11,1.19298,82.3172,103.027,-0.224415,P,0.210213,0.210884,0.210884,0.210252,0.063182,1.53946,2.06004,1.79975,0.260292
11,1.19298,82.5239,103.027,-0.221906,P,0.210037,0.210994,0.210994,0.210079,0.0914709,1.57888,2.10468,1.84178,0.262902
11,1.19298,82.7312,103.027,-0.219398,P,0.20986,0.209729,0.209729,0.209906,0.017723,1.58693,2.11481,1.85087,0.263942
11,1.19298,82.939,103.027,-0.21689,P,0.209685,0.213895,0.213895,0.209734,0.416094,1.7243,2.26633,1.99531,0.271014
11,1.19298,83.1473,103.027,-0.214381,P,0.209509,0.211075,0.211075,0.209562,0.15127,1.69591,2.23667,1.96629,0.270381
11,1.19298,83.3561,103.027,-0.211873,P,0.209335,0.209171,0.209171,0.209391,0.0220031,1.68954,2.23103,1.96029,0.270748
11,1.19298,83.5655,103.027,-0.209365,P,0.20916,0.209911,0.209911,0.209219,0.0691577,1.74773,2.29574,2.02173,0.274007
11,1.19298,83.7753,103.027,-0.206856,P,0.208986,0.209944,0.209944,0.209048,0.0895883,1.78959,2.34254,2.06606,0.276477
11,1.19298,83.9857,103.027,-0.204348,P,0.208813,0.21003,0.21003,0.208878,0.115199,1.83356,2.39153,2.11255,0.278987
11,1.19298,84.1967,103.027,-0.201839,P,0.20864,0.211515,0.211515,0.208708,0.280747,1.91417,2.47997,2.19707,0.2829
11,1.19298,84.4081,103.027,-0.199331,P,0.208467,0.207246,0.207246,0.208538,0.129205,1.84821,2.41009,2.12915,0.280941
11,1.19298,84.6201,103.027,-0.196823,P,0.208295,0.208659,0.208659,0.208368,0.029045,1.92815,2.49774,2.21295,0.284794
11,1.19298,84.8326,103.027,-0.194314,P,0.208123,0.20919,0.20919,0.208199,0.099041,1.98674,2.56213,2.27444,0.287699
11,1.19298,85.0457,103.027,-0.191806,P,0.207952,0.209509,0.209509,0.208031,0.147796,2.04085,2.62157,2.33121,0.290362
11,1.19298,85.2593,103.027,-0.189298,P,0.207781,0.202905,0.202905,0.207862,0.495779,1.91153,2.48401,2.19777,0.28624
11,1.19298,85.4734,103.027,-0.186789,P,0.20761,0.206793,0.206793,0.207694,0.0901008,2.06109,2.64602,2.35355,0.292466
11,1.19298,85.6881,103.027,-0.184281,P,0.20744,0.206899,0.206899,0.207527,0.0627777,2.11138,2.7012,2.40629,0.29491
11,1.19298,85.9033,103.027,-0.181773,P,0.207271,0.210801,0.210801,0.20736,0.34416,2.26829,2.86973,2.56901,0.300721
11,1.19298,86.119,103.027,-0.179264,P,0.207101,0.20482,0.20482,0.207193,0.237291,2.15099,2.74629,2.44864,0.297653
11,1.19298,86.3353,103.027,-0.176756,P,0.206933,0.205395,0.205395,0.207026,0.163069,2.21658,2.81757,2.51707,0.300491
11,1.19298,86.5522,103.027,-0.174247,P,0.206764,0.208644,0.208644,0.20686,0.178386,2.35993,2.97105,2.66549,0.305564
11,1.19298,86.7695,103.027,-0.171739,P,0.206597,0.204645,0.204645,0.206694,0.204911,2.29698,2.90578,2.60138,0.304403
11,1.19298,86.9875,103.027,-0.169231,P,0.206429,0.208376,0.208376,0.206529,0.184658,2.45782,3.07729,2.76755,0.309736
11,1.19298,87.2059,103.027,-0.166722,P,0.206262,0.205728,0.205728,0.206364,0.0636162,2.43388,3.05344,2.74366,0.309781
11,1.19298,87.4249,103.027,-0.164214,P,0.206096,0.205077,0.205077,0.206199,0.112206,2.4689,3.0918,2.78035,0.311451
11,1.19298,87.6445,103.027,-0.161706,P,0.205929,0.207561,0.207561,0.206035,0.152552,2.5986,3.22967,2.91413,0.315535
11,1.19298,87.8646,103.027,-0.159197,P,0.205764,0.20626,0.20626,0.205871,0.0388415,2.61583,3.24916,2.93249,0.316669
11,1.19298,88.0853,103.027,-0.156689,P,0.205598,0.201269,0.201269,0.205708,0.44384,2.52125,3.15125,2.83625,0.315001
11,1.19298,88.3065,103.027,-0.154181,P,0.205434,0.201442,0.201442,0.205545,0.410239,2.58335,3.21795,2.90065,0.317302
11,1.19298,88.5283,103.027,-0.151672,P,0.205269,0.203699,0.203699,0.205382,0.168319,2.71109,3.35324,3.03216,0.321078
11,1.19298,88.7507,103.027,-0.149164,P,0.205105,0.207444,0.207444,0.20522,0.222434,2.88865,3.54002,3.21434,0.325685
11,1.19298,88.9736,103.027,-0.146656,P,0.204942,0.204257,0.204257,0.205058,0.0801009,2.84892,3.50002,3.17447,0.32555
11,1.19298,89.197,103.027,-0.144147,P,0.204779,0.202228,0.202228,0.204896,0.266838,2.84593,3.49832,3.17212,0.3262
11,1.19298,89.421,103.027,-0.141639,P,0.204616,0.20363,0.20363,0.204735,0.110556,2.95328,3.61149,3.28239,0.329102
11,1.19298,89.6456,103.027,-0.13913,P,0.204454,0.201696,0.201696,0.204574,0.287869,2.95414,3.6138,3.28397,0.329829
11,1.19298,89.8708,103.027,-0.136622,P,0.204292,0.20726,0.20726,0.204414,0.284564,3.20142,3.87156,3.53649,0.335069
11,1.19298,90.0965,103.027,-0.134114,P,0.204131,0.201094,0.201094,0.204254,0.315996,3.06371,3.73036,3.39703,0.333323
11,1.19298,90.3228,103.027,-0.131605,P,0.20397,0.204938,0.204938,0.204094,0.084338,3.25823,3.933,3.59561,0.337384
11,1.19298,90.5496,103.027,-0.129097,P,0.20381,0.206084,0.206084,0.203935,0.214877,3.36539,4.04492,3.70515,0.339766
11,1.19298,90.777,103.027,-0.126589,P,0.20365,0.202294,0.202294,0.203776,0.148283,3.30613,3.98517,3.64565,0.339521
11,1.19298,91.005,103.027,-0.12408,P,0.20349,0.203333,0.203333,0.203618,0.0284592,3.41157,4.09518,3.75337,0.341806
11,1.19298,91.2336,103.027,-0.121572,P,0.203331,0.201823,0.201823,0.20346,0.163739,3.43066,4.11618,3.77342,0.34276
11,1.19298,91.4627,103.027,-0.119064,P,0.203172,0.207337,0.207337,0.203302,0.403445,3.6951,4.38908,4.04209,0.346989
11,1.19298,91.6924,103.027,-0.116555,P,0.203014,0.20295,0.20295,0.203145,0.0194694,3.61527,4.3085,3.96188,0.346614
11,1.19298,91.9227,103.027,-0.114047,P,0.202856,0.20326,0.20326,0.202988,0.0271682,3.70079,4.39747,4.04913,0.348337
11,1.19298,92.1536,103.027,-0.111538,P,0.202699,0.201047,0.201047,0.202832,0.178458,3.69784,4.39573,4.04679,0.348948
11,1.19298,92.385,103.027,-0.10903,P,0.202542,0.202649,0.202649,0.202676,0.0026919,3.83166,4.53395,4.18281,0.351141
11,1.19298,92.617,103.027,-0.106522,P,0.202385,0.203921,0.203921,0.20252,0.140064,3.95571,4.66191,4.30881,0.353097
11,1.19298,92.8496,103.027,-0.104013,P,0.202229,0.202813,0.202813,0.202365,0.0447801,3.99487,4.70308,4.34897,0.354106
11,1.19298,93.0828,103.027,-0.101505,P,0.202073,0.202888,0.202887,0.20221,0.0677407,4.07807,4.78911,4.43359,0.355518
11,1.19298,93.3166,103.027,-0.0989967,P,0.201918,0.202568,0.202568,0.202056,0.0512548,4.14797,4.86148,4.50473,0.356754
11,1.19298,93.551,103.027,-0.0964883,P,0.201763,0.200328,0.200328,0.201902,0.15741,4.14759,4.86227,4.50493,0.357338
11,1.19298,93.7859,103.027,-0.0939799,P,0.201609,0.201644,0.201644,0.201748,0.0104315,4.2803,4.99838,4.63934,0.359039
11,1.19298,94.0215,103.027,-0.0914716,P,0.201455,0.201862,0.201862,0.201595,0.0267688,4.37363,5.0943,4.73397,0.360332
11,1.19298,94.2576,103.027,-0.0889632,P,0.201302,0.202766,0.202766,0.201442,0.132429,4.4943,5.21782,4.85606,0.361757
11,1.19298,94.4943,103.027,-0.0864548,P,0.201149,0.202007,0.202007,0.20129,0.0717834,4.55324,5.27861,4.91593,0.362687
11,1.19298,94.7317,103.027,-0.0839465,P,0.200996,0.203629,0.203629,0.201138,0.249185,4.7045,5.43282,5.06866,0.364159
11,1.19298,94.9696,103.027,-0.0814381,P,0.200844,0.204546,0.204546,0.200986,0.355967,4.83056,5.56131,5.19593,0.365375
11,1.19298,95.2081,103.027,-0.0789298,P,0.200692,0.198531,0.198531,0.200835,0.230397,4.68923,5.41934,5.05429,0.365056
11,1.19298,95.4472,103.027,-0.0764214,P,0.200541,0.198372,0.198372,0.200684,0.231191,4.77513,5.50717,5.14115,0.366019
11,1.19298,95.6869,103.027,-0.073913,P,0.20039,0.202585,0.202585,0.200534,0.205091,5.03376,5.76928,5.40152,0.36776
11,1.19298,95.9272,103.027,-0.0714047,P,0.20024,0.197768,0.197768,0.200384,0.261612,4.93942,5.67494,5.30718,0.367759
11,1.19298,96.1682,103.027,-0.0688963,P,0.20009,0.203077,0.203077,0.200234,0.284335,5.24589,5.98484,5.61537,0.369473
11,1.19298,96.4097,103.027,-0.066388,P,0.19994,0.201483,0.201483,0.200085,0.139782,5.28066,6.02063,5.65065,0.369984
11,1.19298,96.6518,103.027,-0.0638796,P,0.199791,0.200043,0.200043,0.199936,0.0106486,5.32238,6.06338,5.69288,0.370499
11,1.19298,96.8946,103.027,-0.0613712,P,0.199642,0.19974,0.19974,0.199788,0.00476673,5.41069,6.15297,5.78183,0.371139
11,1.19298,97.1379,103.027,-0.0588629,P,0.199494,0.2007,0.2007,0.19964,0.106005,5.55131,6.29506,5.92318,0.371878
11,1.19298,97.3819,103.027,-0.0563545,P,0.199346,0.199721,0.199721,0.199492,0.0228144,5.61488,6.35957,5.98723,0.372347
11,1.19298,97.6265,103.027,-0.0538462,P,0.199199,0.202287,0.202287,0.199345,0.294125,5.82418,6.57039,6.19729,0.373105
11,1.19298,97.8717,103.027,-0.0513378,P,0.199052,0.199001,0.199001,0.199199,0.0198045,5.79592,6.54251,6.16922,0.373292
11,1.19298,98.1175,103.027,-0.0488294,P,0.198905,0.200859,0.200859,0.199052,0.18064,5.97964,6.72735,6.3535,0.373857
11,1.19298,98.3639,103.027,-0.0463211,P,0.198759,0.198288,0.198288,0.198907,0.0618959,5.9824,6.73052,6.35646,0.374058
11,1.19298,98.6109,103.027,-0.0438127,P,0.198614,0.196556,0.196556,0.198761,0.220473,6.02062,6.76921,6.39491,0.374294
11,1.19298,98.8586,103.027,-0.0413043,P,0.198468,0.200982,0.200982,0.198616,0.236574,6.31596,7.06555,6.69075,0.374794
11,1.19298,99.1069,103.027,-0.038796,P,0.198324,0.194265,0.194265,0.198472,0.420678,6.1487,6.89817,6.52344,0.374735
11,1.19298,99.3558,103.027,-0.0362876,P,0.198179,0.198872,0.198872,0.198327,0.0544747,6.4555,7.20568,6.83059,0.375092
11,1.19298,99.6053,103.027,-0.0337793,P,0.198035,0.20059,0.20059,0.198184,0.240648,6.64362,7.39411,7.01886,0.375248
11,1.19298,99.8555,103.027,-0.0312709,P,0.197892,0.198561,0.198561,0.19804,0.0520328,6.67555,7.42609,7.05082,0.375267
11,1.19298,100.106,103.027,-0.0287625,P,0.197749,0.198756,0.198756,0.197897,0.0859075,6.8026,7.55316,7.17788,0.375282
11,1.19298,100.358,103.027,-0.0262542,P,0.197606,0.196511,0.196511,0.197755,0.124385,6.82758,7.57803,7.20281,0.375226
11,1.19298,100.61,103.027,-0.0237458,P,0.197464,0.197711,0.197711,0.197613,0.00985113,7.00014,7.75043,7.37528,0.375144
11,1.19298,100.862,103.027,-0.0212375,P,0.197323,0.197959,0.197959,0.197471,0.0487964,7.13383,7.88383,7.50883,0.375
11,1.19298,101.116,103.027,-0.0187291,P,0.197181,0.197385,0.197385,0.19733,0.00554678,7.23395,7.98357,7.60876,0.374806
11,1.19298,101.37,103.027,-0.0162207,P,0.197041,0.199391,0.199391,0.197189,0.220223,7.44603,8.1951,7.82057,0.374533
11,1.19298,101.624,103.027,-0.0137124,P,0.1969,0.198119,0.198119,0.197048,0.107017,7.51919,8.26768,7.89343,0.374242
11,1.19298,101.879,103.027,-0.011204,P,0.19676,0.199585,0.199585,0.196908,0.267649,7.71151,8.45923,8.08537,0.373858
11,1.19298,102.135,103.027,-0.00869565,P,0.196621,0.194217,0.194217,0.196769,0.255174,7.61092,8.35801,7.98446,0.373545
11,1.19298,102.392,103.027,-0.00618729,P,0.196482,0.198031,0.198031,0.19663,0.140177,7.90765,8.65367,8.28066,0.373009
11,1.19298,102.649,103.027,-0.00367893,P,0.196343,0.194844,0.194844,0.196491,0.164731,7.90355,8.64867,8.27611,0.372559
11,1.19298,102.907,103.027,-0.00117057,P,0.196205,0.193489,0.193489,0.196353,0.286323,7.98003,8.72407,8.35205,0.37202
11,1.19298,103.165,103.027,0.00133779,C,0.196067,0.197322,0.197322,0.196215,0.110765,8.14791,8.89286,8.52038,0.372475
11,1.19298,103.424,103.027,0.00384615,C,0.19593,0.19657,0.19657,0.196077,0.0492679,7.99998,8.74797,8.37397,0.373994
11,1.19298,103.684,103.027,0.00635452,C,0.195793,0.195045,0.195045,0.19594,0.0894572,7.81936,8.57032,8.19484,0.37548
11,1.19298,103.945,103.027,0.00886288,C,0.195656,0.194157,0.194157,0.195803,0.164629,7.66724,8.42104,8.04414,0.3769
11,1.19298,104.206,103.027,0.0113712,C,0.19552,0.195871,0.195871,0.195667,0.0204031,7.62929,8.38574,8.00752,0.378223
11,1.19298,104.467,103.027,0.0138796,C,0.195385,0.196207,0.196207,0.195531,0.0675767,7.53236,8.29141,7.91189,0.379523
11,1.19298,104.73,103.027,0.016388,C,0.195249,0.195531,0.195531,0.195396,0.0135584,7.39233,8.1539,7.77311,0.380784
11,1.19298,104.993,103.027,0.0188963,C,0.195115,0.196465,0.196465,0.195261,0.120453,7.32336,8.08732,7.70534,0.381978
11,1.19298,105.256,103.027,0.0214047,C,0.19498,0.194777,0.194777,0.195126,0.0349571,7.14108,7.90735,7.52422,0.383134
11,1.19298,105.521,103.027,0.023913,C,0.194847,0.196229,0.196229,0.194992,0.123649,7.09661,7.86506,7.48084,0.384229
11,1.19298,105.786,103.027,0.0264214,C,0.194713,0.196897,0.196897,0.194859,0.203848,7.01894,7.78949,7.40421,0.385279
11,1.19298,106.051,103.027,0.0289298,C,0.19458,0.19431,0.19431,0.194725,0.0415424,6.80046,7.57294,7.1867,0.386239
11,1.19298,106.318,103.027,0.0314381,C,0.194448,0.193782,0.193782,0.194592,0.0810672,6.67268,7.44698,7.05983,0.387154
11,1.19298,106.585,103.027,0.0339465,C,0.194315,0.197768,0.197768,0.19446,0.330825,6.74222,7.51848,7.13035,0.38813
11,1.19298,106.853,103.027,0.0364548,C,0.194184,0.193877,0.193877,0.194328,0.0450632,6.4702,7.24787,6.85903,0.388835
11,1.19298,107.121,103.027,0.0389632,C,0.194053,0.190962,0.190962,0.194196,0.323402,6.2419,7.02081,6.63135,0.389452
11,1.19298,107.39,103.027,0.0414716,C,0.193922,0.192058,0.192058,0.194065,0.200673,6.18869,6.96907,6.57888,0.390187
11,1.19298,107.66,103.027,0.0439799,C,0.193791,0.191913,0.191913,0.193934,0.202077,6.08268,6.86428,6.47348,0.390802
11,1.19298,107.93,103.027,0.0464883,C,0.193661,0.194016,0.194016,0.193804,0.0212069,6.07477,6.85783,6.4663,0.391527
11,1.19298,108.201,103.027,0.0489967,C,0.193532,0.194804,0.194804,0.193674,0.113035,6.0109,6.79515,6.40302,0.392124
11,1.19298,108.473,103.027,0.051505,C,0.193403,0.197399,0.197399,0.193544,0.385422,6.02573,6.81142,6.41857,0.392847
11,1.19298,108.745,103.027,0.0540134,C,0.193274,0.192179,0.192179,0.193415,0.123615,5.70518,6.49066,6.09792,0.392738
11,1.19298,109.018,103.027,0.0565217,C,0.193146,0.194702,0.194702,0.193287,0.141536,5.71861,6.50537,6.11199,0.393382
11,1.19298,109.292,103.027,0.0590301,C,0.193018,0.194529,0.194529,0.193158,0.137022,5.61721,6.40454,6.01088,0.393667
11,1.19298,109.567,103.027,0.0615385,C,0.192891,0.191292,0.191292,0.193031,0.17383,5.38619,6.17303,5.77961,0.393422
11,1.19298,109.842,103.027,0.0640468,C,0.192764,0.195199,0.195199,0.192903,0.229615,5.46081,6.24924,5.85503,0.394212
11,1.19298,110.118,103.027,0.0665552,C,0.192638,0.194542,0.194542,0.192776,0.176618,5.34184,6.13032,5.73608,0.394239
11,1.19298,110.394,103.027,0.0690635,C,0.192512,0.192321,0.192321,0.19265,0.0328234,5.15788,5.94563,5.55175,0.393878
11,1.19298,110.672,103.027,0.0715719,C,0.192386,0.191158,0.191158,0.192524,0.136588,5.02012,5.80733,5.41373,0.393604
11,1.19298,110.949,103.027,0.0740803,C,0.192261,0.190075,0.190075,0.192398,0.232268,4.88715,5.67364,5.2804,0.393245
11,1.19298,111.228,103.027,0.0765886,C,0.192136,0.194132,0.194132,0.192272,0.185983,4.97057,5.75875,5.36466,0.394088
11,1.19298,111.507,103.027,0.079097,C,0.192012,0.192214,0.192214,0.192148,0.00667478,4.80454,5.59137,5.19795,0.393415
11,1.19298,111.788,103.027,0.0816054,C,0.191888,0.188822,0.188822,0.192023,0.320123,4.57911,5.36341,4.97126,0.392152
11,1.19298,112.068,103.027,0.0841137,C,0.191765,0.192362,0.192362,0.191899,0.0463285,4.64226,5.42803,5.03515,0.392886
11,1.19298,112.35,103.027,0.0866221,C,0.191642,0.191657,0.191657,0.191775,0.0118762,4.53046,5.31502,4.92274,0.392282
11,1.19298,112.632,103.027,0.0891304,C,0.191519,0.1913,0.1913,0.191652,0.0351707,4.43424,5.21766,4.82595,0.391711
11,1.19298,112.915,103.027,0.0916388,C,0.191397,0.192778,0.192778,0.191529,0.124825,4.41402,5.19751,4.80576,0.391744
11,1.19298,113.198,103.027,0.0941472,C,0.191276,0.189851,0.189851,0.191407,0.155627,4.2153,4.9954,4.60535,0.390052
11,1.19298,113.483,103.027,0.0966555,C,0.191154,0.189302,0.189302,0.191285,0.198344,4.11487,4.89319,4.50403,0.389158
11,1.19298,113.768,103.027,0.0991639,C,0.191034,0.188707,0.188707,0.191163,0.245678,4.01386,4.79017,4.40201,0.388156
11,1.19298,114.053,103.027,0.101672,C,0.190913,0.192061,0.192061,0.191042,0.101843,4.07184,4.84968,4.46076,0.388921
11,1.19298,114.34,103.027,0.104181,C,0.190793,0.192631,0.192631,0.190922,0.17093,4.0188,4.79562,4.40721,0.38841
11,1.19298,114.627,103.027,0.106689,C,0.190674,0.190551,0.190551,0.190801,0.0250606,3.86152,4.63458,4.24805,0.386532
11,1.19298,114.915,103.027,0.109197,C,0.190555,0.19212,0.19212,0.190681,0.143826,3.84979,4.62266,4.23622,0.386433
11,1.19298,115.204,103.027,0.111706,C,0.190436,0.187573,0.187573,0.190562,0.298895,3.59948,4.36527,3.98238,0.382899
11,1.19298,115.493,103.027,0.114214,C,0.190318,0.191858,0.191858,0.190443,0.141532,3.69485,4.46351,4.07918,0.384327
11,1.19298,115.783,103.027,0.116722,C,0.190201,0.192399,0.192399,0.190324,0.207438,3.6449,4.41207,4.02848,0.383583
11,1.19298,116.074,103.027,0.119231,C,0.190083,0.187789,0.187789,0.190206,0.241734,3.3982,4.15723,3.77772,0.379514
11,1.19298,116.365,103.027,0.121739,C,0.189966,0.190952,0.190952,0.190088,0.0864161,3.45053,4.21127,3.8309,0.380369
11,1.19298,116.657,103.027,0.124247,C,0.18985,0.190438,0.190438,0.189971,0.0467005,3.36326,4.12079,3.74203,0.378763
11,1.19298,116.95,103.027,0.126756,C,0.189734,0.190404,0.190404,0.189854,0.0549776,3.29528,4.05012,3.6727,0.377419
11,1.19298,117.244,103.027,0.129264,C,0.189618,0.189912,0.189912,0.189737,0.0174789,3.2112,3.96256,3.58688,0.375679
11,1.19298,117.539,103.027,0.131773,C,0.189503,0.191688,0.191688,0.189621,0.206695,3.21239,3.9636,3.58799,0.375605
11,1.19298,117.834,103.027,0.134281,C,0.189389,0.188823,0.188823,0.189505,0.0681776,3.04289,3.78662,3.41475,0.371869
11,1.19298,118.13,103.027,0.136789,C,0.189274,0.190375,0.190375,0.18939,0.0985387,3.03691,3.7801,3.4085,0.371596
11,1.19298,118.426,103.027,0.139298,C,0.189161,0.191106,0.191106,0.189275,0.183117,3.0014,3.74268,3.37204,0.370641
11,1.19298,118.724,103.027,0.141806,C,0.189047,0.187873,0.187873,0.18916,0.128778,2.82424,3.55653,3.19039,0.366144
11,1.19298,119.022,103.027,0.144314,C,0.188934,0.187818,0.187818,0.189046,0.122859,2.76287,3.49156,3.12721,0.364345
11,1.19298,119.321,103.027,0.146823,C,0.188822,0.18842,0.18842,0.188933,0.0512766,2.72551,3.45177,3.08864,0.363132
11,1.19298,119.621,103.027,0.149331,C,0.18871,0.18945,0.18945,0.188819,0.0630933,2.70369,3.42833,3.06601,0.362323
11,1.19298,119.921,103.027,0.151839,C,0.188598,0.189349,0.189349,0.188706,0.0642299,2.643,3.36375,3.00337,0.360377
11,1.19298,120.222,103.027,0.154348,C,0.188487,0.189832,0.189832,0.188594,0.123818,2.60335,3.32133,2.96234,0.358986
11,1.19298,120.524,103.027,0.156856,C,0.188376,0.189885,0.189885,0.188482,0.140332,2.54965,3.26389,2.90677,0.35712
11,1.19298,120.827,103.027,0.159365,C,0.188266,0.187143,0.187143,0.18837,0.122707,2.40285,3.10708,2.75497,0.352115
11,1.19298,121.13,103.027,0.161873,C,0.188156,0.185487,0.185487,0.188259,0.277185,2.29528,2.99146,2.64337,0.348089
11,1.19298,121.435,103.027,0.164381,C,0.188047,0.188276,0.188276,0.188148,0.0128302,2.33515,3.03362,2.68439,0.349234
11,1.19298,121.74,103.027,0.16689,C,0.187938,0.18768,0.18768,0.188038,0.0357465,2.2642,2.95695,2.61057,0.346378
11,1.19298,122.045,103.027,0.169398,C,0.187829,0.188261,0.188261,0.187927,0.0333104,2.23243,2.92223,2.57733,0.344899
11,1.19298,122.352,103.027,0.171906,C,0.187721,0.184969,0.184969,0.187818,0.284904,2.07815,2.75506,2.41661,0.338453
11,1.19298,122.659,103.027,0.174415,C,0.187613,0.185098,0.185098,0.187709,0.26107,2.03429,2.70684,2.37056,0.336273
11,1.19298,122.967,103.027,0.176923,C,0.187506,0.18615,0.18615,0.1876,0.145009,2.01972,2.69035,2.35504,0.335317
11,1.19298,123.276,103.027,0.179431,C,0.187399,0.187722,0.187722,0.187491,0.0230575,2.02149,2.69164,2.35657,0.335074
11,1.19298,123.586,103.027,0.18194,C,0.187293,0.188867,0.188867,0.187383,0.148401,2.01027,2.6788,2.34453,0.334265
11,1.19298,123.896,103.027,0.184448,C,0.187187,0.185911,0.185911,0.187276,0.136419,1.87521,2.5306,2.2029,0.327695
11,1.19298,124.207,103.027,0.186957,C,0.187081,0.187904,0.187904,0.187168,0.0735343,1.89039,2.54657,2.21848,0.328089
11,1.19298,124.519,103.027,0.189465,C,0.186976,0.185845,0.185845,0.187061,0.121606,1.78591,2.43103,2.10847,0.322563
11,1.19298,124.832,103.027,0.191973,C,0.186872,0.186758,0.186758,0.186955,0.0197321,1.76986,2.41263,2.09124,0.321385
11,1.19298,125.145,103.027,0.194482,C,0.186767,0.184851,0.184851,0.186849,0.199837,1.67343,2.30512,1.98928,0.315847
11,1.19298,125.46,103.027,0.19699,C,0.186664,0.1921,0.1921,0.186743,0.535662,1.84039,2.48906,2.16473,0.324338
11,1.19298,125.775,103.027,0.199498,C,0.18656,0.188267,0.188267,0.186638,0.162885,1.68859,2.32055,2.00457,0.315975
11,1.19298,126.091,103.027,0.202007,C,0.186457,0.18411,0.18411,0.186533,0.24235,1.53382,2.14698,1.8404,0.306581
11,1.19298,126.407,103.027,0.204515,C,0.186355,0.186129,0.186129,0.186429,0.0299607,1.55034,2.16478,1.85756,0.307218
11,1.19298,126.725,103.027,0.207023,C,0.186253,0.186072,0.186072,0.186325,0.025222,1.51082,2.11962,1.81522,0.304402
11,1.19298,127.043,103.027,0.209532,C,0.186151,0.185768,0.185768,0.186221,0.0452576,1.46552,2.06779,1.76665,0.301135
11,1.19298,127.362,103.027,0.21204,C,0.18605,0.186979,0.186979,0.186118,0.0861487,1.4608,2.06172,1.76126,0.300457
11,1.19298,127.682,103.027,0.214548,C,0.18595,0.186552,0.186552,0.186015,0.0537378,1.41361,2.00749,1.71055,0.296943
11,1.19298,128.003,103.027,0.217057,C,0.185849,0.185769,0.185769,0.185912,0.0143645,1.35839,1.94388,1.65114,0.292748
11,1.19298,128.324,103.027,0.219565,C,0.185749,0.186904,0.186904,0.18581,0.109398,1.35262,1.93655,1.64458,0.291963
11,1.19298,128.646,103.027,0.222074,C,0.18565,0.184715,0.184715,0.185708,0.0993451,1.26457,1.83479,1.54968,0.28511
11,1.19298,128.97,103.027,0.224582,C,0.185551,0.185161,0.185161,0.185607,0.0446191,1.24278,1.80888,1.52583,0.283054
11,1.19298,129.294,103.027,0.22709,C,0.185452,0.182545,0.182545,0.185506,0.296126,1.14897,1.69923,1.4241,0.275129
11,1.19298,129.618,103.027,0.229599,C,0.185354,0.184866,0.184866,0.185405,0.0539836,1.1724,1.72574,1.44907,0.276674
11,1.19298,129.944,103.027,0.232107,C,0.185257,0.186596,0.186596,0.185305,0.129112,1.18203,1.7362,1.45912,0.277082
11,1.19298,130.27,103.027,0.234615,C,0.18516,0.187981,0.187981,0.185206,0.277572,1.18361,1.73728,1.46044,0.276839
11,1.19298,130.597,103.027,0.237124,C,0.185063,0.184222,0.184222,0.185106,0.0884474,1.06801,1.60112,1.33456,0.266556
11,1.19298,130.925,103.027,0.239632,C,0.184966,0.185205,0.185205,0.185007,0.0197944,1.06116,1.59227,1.32671,0.265555
11,1.19298,131.254,103.027,0.24214,C,0.18487,0.183522,0.183522,0.184908,0.138673,0.996535,1.51486,1.2557,0.259161
11,1.19298,131.584,103.027,0.244649,C,0.184775,0.184844,0.184844,0.18481,0.00333612,0.997553,1.5153,1.25643,0.258873
11,1.19298,131.914,103.027,0.247157,C,0.18468,0.185813,0.185813,0.184712,0.11005,0.991124,1.50688,1.249,0.257877
11,1.19298,132.246,103.027,0.249666,C,0.184585,0.185163,0.185163,0.184615,0.0548342,0.950952,1.45806,1.20451,0.253555
11,1.19298,132.578,103.027,0.252174,C,0.184491,0.185439,0.185439,0.184518,0.0921163,0.930744,1.43302,1.18188,0.251138
11,1.19298,132.911,103.027,0.254682,C,0.184397,0.185265,0.185265,0.184421,0.0844055,0.901882,1.39744,1.14966,0.247779
11,1.19298,133.244,103.027,0.257191,C,0.184304,0.181245,0.181245,0.184325,0.307944,0.799361,1.27159,1.03547,0.236112
11,1.19298,133.579,103.027,0.259699,C,0.184211,0.181474,0.181474,0.184229,0.27546,0.780774,1.24789,1.01433,0.233557
11,1.19298,133.915,103.027,0.262207,C,0.184119,0.183093,0.183093,0.184133,0.104007,0.788306,1.25644,1.02237,0.234065
11,1.19298,134.251,103.027,0.264716,C,0.184027,0.181963,0.181963,0.184038,0.207443,0.745354,1.20243,0.973894,0.22854
11,1.19298,134.588,103.027,0.267224,C,0.183935,0.184073,0.184073,0.183943,0.013001,0.761788,1.22213,0.991957,0.230169
11,1.19298,134.926,103.027,0.269732,C,0.183844,0.183369,0.183369,0.183848,0.0478998,0.727596,1.17879,0.953194,0.225598
11,1.19298,135.265,103.027,0.272241,C,0.183753,0.185233,0.185233,0.183754,0.147885,0.739476,1.19291,0.966193,0.226716
11,1.19298,135.605,103.027,0.274749,C,0.183663,0.184342,0.184342,0.183661,0.068119,0.702948,1.14644,0.924692,0.221744
11,1.19298,135.945,103.027,0.277258,C,0.183573,0.181094,0.181094,0.183567,0.247292,0.628673,1.05149,0.840079,0.211406
11,1.19298,136.287,103.027,0.279766,C,0.183484,0.180555,0.180555,0.183474,0.291957,0.601333,1.01563,0.808483,0.20715
11,1.19298,136.629,103.027,0.282274,C,0.183395,0.181452,0.181452,0.183382,0.192978,0.597257,1.00966,0.803458,0.206201
11,1.19298,136.972,103.027,0.284783,C,0.183307,0.185107,0.185107,0.183289,0.181762,0.63716,1.06023,0.848693,0.211533
11,1.19298,137.316,103.027,0.287291,C,0.183218,0.179114,0.179114,0.183197,0.408338,0.527047,0.916639,0.721843,0.194796
11,1.19298,137.661,103.027,0.289799,C,0.183131,0.183258,0.183258,0.183106,0.0151676,0.571926,0.974735,0.77333,0.201405
11,1.19298,138.007,103.027,0.292308,C,0.183044,0.184184,0.184184,0.183015,0.116953,0.56869,0.969846,0.769268,0.200578
11,1.19298,138.353,103.027,0.294816,C,0.182957,0.186408,0.186408,0.182924,0.348448,0.58516,0.99059,0.787875,0.202715
11,1.19298,138.701,103.027,0.297324,C,0.182871,0.182761,0.182761,0.182834,0.00727296,0.514682,0.897564,0.706123,0.191441
11,1.19298,139.049,103.027,0.299833,C,0.182785,0.183638,0.183638,0.182744,0.0894394,0.511249,0.892355,0.701802,0.190553
11,1.19298,139.398,103.027,0.302341,C,0.182699,0.181119,0.181119,0.182654,0.153469,0.461498,0.82512,0.643309,0.181811
11,1.19298,139.748,103.027,0.304849,C,0.182614,0.182294,0.182294,0.182564,0.0270215,0.462479,0.825798,0.644138,0.18166
11,1.19298,140.099,103.027,0.307358,C,0.18253,0.185404,0.185404,0.182476,0.292855,0.489456,0.861411,0.675433,0.185978
11,1.19298,140.451,103.027,0.309866,C,0.182445,0.184066,0.184066,0.182387,0.167919,0.456886,0.816976,0.636931,0.180045
11,1.19298,140.804,103.027,0.312375,C,0.182362,0.182343,0.182343,0.182299,0.0044427,0.420989,0.767426,0.594208,0.173219
11,1.19298,141.158,103.027,0.314883,C,0.182278,0.185499,0.185499,0.182211,0.328861,0.447146,0.802542,0.624844,0.177698
11,1.19298,141.512,103.027,0.317391,C,0.182196,0.182543,0.182543,0.182123,0.0419413,0.397118,0.733257,0.565187,0.168069
11,1.19298,141.868,103.027,0.3199,C,0.182113,0.184405,0.184405,0.182036,0.236867,0.406595,0.745785,0.57619,0.169595
11,1.19298,142.224,103.027,0.322408,C,0.182031,0.179443,0.179443,0.181949,0.250622,0.33767,0.648353,0.493011,0.155341
11,1.19298,142.581,103.027,0.324916,C,0.18195,0.185542,0.185542,0.181863,0.367943,0.394627,0.728034,0.561331,0.166703
11,1.19298,142.939,103.027,0.327425,C,0.181869,0.177454,0.177454,0.181777,0.432263,0.295476,0.586091,0.440783,0.145307
11,1.19298,143.298,103.027,0.329933,C,0.181788,0.180026,0.180026,0.181691,0.166439,0.310972,0.608148,0.45956,0.148588
11,1.19298,143.658,103.027,0.332441,C,0.181708,0.181061,0.181061,0.181605,0.0544661,0.310975,0.607595,0.459285,0.14831
11,1.19298,144.019,103.027,0.33495,C,0.181628,0.182551,0.182551,0.18152,0.103104,0.315625,0.613792,0.464709,0.149083
11,1.19298,144.381,103.027,0.337458,C,0.181549,0.180177,0.180177,0.181436,0.125826,0.282114,0.564186,0.42315,0.141036
11,1.19298,144.743,103.027,0.339967,C,0.18147,0.184123,0.184123,0.181351,0.277169,0.310653,0.605504,0.458079,0.147425
11,1.19298,145.107,103.027,0.342475,C,0.181391,0.181721,0.181721,0.181267,0.0453561,0.277489,0.556271,0.41688,0.139391
11,1.19298,145.471,103.027,0.344983,C,0.181313,0.181788,0.181788,0.181184,0.0604856,0.268761,0.542752,0.405757,0.136995
11,1.19298,145.837,103.027,0.347492,C,0.181236,0.181835,0.181835,0.1811,0.0734456,0.260086,0.529238,0.394662,0.134576
11,1.19298,146.203,103.027,0.35,C,0.181158,0.180463,0.180463,0.181017,0.0553828,0.239493,0.497514,0.368504,0.12901
12,1.29386,69.2357,103.288,-0.4,P,0.220404,0.225464,0.225464,0.220907,0.455636,0.402266,0.683349,0.542807,0.140541
12,1.29386,69.4096,103.288,-0.397492,P,0.220207,0.220125,0.220125,0.220699,0.0573249,0.363813,0.632795,0.498304,0.134491
12,1.29386,69.5839,103.288,-0.394983,P,0.22001,0.218979,0.218979,0.22049,0.151111,0.363666,0.633232,0.498449,0.134783
12,1.29386,69.7587,103.288,-0.392475,P,0.219814,0.22148,0.22148,0.220283,0.119743,0.397123,0.678488,0.537806,0.140682
12,1.29386,69.9339,103.288,-0.389967,P,0.219618,0.216819,0.216819,0.220076,0.325694,0.36457,0.635732,0.500151,0.135581
12,1.29386,70.1095,103.288,-0.387458,P,0.219422,0.219856,0.219856,0.219869,0.00129266,0.403505,0.688253,0.545879,0.142374
12,1.29386,70.2856,103.288,-0.38495,P,0.219227,0.221172,0.221172,0.219663,0.150946,0.427657,0.720694,0.574175,0.146519
12,1.29386,70.4621,103.288,-0.382441,P,0.219033,0.221405,0.221405,0.219457,0.194824,0.441701,0.739726,0.590714,0.149013
12,1.29386,70.6391,103.288,-0.379933,P,0.218839,0.218823,0.218823,0.219252,0.042939,0.427372,0.721701,0.574536,0.147165
12,1.29386,70.8165,103.288,-0.377425,P,0.218645,0.218464,0.218464,0.219047,0.0583547,0.435496,0.733031,0.584263,0.148767
12,1.29386,70.9943,103.288,-0.374916,P,0.218451,0.221857,0.221857,0.218843,0.301416,0.483409,0.795827,0.639618,0.156209
12,1.29386,71.1727,103.288,-0.372408,P,0.218258,0.217152,0.217152,0.21864,0.148807,0.446018,0.748183,0.5971,0.151083
12,1.29386,71.3514,103.288,-0.3699,P,0.218066,0.216488,0.216488,0.218437,0.194852,0.451329,0.75582,0.603574,0.152246
12,1.29386,71.5306,103.288,-0.367391,P,0.217873,0.219337,0.219337,0.218234,0.110235,0.49481,0.812675,0.653743,0.158933
12,1.29386,71.7103,103.288,-0.364883,P,0.217682,0.218122,0.218122,0.218032,0.0090239,0.494556,0.813104,0.65383,0.159274
12,1.29386,71.8904,103.288,-0.362375,P,0.21749,0.217077,0.217077,0.217831,0.0753572,0.496193,0.815964,0.656078,0.159885
12,1.29386,72.0709,103.288,-0.359866,P,0.217299,0.218812,0.218812,0.21763,0.1182,0.529645,0.859395,0.69452,0.164875
12,1.29386,72.2519,103.288,-0.357358,P,0.217109,0.219685,0.219685,0.217429,0.225585,0.5542,0.891239,0.722719,0.16852
12,1.29386,72.4334,103.288,-0.354849,P,0.216919,0.214757,0.214757,0.217229,0.247264,0.510584,0.836708,0.673646,0.163062
12,1.29386,72.6153,103.288,-0.352341,P,0.216729,0.215047,0.215047,0.21703,0.198334,0.527947,0.859619,0.693783,0.165836
12,1.29386,72.7977,103.288,-0.349833,P,0.216539,0.213479,0.213479,0.216831,0.335228,0.523705,0.855035,0.68937,0.165665
12,1.29386,72.9805,103.288,-0.347324,P,0.21635,0.216812,0.216812,0.216633,0.0179319,0.578704,0.92529,0.751997,0.173293
12,1.29386,73.1638,103.288,-0.344816,P,0.216162,0.214966,0.214966,0.216435,0.146877,0.571012,0.916475,0.743743,0.172732
12,1.29386,73.3475,103.288,-0.342308,P,0.215974,0.218417,0.218417,0.216238,0.21792,0.630698,0.991738,0.811218,0.18052
12,1.29386,73.5318,103.288,-0.339799,P,0.215786,0.215799,0.215799,0.216041,0.0241377,0.612815,0.970412,0.791613,0.178799
12,1.29386,73.7164,103.288,-0.337291,P,0.215599,0.217654,0.217654,0.215845,0.180985,0.653746,1.02194,0.837841,0.184096
12,1.29386,73.9016,103.288,-0.334783,P,0.215412,0.214795,0.214795,0.215649,0.0854282,0.632281,0.99631,0.814296,0.182015
12,1.29386,74.0872,103.288,-0.332274,P,0.215225,0.214532,0.214532,0.215454,0.0921902,0.645497,1.01354,0.829517,0.18402
12,1.29386,74.2732,103.288,-0.329766,P,0.215039,0.216616,0.216616,0.215259,0.135744,0.691426,1.07086,0.881144,0.189718
12,1.29386,74.4598,103.288,-0.327258,P,0.214854,0.212961,0.212961,0.215065,0.210364,0.658318,1.03115,0.844736,0.186419
12,1.29386,74.6468,103.288,-0.324749,P,0.214668,0.213872,0.213872,0.214871,0.0998657,0.688566,1.0692,0.878885,0.190319
12,1.29386,74.8343,103.288,-0.322241,P,0.214483,0.217404,0.217404,0.214678,0.272656,0.758094,1.15464,0.956367,0.198273
12,1.29386,75.0222,103.288,-0.319732,P,0.214299,0.212986,0.212986,0.214485,0.149936,0.712288,1.10004,0.906166,0.193877
12,1.29386,75.2106,103.288,-0.317224,P,0.214115,0.211732,0.211732,0.214293,0.256103,0.712671,1.10147,0.907068,0.194397
12,1.29386,75.3995,103.288,-0.314716,P,0.213931,0.214629,0.214629,0.214102,0.0527661,0.774789,1.17765,0.976222,0.201433
12,1.29386,75.5889,103.288,-0.312207,P,0.213748,0.212891,0.212891,0.213911,0.101964,0.768141,1.17063,0.969384,0.201243
12,1.29386,75.7787,103.288,-0.309699,P,0.213565,0.213865,0.213865,0.21372,0.0144968,0.803145,1.2137,1.00842,0.205275
12,1.29386,75.9691,103.288,-0.307191,P,0.213383,0.216876,0.216876,0.21353,0.334635,0.871971,1.29674,1.08435,0.212383
12,1.29386,76.1598,103.288,-0.304682,P,0.213201,0.212986,0.212986,0.213341,0.0354688,0.83073,1.2487,1.03972,0.208987
12,1.29386,76.3511,103.288,-0.302174,P,0.213019,0.210655,0.210655,0.213152,0.249703,0.814627,1.23049,1.02256,0.207933
12,1.29386,76.5429,103.288,-0.299666,P,0.212838,0.21323,0.21323,0.212963,0.0266781,0.877754,1.30668,1.09222,0.214463
12,1.29386,76.7351,103.288,-0.297157,P,0.212657,0.216025,0.216025,0.212775,0.324928,0.947364,1.38979,1.16858,0.221215
12,1.29386,76.9278,103.288,-0.294649,P,0.212477,0.211754,0.211754,0.212588,0.0834299,0.897778,1.33248,1.11513,0.217353
12,1.29386,77.121,103.288,-0.29214,P,0.212297,0.211099,0.211099,0.212401,0.130193,0.909453,1.34734,1.1284,0.218944
12,1.29386,77.3147,103.288,-0.289632,P,0.212117,0.210154,0.210154,0.212215,0.206076,0.916342,1.35655,1.13645,0.220104
12,1.29386,77.5089,103.288,-0.287124,P,0.211938,0.213718,0.213718,0.212029,0.168963,1.00258,1.45867,1.23062,0.228046
12,1.29386,77.7036,103.288,-0.284615,P,0.211759,0.210071,0.210071,0.211844,0.177294,0.962103,1.41251,1.18731,0.225203
12,1.29386,77.8987,103.288,-0.282107,P,0.211581,0.212973,0.212973,0.211659,0.131428,1.03906,1.50331,1.27118,0.232125
12,1.29386,78.0944,103.288,-0.279599,P,0.211403,0.213521,0.213521,0.211474,0.204648,1.07493,1.54596,1.31044,0.235516
12,1.29386,78.2905,103.288,-0.27709,P,0.211225,0.211837,0.211837,0.211291,0.0546234,1.06955,1.54089,1.30522,0.23567
12,1.29386,78.4871,103.288,-0.274582,P,0.211048,0.211969,0.211969,0.211108,0.0861408,1.09846,1.57541,1.33694,0.238474
12,1.29386,78.6843,103.288,-0.272074,P,0.210872,0.212214,0.212214,0.210925,0.128968,1.13019,1.61307,1.37163,0.241439
12,1.29386,78.8819,103.288,-0.269565,P,0.210695,0.206716,0.206716,0.210743,0.4027,1.05202,1.52413,1.28807,0.236054
12,1.29386,79.08,103.288,-0.267057,P,0.210519,0.208887,0.208887,0.210561,0.167445,1.12049,1.60431,1.3624,0.241906
12,1.29386,79.2786,103.288,-0.264548,P,0.210344,0.210748,0.210748,0.21038,0.0368349,1.18524,1.67966,1.43245,0.247213
12,1.29386,79.4777,103.288,-0.26204,P,0.210169,0.209767,0.209767,0.210199,0.043187,1.1943,1.69122,1.44276,0.248461
12,1.29386,79.6773,103.288,-0.259532,P,0.209994,0.210224,0.210224,0.210019,0.0205051,1.23283,1.73631,1.48457,0.251741
12,1.29386,79.8774,103.288,-0.257023,P,0.20982,0.208597,0.208597,0.209839,0.124217,1.2291,1.73331,1.4812,0.252107
12,1.29386,80.078,103.288,-0.254515,P,0.209646,0.209353,0.209353,0.20966,0.0307697,1.27491,1.78653,1.53072,0.255808
12,1.29386,80.2792,103.288,-0.252007,P,0.209472,0.20717,0.20717,0.209482,0.231144,1.2597,1.77057,1.51513,0.255432
12,1.29386,80.4808,103.288,-0.249498,P,0.209299,0.210831,0.210831,0.209304,0.152682,1.36921,1.89536,1.63228,0.263076
12,1.29386,80.6829,103.288,-0.24699,P,0.209127,0.210404,0.210404,0.209126,0.12777,1.39234,1.92259,1.65746,0.265125
12,1.29386,80.8855,103.288,-0.244482,P,0.208955,0.213877,0.213877,0.208949,0.492784,1.50351,2.04796,1.77574,0.272227
12,1.29386,81.0887,103.288,-0.241973,P,0.208783,0.207145,0.207145,0.208773,0.162771,1.38615,1.91825,1.6522,0.266051
12,1.29386,81.2923,103.288,-0.239465,P,0.208611,0.20437,0.20437,0.208597,0.422706,1.35768,1.88763,1.62265,0.264974
12,1.29386,81.4965,103.288,-0.236957,P,0.20844,0.209841,0.209841,0.208421,0.141981,1.51531,2.06498,1.79015,0.274838
12,1.29386,81.7012,103.288,-0.234448,P,0.20827,0.20893,0.20893,0.208246,0.0683831,1.52952,2.08208,1.8058,0.276284
12,1.29386,81.9064,103.288,-0.23194,P,0.208099,0.203414,0.203414,0.208072,0.465795,1.43718,1.98071,1.70895,0.271762
12,1.29386,82.1121,103.288,-0.229431,P,0.20793,0.20686,0.20686,0.207898,0.103796,1.55275,2.11053,1.83164,0.278893
12,1.29386,82.3183,103.288,-0.226923,P,0.20776,0.207793,0.207793,0.207725,0.00682836,1.61176,2.17712,1.89444,0.282677
12,1.29386,82.5251,103.288,-0.224415,P,0.207591,0.206238,0.206238,0.207552,0.131359,1.61163,2.17835,1.89499,0.283359
12,1.29386,82.7323,103.288,-0.221906,P,0.207423,0.206297,0.206297,0.207379,0.10823,1.65091,2.22301,1.93696,0.286046
12,1.29386,82.9401,103.288,-0.219398,P,0.207255,0.209445,0.209445,0.207208,0.223769,1.76819,2.35297,2.06058,0.292389
12,1.29386,83.1484,103.288,-0.21689,P,0.207087,0.20774,0.20774,0.207036,0.0703797,1.76517,2.35106,2.05812,0.292946
12,1.29386,83.3572,103.288,-0.214381,P,0.206919,0.205555,0.205555,0.206865,0.131027,1.75001,2.33591,2.04296,0.292948
12,1.29386,83.5666,103.288,-0.211873,P,0.206753,0.206997,0.206997,0.206695,0.0302196,1.8277,2.42209,2.12489,0.297196
12,1.29386,83.7765,103.288,-0.209365,P,0.206586,0.208673,0.208673,0.206525,0.214819,1.91344,2.51667,2.21506,0.301612
12,1.29386,83.9869,103.288,-0.206856,P,0.20642,0.204272,0.204272,0.206356,0.208357,1.84038,2.43876,2.13957,0.299193
12,1.29386,84.1978,103.288,-0.204348,P,0.206254,0.210316,0.210316,0.206187,0.412864,2.04475,2.66143,2.35309,0.308338
12,1.29386,84.4093,103.288,-0.201839,P,0.206089,0.206181,0.206181,0.206019,0.0162277,1.97738,2.59017,2.28378,0.306396
12,1.29386,84.6213,103.288,-0.199331,P,0.205924,0.206653,0.206653,0.205851,0.0801458,2.03491,2.6537,2.3443,0.309393
12,1.29386,84.8338,103.288,-0.196823,P,0.205759,0.204031,0.204031,0.205684,0.165238,2.00839,2.62658,2.31748,0.309094
12,1.29386,85.0469,103.288,-0.194314,P,0.205595,0.2062,0.2062,0.205517,0.0682514,2.11427,2.74198,2.42812,0.313853
12,1.29386,85.2604,103.288,-0.191806,P,0.205432,0.208834,0.208834,0.205351,0.348309,2.23612,2.87394,2.55503,0.318912
12,1.29386,85.4746,103.288,-0.189298,P,0.205268,0.206305,0.206305,0.205185,0.111964,2.21231,2.84996,2.53114,0.318824
12,1.29386,85.6892,103.288,-0.186789,P,0.205106,0.204317,0.204317,0.20502,0.0702342,2.20396,2.84251,2.52323,0.319277
12,1.29386,85.9045,103.288,-0.184281,P,0.204943,0.20603,0.20603,0.204855,0.117502,2.30279,2.94948,2.62614,0.323346
12,1.29386,86.1202,103.288,-0.181773,P,0.204781,0.204812,0.204812,0.204691,0.0120694,2.31741,2.96654,2.64197,0.324566
12,1.29386,86.3365,103.288,-0.179264,P,0.204619,0.202255,0.202255,0.204527,0.227221,2.29285,2.9419,2.61737,0.324525
12,1.29386,86.5533,103.288,-0.176756,P,0.204458,0.205274,0.205274,0.204364,0.0910219,2.43406,3.09345,2.76376,0.329696
12,1.29386,86.7707,103.288,-0.174247,P,0.204297,0.206742,0.206742,0.204201,0.254036,2.53154,3.19812,2.86483,0.33329
12,1.29386,86.9886,103.288,-0.171739,P,0.204137,0.204021,0.204021,0.204039,0.00178993,2.50239,3.1688,2.83559,0.333206
12,1.29386,87.2071,103.288,-0.169231,P,0.203977,0.201167,0.201167,0.203877,0.271063,2.46905,3.13507,2.80206,0.333006
12,1.29386,87.4261,103.288,-0.166722,P,0.203817,0.204652,0.204652,0.203716,0.0935926,2.63158,3.30815,2.96987,0.33828
12,1.29386,87.6457,103.288,-0.164214,P,0.203658,0.20301,0.20301,0.203555,0.0545351,2.63632,3.31464,2.97548,0.339161
12,1.29386,87.8658,103.288,-0.161706,P,0.203499,0.203299,0.203299,0.203395,0.00964523,2.70227,3.38551,3.04389,0.341622
12,1.29386,88.0865,103.288,-0.159197,P,0.203341,0.204775,0.204775,0.203235,0.153961,2.80746,3.49738,3.15242,0.344961
12,1.29386,88.3077,103.288,-0.156689,P,0.203183,0.202661,0.202661,0.203076,0.0415244,2.79833,3.48932,3.14383,0.345495
12,1.29386,88.5295,103.288,-0.154181,P,0.203025,0.203407,0.203407,0.202918,0.0489055,2.88223,3.57863,3.23043,0.3482
12,1.29386,88.7519,103.288,-0.151672,P,0.202868,0.205041,0.205041,0.202759,0.228146,2.99697,3.6999,3.34843,0.351469
12,1.29386,88.9748,103.288,-0.149164,P,0.202712,0.19941,0.19941,0.202602,0.31916,2.87263,3.57164,3.22214,0.349505
12,1.29386,89.1982,103.288,-0.146656,P,0.202555,0.203619,0.203619,0.202444,0.117424,3.07477,3.7839,3.42933,0.354565
12,1.29386,89.4222,103.288,-0.144147,P,0.202399,0.202788,0.202788,0.202288,0.0500707,3.11057,3.82262,3.4666,0.356022
12,1.29386,89.6468,103.288,-0.141639,P,0.202244,0.203463,0.203463,0.202131,0.133149,3.19826,3.91515,3.5567,0.358445
12,1.29386,89.872,103.288,-0.13913,P,0.202089,0.201415,0.201415,0.201976,0.0560559,3.1938,3.912,3.5529,0.359101
12,1.29386,90.0977,103.288,-0.136622,P,0.201934,0.203998,0.203998,0.201821,0.217757,3.34971,4.07494,3.71232,0.362615
12,1.29386,90.324,103.288,-0.134114,P,0.20178,0.199484,0.199484,0.201666,0.21816,3.26033,3.98392,3.62212,0.361797
12,1.29386,90.5508,103.288,-0.131605,P,0.201626,0.203095,0.203095,0.201512,0.158368,3.45522,4.18682,3.82102,0.3658
12,1.29386,90.7782,103.288,-0.129097,P,0.201472,0.202966,0.202966,0.201358,0.160852,3.52067,4.25575,3.88821,0.367538
12,1.29386,91.0062,103.288,-0.126589,P,0.201319,0.201229,0.201229,0.201205,0.0024464,3.52958,4.26636,3.89797,0.368389
12,1.29386,91.2348,103.288,-0.12408,P,0.201166,0.20078,0.20078,0.201052,0.0271798,3.58511,4.32496,3.95503,0.369925
12,1.29386,91.4639,103.288,-0.121572,P,0.201014,0.197492,0.197492,0.200899,0.340783,3.5388,4.27874,3.90877,0.369972
12,1.29386,91.6937,103.288,-0.119064,P,0.200862,0.200702,0.200702,0.200748,0.00457685,3.72873,4.47539,4.10206,0.373329
12,1.29386,91.9239,103.288,-0.116555,P,0.200711,0.197861,0.197861,0.200596,0.27351,3.69922,4.44651,4.07286,0.373643
12,1.29386,92.1548,103.288,-0.114047,P,0.20056,0.19749,0.19749,0.200446,0.295569,3.76075,4.51105,4.1359,0.375147
12,1.29386,92.3863,103.288,-0.111538,P,0.200409,0.201686,0.201686,0.200295,0.139102,3.9937,4.75093,4.37232,0.378613
12,1.29386,92.6183,103.288,-0.10903,P,0.200259,0.203518,0.203518,0.200145,0.337314,4.14147,4.9032,4.52234,0.380862
12,1.29386,92.8509,103.288,-0.106522,P,0.200109,0.199253,0.199253,0.199996,0.0742969,4.05988,4.8212,4.44054,0.38066
12,1.29386,93.0841,103.288,-0.104013,P,0.19996,0.198994,0.198994,0.199847,0.0853337,4.13032,4.8944,4.51236,0.382041
12,1.29386,93.3179,103.288,-0.101505,P,0.199811,0.198991,0.198991,0.199699,0.0707465,4.21167,4.97863,4.59515,0.383482
12,1.29386,93.5522,103.288,-0.0989967,P,0.199662,0.198048,0.198048,0.199551,0.150246,4.25792,5.02702,4.64247,0.384549
12,1.29386,93.7872,103.288,-0.0964883,P,0.199514,0.200257,0.200257,0.199403,0.0853446,4.42742,5.2007,4.81406,0.386644
12,1.29386,94.0227,103.288,-0.0939799,P,0.199366,0.200074,0.200074,0.199256,0.0817869,4.50567,5.28141,4.89354,0.387873
12,1.29386,94.2589,103.288,-0.0914716,P,0.199219,0.199576,0.199576,0.19911,0.04665,4.57263,5.35057,4.9616,0.38897
12,1.29386,94.4956,103.288,-0.0889632,P,0.199072,0.200166,0.200166,0.198964,0.12023,4.68371,5.46439,5.07405,0.390337
12,1.29386,94.7329,103.288,-0.0864548,P,0.198925,0.199216,0.199216,0.198818,0.039766,4.7349,5.51738,5.12614,0.391239
12,1.29386,94.9709,103.288,-0.0839465,P,0.198779,0.199872,0.199872,0.198673,0.119869,4.85133,5.63636,5.24384,0.392516
12,1.29386,95.2094,103.288,-0.0814381,P,0.198633,0.193882,0.193882,0.198529,0.464667,4.70167,5.48594,5.09381,0.392135
12,1.29386,95.4485,103.288,-0.0789298,P,0.198488,0.201108,0.201108,0.198385,0.272316,5.08583,5.87552,5.48067,0.394846
12,1.29386,95.6882,103.288,-0.0764214,P,0.198343,0.200199,0.200199,0.198241,0.195782,5.14308,5.93431,5.5387,0.395612
12,1.29386,95.9285,103.288,-0.073913,P,0.198199,0.198082,0.198082,0.198098,0.00159901,5.15174,5.94399,5.54786,0.396124
12,1.29386,96.1695,103.288,-0.0714047,P,0.198054,0.195462,0.195462,0.197955,0.249353,5.14018,5.93326,5.53672,0.396539
12,1.29386,96.411,103.288,-0.0688963,P,0.197911,0.201596,0.201596,0.197813,0.378252,5.49121,6.28802,5.88962,0.398408
12,1.29386,96.6531,103.288,-0.066388,P,0.197767,0.198872,0.198872,0.197671,0.120077,5.47743,6.27495,5.87619,0.398758
12,1.29386,96.8959,103.288,-0.0638796,P,0.197624,0.197453,0.197453,0.19753,0.00771706,5.51851,6.3171,5.91781,0.399291
12,1.29386,97.1392,103.288,-0.0613712,P,0.197482,0.20001,0.20001,0.197389,0.262072,5.72741,6.52801,6.12771,0.400301
12,1.29386,97.3832,103.288,-0.0588629,P,0.19734,0.197244,0.197244,0.197249,0.000519126,5.71398,6.51519,6.11459,0.400605
12,1.29386,97.6278,103.288,-0.0563545,P,0.197198,0.197507,0.197507,0.197109,0.0397518,5.82926,6.63171,6.23048,0.401225
12,1.29386,97.873,103.288,-0.0538462,P,0.197057,0.19445,0.19445,0.19697,0.252034,5.80477,6.60772,6.20625,0.401473
12,1.29386,98.1188,103.288,-0.0513378,P,0.196916,0.194999,0.194999,0.196831,0.183226,5.9346,6.73868,6.33664,0.402039
12,1.29386,98.3652,103.288,-0.0488294,P,0.196776,0.195897,0.195897,0.196693,0.0795798,6.08098,6.88611,6.48354,0.402565
12,1.29386,98.6123,103.288,-0.0463211,P,0.196636,0.197097,0.197097,0.196555,0.0542607,6.24209,7.04816,6.64513,0.403036
12,1.29386,98.8599,103.288,-0.0438127,P,0.196496,0.194519,0.194519,0.196417,0.189779,6.24171,7.04816,6.64494,0.403226
12,1.29386,99.1082,103.288,-0.0413043,P,0.196357,0.194386,0.194386,0.19628,0.18942,6.34795,7.15499,6.75147,0.40352
12,1.29386,99.3571,103.288,-0.038796,P,0.196218,0.196026,0.196026,0.196144,0.0117135,6.53277,7.34043,6.9366,0.403829
12,1.29386,99.6067,103.288,-0.0362876,P,0.19608,0.195351,0.195351,0.196007,0.0656098,6.61839,7.42637,7.02238,0.403988
12,1.29386,99.8568,103.288,-0.0337793,P,0.195942,0.19797,0.19797,0.195872,0.209828,6.84957,7.65791,7.25374,0.404174
12,1.29386,100.108,103.288,-0.0312709,P,0.195804,0.198533,0.198533,0.195737,0.279628,6.99253,7.80101,7.39677,0.404239
12,1.29386,100.359,103.288,-0.0287625,P,0.195667,0.194828,0.194828,0.195602,0.0774355,6.94896,7.75738,7.35317,0.404209
12,1.29386,100.611,103.288,-0.0262542,P,0.19553,0.195061,0.195061,0.195468,0.0406975,7.07998,7.88834,7.48416,0.404178
12,1.29386,100.864,103.288,-0.0237458,P,0.195394,0.193327,0.193327,0.195334,0.200638,7.1254,7.93358,7.52949,0.404093
12,1.29386,101.117,103.288,-0.0212375,P,0.195258,0.195204,0.195204,0.1952,0.000325985,7.33224,8.14014,7.73619,0.403948
12,1.29386,101.371,103.288,-0.0187291,P,0.195122,0.195135,0.195135,0.195068,0.00672209,7.45435,8.26185,7.8581,0.403751
12,1.29386,101.626,103.288,-0.0162207,P,0.194987,0.194373,0.194373,0.194935,0.0561995,7.54701,8.35403,7.95052,0.40351
12,1.29386,101.881,103.288,-0.0137124,P,0.194852,0.195164,0.195164,0.194803,0.0360885,7.71045,8.51683,8.11364,0.403193
12,1.29386,102.137,103.288,-0.011204,P,0.194718,0.195434,0.195434,0.194672,0.076262,7.85219,8.65784,8.25502,0.402826
12,1.29386,102.393,103.288,-0.00869565,P,0.194584,0.19564,0.19564,0.19454,0.109963,7.99259,8.7974,8.395,0.402406
12,1.29386,102.65,103.288,-0.00618729,P,0.19445,0.193648,0.193648,0.19441,0.0762294,8.03566,8.83963,8.43765,0.401983
12,1.29386,102.908,103.288,-0.00367893,P,0.194317,0.195942,0.195942,0.19428,0.166248,8.27305,9.07586,8.67445,0.401405
12,1.29386,103.167,103.288,-0.00117057,P,0.194185,0.191258,0.191258,0.19415,0.289166,8.19751,8.99939,8.59845,0.400944
12,1.29386,103.426,103.288,0.00133779,C,0.194052,0.190518,0.190518,0.194021,0.350221,8.16598,8.96906,8.56752,0.40154
12,1.29386,103.686,103.288,0.00384615,C,0.19392,0.196362,0.196362,0.193892,0.247068,8.3149,9.12085,8.71788,0.402978
12,1.29386,103.946,103.288,0.00635452,C,0.193789,0.193259,0.193259,0.193763,0.0503851,8.06039,8.86957,8.46498,0.404588
12,1.29386,104.207,103.288,0.00886288,C,0.193658,0.195086,0.195086,0.193635,0.145091,8.02979,8.84185,8.43582,0.40603
12,1.29386,104.469,103.288,0.0113712,C,0.193527,0.19616,0.19616,0.193508,0.265225,7.96609,8.78098,8.37354,0.407444
12,1.29386,104.731,103.288,0.0138796,C,0.193397,0.19513,0.19513,0.193381,0.174873,7.80794,8.62564,8.21679,0.408851
12,1.29386,104.994,103.288,0.016388,C,0.193267,0.194151,0.194151,0.193254,0.0896976,7.65301,8.47341,8.06321,0.410199
12,1.29386,105.258,103.288,0.0188963,C,0.193138,0.191831,0.191831,0.193128,0.129746,7.43807,8.26107,7.84957,0.411501
12,1.29386,105.522,103.288,0.0214047,C,0.193009,0.192791,0.192791,0.193002,0.0211581,7.3729,8.19833,7.78562,0.412713
12,1.29386,105.787,103.288,0.023913,C,0.19288,0.195453,0.195453,0.192877,0.257626,7.38592,8.21368,7.7998,0.413878
12,1.29386,106.053,103.288,0.0264214,C,0.192752,0.193482,0.193482,0.192752,0.0730178,7.18962,8.01961,7.60461,0.414996
12,1.29386,106.319,103.288,0.0289298,C,0.192624,0.194734,0.194734,0.192628,0.210629,7.14045,7.97259,7.55652,0.416072
12,1.29386,106.586,103.288,0.0314381,C,0.192497,0.191691,0.191691,0.192504,0.0812566,6.89748,7.73155,7.31452,0.417033
12,1.29386,106.854,103.288,0.0339465,C,0.19237,0.194397,0.194397,0.19238,0.201664,6.91605,7.75213,7.33409,0.418042
12,1.29386,107.122,103.288,0.0364548,C,0.192243,0.192553,0.192553,0.192257,0.0296458,6.72945,7.56721,7.14833,0.418884
12,1.29386,107.391,103.288,0.0389632,C,0.192117,0.194173,0.194173,0.192134,0.203864,6.70055,7.54012,7.12034,0.419786
12,1.29386,107.661,103.288,0.0414716,C,0.191991,0.19116,0.19116,0.192012,0.0852195,6.46316,7.304,6.88358,0.420419
12,1.29386,107.931,103.288,0.0439799,C,0.191866,0.191828,0.191828,0.19189,0.00620686,6.39315,7.23548,6.81431,0.421167
12,1.29386,108.203,103.288,0.0464883,C,0.191741,0.190576,0.190576,0.191769,0.11931,6.23749,7.08094,6.65921,0.421728
12,1.29386,108.474,103.288,0.0489967,C,0.191616,0.190313,0.190313,0.191648,0.133491,6.12747,6.97205,6.54976,0.422287
12,1.29386,108.747,103.288,0.051505,C,0.191492,0.189044,0.189044,0.191527,0.248285,5.97334,6.81869,6.39601,0.422678
12,1.29386,109.02,103.288,0.0540134,C,0.191368,0.192887,0.192887,0.191407,0.147967,6.0494,6.8965,6.47295,0.423551
12,1.29386,109.294,103.288,0.0565217,C,0.191245,0.190145,0.190145,0.191287,0.114265,5.83125,6.67854,6.2549,0.423647
12,1.29386,109.568,103.288,0.0590301,C,0.191122,0.189789,0.189789,0.191168,0.137915,5.7211,6.56897,6.14504,0.423936
12,1.29386,109.843,103.288,0.0615385,C,0.190999,0.189124,0.189124,0.191049,0.19256,5.59823,6.44644,6.02234,0.424105
12,1.29386,110.119,103.288,0.0640468,C,0.190877,0.191107,0.191107,0.190931,0.0176267,5.59408,6.44337,6.01872,0.424647
12,1.29386,110.396,103.288,0.0665552,C,0.190756,0.191923,0.191923,0.190813,0.111044,5.53878,6.38871,5.96374,0.42497
12,1.29386,110.673,103.288,0.0690635,C,0.190634,0.189584,0.189584,0.190695,0.1111,5.34485,6.19411,5.76948,0.424628
12,1.29386,110.951,103.288,0.0715719,C,0.190513,0.191613,0.191613,0.190578,0.103514,5.34487,6.19507,5.76997,0.4251
12,1.29386,111.23,103.288,0.0740803,C,0.190393,0.187599,0.187599,0.190461,0.286286,5.08009,5.92837,5.50423,0.424142
12,1.29386,111.509,103.288,0.0765886,C,0.190273,0.187484,0.187484,0.190345,0.28609,4.98799,5.83596,5.41198,0.423983
12,1.29386,111.789,103.288,0.079097,C,0.190153,0.18933,0.18933,0.190229,0.0899354,4.98227,5.83089,5.40658,0.424311
12,1.29386,112.07,103.288,0.0816054,C,0.190034,0.194308,0.194308,0.190114,0.419472,5.11346,5.96449,5.53897,0.425513
12,1.29386,112.351,103.288,0.0841137,C,0.189915,0.190397,0.190397,0.189999,0.0398757,4.85864,5.70694,5.28279,0.424151
12,1.29386,112.633,103.288,0.0866221,C,0.189797,0.191385,0.191385,0.189884,0.15015,4.81764,5.66596,5.2418,0.42416
12,1.29386,112.916,103.288,0.0891304,C,0.189679,0.191318,0.191318,0.18977,0.154847,4.73191,5.57947,5.15569,0.423781
12,1.29386,113.2,103.288,0.0916388,C,0.189561,0.187982,0.187982,0.189656,0.167364,4.50744,5.35164,4.92954,0.422103
12,1.29386,113.484,103.288,0.0941472,C,0.189444,0.189415,0.189415,0.189543,0.012757,4.48805,5.33232,4.91018,0.422137
12,1.29386,113.769,103.288,0.0966555,C,0.189327,0.190788,0.190788,0.18943,0.135872,4.46666,5.31094,4.8888,0.422138
12,1.29386,114.055,103.288,0.0991639,C,0.189211,0.189822,0.189822,0.189317,0.050488,4.34696,5.18918,4.76807,0.421109
12,1.29386,114.341,103.288,0.101672,C,0.189095,0.189951,0.189951,0.189205,0.0746742,4.27464,5.11561,4.69512,0.420485
12,1.29386,114.629,103.288,0.104181,C,0.188979,0.189132,0.189132,0.189093,0.00392359,4.16358,5.00227,4.58293,0.419342
12,1.29386,114.916,103.288,0.106689,C,0.188864,0.188486,0.188486,0.188982,0.0495464,4.06106,4.89743,4.47924,0.418186
12,1.29386,115.205,103.288,0.109197,C,0.188749,0.188647,0.188647,0.188871,0.0223938,3.99306,4.82783,4.41044,0.417383
12,1.29386,115.494,103.288,0.111706,C,0.188635,0.190862,0.190862,0.18876,0.210156,4.01043,4.84581,4.42812,0.417692
12,1.29386,115.785,103.288,0.114214,C,0.188521,0.186856,0.186856,0.18865,0.17939,3.77363,4.60231,4.18797,0.414344
12,1.29386,116.075,103.288,0.116722,C,0.188407,0.190428,0.190428,0.18854,0.188813,3.84719,4.67815,4.26267,0.41548
12,1.29386,116.367,103.288,0.119231,C,0.188294,0.186231,0.186231,0.188431,0.219976,3.60669,4.43,4.01834,0.411651
12,1.29386,116.659,103.288,0.121739,C,0.188181,0.189431,0.189431,0.188322,0.110907,3.66543,4.49067,4.07805,0.41262
12,1.29386,116.952,103.288,0.124247,C,0.188069,0.185489,0.185489,0.188213,0.272415,3.43958,4.25672,3.84815,0.40857
12,1.29386,117.246,103.288,0.126756,C,0.187957,0.187421,0.187421,0.188105,0.0684004,3.44844,4.26578,3.85711,0.408669
12,1.29386,117.54,103.288,0.129264,C,0.187846,0.187604,0.187604,0.187997,0.0393276,3.38879,4.20366,3.79623,0.40744
12,1.29386,117.835,103.288,0.131773,C,0.187734,0.186692,0.186692,0.18789,0.119827,3.28732,4.09788,3.6926,0.405281
12,1.29386,118.131,103.288,0.134281,C,0.187624,0.185069,0.185069,0.187783,0.271386,3.16002,3.96481,3.56241,0.402394
12,1.29386,118.428,103.288,0.136789,C,0.187513,0.187822,0.187822,0.187676,0.0145987,3.20206,4.00848,3.60527,0.403208
12,1.29386,118.726,103.288,0.139298,C,0.187404,0.186088,0.186088,0.18757,0.148229,3.07276,3.87291,3.47283,0.400074
12,1.29386,119.024,103.288,0.141806,C,0.187294,0.189038,0.189038,0.187464,0.157376,3.12255,3.92478,3.52367,0.401119
12,1.29386,119.323,103.288,0.144314,C,0.187185,0.185489,0.185489,0.187359,0.187027,2.92753,3.71971,3.32362,0.396088
12,1.29386,119.622,103.288,0.146823,C,0.187076,0.187377,0.187377,0.187254,0.0122809,2.93777,3.73012,3.33395,0.396176
12,1.29386,119.923,103.288,0.149331,C,0.186968,0.183146,0.183146,0.187149,0.400289,2.72293,3.50287,3.1129,0.389969
12,1.29386,120.224,103.288,0.151839,C,0.18686,0.191808,0.191808,0.187045,0.476333,2.98308,3.77717,3.38012,0.397042
12,1.29386,120.526,103.288,0.154348,C,0.186753,0.186217,0.186217,0.186941,0.072404,2.71968,3.49851,3.1091,0.389412
12,1.29386,120.829,103.288,0.156856,C,0.186646,0.188594,0.188594,0.186838,0.175623,2.74879,3.52893,3.13886,0.390072
12,1.29386,121.132,103.288,0.159365,C,0.186539,0.18395,0.18395,0.186735,0.278501,2.52706,3.29261,2.90984,0.382776
12,1.29386,121.436,103.288,0.161873,C,0.186433,0.185514,0.185514,0.186632,0.111766,2.52784,3.29291,2.91038,0.382538
12,1.29386,121.741,103.288,0.164381,C,0.186327,0.189504,0.189504,0.18653,0.297421,2.61421,3.38457,2.99939,0.38518
12,1.29386,122.047,103.288,0.16689,C,0.186222,0.186801,0.186801,0.186428,0.0373132,2.46574,3.22544,2.84559,0.379849
12,1.29386,122.354,103.288,0.169398,C,0.186117,0.185315,0.185315,0.186326,0.10112,2.36234,3.11388,2.73811,0.375774
12,1.29386,122.661,103.288,0.171906,C,0.186012,0.1866,0.1866,0.186225,0.0374614,2.3548,3.1052,2.73,0.375201
12,1.29386,122.969,103.288,0.174415,C,0.185908,0.184533,0.184533,0.186124,0.159108,2.23472,2.97502,2.60487,0.370149
12,1.29386,123.278,103.288,0.176923,C,0.185804,0.190037,0.190037,0.186024,0.401271,2.36971,3.12016,2.74493,0.375224
12,1.29386,123.587,103.288,0.179431,C,0.185701,0.188838,0.188838,0.185924,0.291419,2.27939,3.02214,2.65077,0.371375
12,1.29386,123.898,103.288,0.18194,C,0.185598,0.184551,0.184551,0.185824,0.127306,2.0901,2.81603,2.45306,0.362962
12,1.29386,124.209,103.288,0.184448,C,0.185495,0.182554,0.182554,0.185725,0.31711,1.97963,2.69455,2.33709,0.357464
12,1.29386,124.521,103.288,0.186957,C,0.185393,0.184591,0.184591,0.185626,0.103544,1.99859,2.71464,2.35661,0.358027
12,1.29386,124.834,103.288,0.189465,C,0.185291,0.185803,0.185803,0.185527,0.0276005,1.99154,2.70624,2.34889,0.357348
12,1.29386,125.147,103.288,0.191973,C,0.18519,0.180667,0.180667,0.185429,0.476269,1.78854,2.48161,2.13507,0.346532
12,1.29386,125.461,103.288,0.194482,C,0.185089,0.184244,0.184244,0.185332,0.108707,1.85471,2.55414,2.20443,0.349719
12,1.29386,125.777,103.288,0.19699,C,0.184989,0.184763,0.184763,0.185234,0.0470692,1.82768,2.52351,2.17559,0.347913
12,1.29386,126.092,103.288,0.199498,C,0.184889,0.187061,0.187061,0.185137,0.192354,1.85488,2.55293,2.2039,0.349023
12,1.29386,126.409,103.288,0.202007,C,0.184789,0.184857,0.184857,0.18504,0.0182843,1.74688,2.43227,2.08957,0.342695
12,1.29386,126.727,103.288,0.204515,C,0.18469,0.186279,0.186279,0.184944,0.133488,1.74802,2.43281,2.09041,0.342398
12,1.29386,127.045,103.288,0.207023,C,0.184591,0.185377,0.185377,0.184848,0.0529174,1.68128,2.35751,2.01939,0.338115
12,1.29386,127.364,103.288,0.209532,C,0.184492,0.183197,0.183197,0.184752,0.155565,1.5797,2.24256,1.91113,0.331432
12,1.29386,127.684,103.288,0.21204,C,0.184394,0.183063,0.183063,0.184657,0.159383,1.53804,2.1947,1.86637,0.328329
12,1.29386,128.004,103.288,0.214548,C,0.184297,0.181663,0.181663,0.184562,0.28996,1.46246,2.10805,1.78526,0.322798
12,1.29386,128.326,103.288,0.217057,C,0.184199,0.1825,0.1825,0.184468,0.196739,1.44913,2.09205,1.77059,0.321461
12,1.29386,128.648,103.288,0.219565,C,0.184102,0.184998,0.184998,0.184374,0.0623875,1.48095,2.12754,1.80424,0.323297
12,1.29386,128.971,103.288,0.222074,C,0.184006,0.183167,0.183167,0.18428,0.111269,1.39633,2.03005,1.71319,0.316857
12,1.29386,129.295,103.288,0.224582,C,0.18391,0.182749,0.182749,0.184186,0.143738,1.35099,1.97711,1.66405,0.313059
12,1.29386,129.62,103.288,0.22709,C,0.183814,0.182753,0.182753,0.184093,0.13409,1.31747,1.93761,1.62754,0.310069
12,1.29386,129.946,103.288,0.229599,C,0.183719,0.184287,0.184287,0.184001,0.0286784,1.32369,1.94401,1.63385,0.310158
12,1.29386,130.272,103.288,0.232107,C,0.183624,0.183843,0.183843,0.183908,0.00655456,1.27962,1.89214,1.58588,0.30626
12,1.29386,130.599,103.288,0.234615,C,0.18353,0.188104,0.188104,0.183816,0.428723,1.35539,1.9791,1.66724,0.311854
12,1.29386,130.927,103.288,0.237124,C,0.183436,0.187187,0.187187,0.183725,0.34623,1.29934,1.91349,1.60641,0.307075
12,1.29386,131.256,103.288,0.239632,C,0.183342,0.186134,0.186134,0.183633,0.250099,1.24137,1.84526,1.54332,0.301941
12,1.29386,131.586,103.288,0.24214,C,0.183249,0.183636,0.183636,0.183542,0.00938555,1.15042,1.73773,1.44407,0.293655
12,1.29386,131.916,103.288,0.244649,C,0.183156,0.183236,0.183236,0.183452,0.0215981,1.11162,1.69104,1.40133,0.289712
12,1.29386,132.247,103.288,0.247157,C,0.183064,0.181868,0.181868,0.183362,0.149351,1.05168,1.6189,1.33529,0.283606
12,1.29386,132.579,103.288,0.249666,C,0.182972,0.182618,0.182618,0.183272,0.0653888,1.04088,1.60516,1.32302,0.282143
12,1.29386,132.912,103.288,0.252174,C,0.182881,0.184017,0.184017,0.183182,0.0835012,1.0448,1.60907,1.32693,0.282134
12,1.29386,133.246,103.288,0.254682,C,0.182789,0.182488,0.182488,0.183093,0.0604902,0.984045,1.53523,1.25964,0.275593
12,1.29386,133.581,103.288,0.257191,C,0.182699,0.182572,0.182572,0.183004,0.0432413,0.959743,1.50503,1.23239,0.272644
12,1.29386,133.916,103.288,0.259699,C,0.182608,0.181077,0.181077,0.182916,0.183836,0.902876,1.43497,1.16892,0.266048
12,1.29386,134.253,103.288,0.262207,C,0.182518,0.18015,0.18015,0.182827,0.267755,0.859521,1.38092,1.12022,0.260697
12,1.29386,134.59,103.288,0.264716,C,0.182429,0.187171,0.187171,0.18274,0.443103,0.980979,1.52845,1.25471,0.273733
12,1.29386,134.928,103.288,0.267224,C,0.18234,0.182779,0.182779,0.182652,0.0126667,0.864961,1.38604,1.1255,0.26054
12,1.29386,135.267,103.288,0.269732,C,0.182251,0.186644,0.186644,0.182565,0.407943,0.919693,1.45245,1.18607,0.266378
12,1.29386,135.607,103.288,0.272241,C,0.182163,0.181955,0.181955,0.182478,0.0523233,0.802597,1.30716,1.05488,0.252283
12,1.29386,135.947,103.288,0.274749,C,0.182075,0.181374,0.181374,0.182392,0.101814,0.769461,1.26491,1.01719,0.247727
12,1.29386,136.289,103.288,0.277258,C,0.181988,0.183485,0.183485,0.182306,0.117979,0.787568,1.28686,1.03721,0.249644
12,1.29386,136.631,103.288,0.279766,C,0.181901,0.183495,0.183495,0.18222,0.127552,0.766102,1.25917,1.01264,0.246535
12,1.29386,136.974,103.288,0.282274,C,0.181814,0.186422,0.186422,0.182134,0.428746,0.7995,1.3003,1.0499,0.250401
12,1.29386,137.318,103.288,0.284783,C,0.181728,0.182199,0.182199,0.182049,0.0149397,0.701106,1.17535,0.93823,0.237124
12,1.29386,137.663,103.288,0.287291,C,0.181642,0.183637,0.183637,0.181964,0.167253,0.706563,1.18158,0.944069,0.237506
12,1.29386,138.009,103.288,0.289799,C,0.181556,0.183799,0.183799,0.18188,0.191945,0.689611,1.15919,0.924402,0.234791
12,1.29386,138.355,103.288,0.292308,C,0.181471,0.177278,0.177278,0.181796,0.451736,0.56335,0.994174,0.778762,0.215412
12,1.29386,138.703,103.288,0.294816,C,0.181387,0.182138,0.182138,0.181712,0.0425994,0.623698,1.07267,0.848184,0.224486
12,1.29386,139.051,103.288,0.297324,C,0.181302,0.18253,0.18253,0.181629,0.0901846,0.612082,1.0568,0.834443,0.222361
12,1.29386,139.4,103.288,0.299833,C,0.181219,0.179391,0.179391,0.181545,0.21545,0.545561,0.968341,0.756951,0.21139
12,1.29386,139.75,103.288,0.302341,C,0.181135,0.182534,0.182534,0.181463,0.107179,0.577269,1.00968,0.793475,0.216206
12,1.29386,140.101,103.288,0.304849,C,0.181052,0.180332,0.180332,0.18138,0.104839,0.527262,0.942461,0.734862,0.207599
12,1.29386,140.453,103.288,0.307358,C,0.18097,0.180234,0.180234,0.181298,0.106403,0.510095,0.918674,0.714385,0.20429
12,1.29386,140.806,103.288,0.309866,C,0.180888,0.183177,0.183177,0.181216,0.196131,0.537586,0.954907,0.746246,0.208661
12,1.29386,141.16,103.288,0.312375,C,0.180806,0.180546,0.180546,0.181135,0.0588474,0.4842,0.882202,0.683201,0.199001
12,1.29386,141.514,103.288,0.314883,C,0.180724,0.180593,0.180593,0.181053,0.0460791,0.470196,0.862402,0.666299,0.196103
12,1.29386,141.87,103.288,0.317391,C,0.180643,0.179663,0.179663,0.180973,0.130953,0.44351,0.824994,0.634252,0.190742
12,1.29386,142.226,103.288,0.3199,C,0.180563,0.180665,0.180665,0.180892,0.0226623,0.44296,0.823574,0.633267,0.190307
12,1.29386,142.583,103.288,0.322408,C,0.180483,0.178023,0.178023,0.180812,0.27889,0.396032,0.757263,0.576647,0.180616
12,1.29386,142.941,103.288,0.324916,C,0.180403,0.180703,0.180703,0.180732,0.00292851,0.416638,0.785621,0.601129,0.184492
12,1.29386,143.3,103.288,0.327425,C,0.180324,0.179776,0.179776,0.180652,0.0876286,0.392378,0.750809,0.571593,0.179216
12,1.29386,143.66,103.288,0.329933,C,0.180245,0.179992,0.179992,0.180573,0.0581361,0.382652,0.736368,0.55951,0.176858
12,1.29386,144.021,103.288,0.332441,C,0.180166,0.179456,0.179456,0.180494,0.10382,0.364386,0.70962,0.537003,0.172617
12,1.29386,144.383,103.288,0.33495,C,0.180088,0.183393,0.183393,0.180416,0.297775,0.399061,0.758412,0.578736,0.179676
12,1.29386,144.745,103.288,0.337458,C,0.180011,0.178772,0.178772,0.180337,0.156539,0.334036,0.664417,0.499226,0.16519
12,1.29386,145.109,103.288,0.339967,C,0.179933,0.180453,0.180453,0.180259,0.0193493,0.34152,0.674739,0.50813,0.16661
12,1.29386,145.473,103.288,0.342475,C,0.179856,0.181052,0.181052,0.180182,0.0870835,0.337138,0.667766,0.502452,0.165314
12,1.29386,145.839,103.288,0.344983,C,0.17978,0.180132,0.180132,0.180104,0.00272977,0.316662,0.637123,0.476892,0.16023
12,1.29386,146.205,103.288,0.347492,C,0.179704,0.18115,0.18115,0.180027,0.112333,0.31698,0.637022,0.477001,0.160021
12,1.29386,146.572,103.288,0.35,C,0.179628,0.181437,0.181437,0.17995,0.148686,0.309737,0.625736,0.467736,0.158
13,1.39474,69.4105,103.548,-0.4,P,0.217291,0.218374,0.218374,0.217806,0.0567883,0.406562,0.709253,0.557907,0.151345
13,1.39474,69.5849,103.548,-0.397492,P,0.217103,0.221719,0.221719,0.217606,0.411303,0.451681,0.769773,0.610727,0.159046
13,1.39474,69.7596,103.548,-0.394983,P,0.216915,0.215695,0.215695,0.217406,0.171118,0.401984,0.704539,0.553261,0.151277
13,1.39474,69.9348,103.548,-0.392475,P,0.216728,0.216791,0.216791,0.217207,0.0415798,0.424028,0.734679,0.579354,0.155326
13,1.39474,70.1105,103.548,-0.389967,P,0.21654,0.217665,0.217665,0.217008,0.0656666,0.444577,0.762615,0.603596,0.159019
13,1.39474,70.2865,103.548,-0.387458,P,0.216354,0.219215,0.219215,0.21681,0.240493,0.473146,0.800851,0.636998,0.163852
13,1.39474,70.4631,103.548,-0.38495,P,0.216167,0.21501,0.21501,0.216612,0.160271,0.440301,0.758465,0.599383,0.159082
13,1.39474,70.64,103.548,-0.382441,P,0.215981,0.216377,0.216377,0.216415,0.00382604,0.466966,0.794297,0.630631,0.163665
13,1.39474,70.8175,103.548,-0.379933,P,0.215796,0.214536,0.214536,0.216218,0.168245,0.459285,0.784999,0.622142,0.162857
13,1.39474,70.9953,103.548,-0.377425,P,0.215611,0.21284,0.21284,0.216022,0.318224,0.453176,0.777747,0.615461,0.162285
13,1.39474,71.1736,103.548,-0.374916,P,0.215426,0.216552,0.216552,0.215826,0.0725501,0.507262,0.849065,0.678164,0.170902
13,1.39474,71.3524,103.548,-0.372408,P,0.215242,0.216074,0.216074,0.215631,0.0443089,0.51507,0.859953,0.687511,0.172442
13,1.39474,71.5316,103.548,-0.3699,P,0.215057,0.213924,0.213924,0.215436,0.151172,0.503503,0.845822,0.674662,0.17116
13,1.39474,71.7112,103.548,-0.367391,P,0.214874,0.214458,0.214458,0.215242,0.078377,0.523243,0.872125,0.697684,0.174441
13,1.39474,71.8913,103.548,-0.364883,P,0.214691,0.215017,0.215017,0.215048,0.00308871,0.543866,0.899422,0.721644,0.177778
13,1.39474,72.0719,103.548,-0.362375,P,0.214508,0.215356,0.215356,0.214854,0.0501259,0.562354,0.923863,0.743109,0.180754
13,1.39474,72.2529,103.548,-0.359866,P,0.214325,0.213694,0.213694,0.214661,0.0967765,0.556293,0.917,0.736646,0.180353
13,1.39474,72.4344,103.548,-0.357358,P,0.214143,0.212512,0.212512,0.214469,0.19572,0.55617,0.917709,0.736939,0.18077
13,1.39474,72.6163,103.548,-0.354849,P,0.213961,0.211411,0.211411,0.214277,0.286585,0.557068,0.919731,0.738399,0.181332
13,1.39474,72.7987,103.548,-0.352341,P,0.21378,0.213847,0.213847,0.214085,0.0237853,0.603275,0.979187,0.791231,0.187956
13,1.39474,72.9815,103.548,-0.349833,P,0.213599,0.210559,0.210559,0.213894,0.333504,0.576073,0.945692,0.760882,0.184809
13,1.39474,73.1648,103.548,-0.347324,P,0.213418,0.212301,0.212301,0.213704,0.140251,0.614307,0.994885,0.804596,0.190289
13,1.39474,73.3485,103.548,-0.344816,P,0.213238,0.214823,0.214823,0.213514,0.130911,0.664899,1.05902,0.861959,0.19706
13,1.39474,73.5328,103.548,-0.342308,P,0.213058,0.212817,0.212817,0.213324,0.0507503,0.653866,1.04624,0.850051,0.196185
13,1.39474,73.7174,103.548,-0.339799,P,0.212879,0.213182,0.213182,0.213135,0.00474889,0.675909,1.07457,0.875239,0.199331
13,1.39474,73.9026,103.548,-0.337291,P,0.2127,0.211711,0.211711,0.212946,0.123477,0.672305,1.07106,0.871683,0.199378
13,1.39474,74.0882,103.548,-0.334783,P,0.212521,0.210641,0.210641,0.212758,0.211717,0.674371,1.07459,0.874483,0.200112
13,1.39474,74.2743,103.548,-0.332274,P,0.212343,0.212241,0.212241,0.21257,0.0329669,0.715186,1.12597,0.920581,0.205394
13,1.39474,74.4608,103.548,-0.329766,P,0.212165,0.214847,0.214847,0.212383,0.246362,0.77287,1.19751,0.985189,0.212318
13,1.39474,74.6478,103.548,-0.327258,P,0.211987,0.211545,0.211545,0.212196,0.0651952,0.741585,1.16035,0.95097,0.209385
13,1.39474,74.8353,103.548,-0.324749,P,0.21181,0.212461,0.212461,0.21201,0.0450325,0.774579,1.20162,0.988098,0.213519
13,1.39474,75.0232,103.548,-0.322241,P,0.211633,0.215004,0.215004,0.211824,0.317927,0.83453,1.27517,1.05485,0.220319
13,1.39474,75.2117,103.548,-0.319732,P,0.211457,0.211508,0.211508,0.211639,0.013109,0.798913,1.23322,1.01607,0.217153
13,1.39474,75.4005,103.548,-0.317224,P,0.211281,0.208832,0.208832,0.211454,0.262212,0.776538,1.20713,0.991832,0.215294
13,1.39474,75.5899,103.548,-0.314716,P,0.211105,0.208412,0.208412,0.21127,0.285802,0.789717,1.22419,1.00696,0.217239
13,1.39474,75.7798,103.548,-0.312207,P,0.21093,0.210014,0.210014,0.211086,0.107208,0.835945,1.28112,1.05853,0.222588
13,1.39474,75.9701,103.548,-0.309699,P,0.210755,0.210235,0.210235,0.210903,0.0667677,0.860662,1.3119,1.08628,0.225618
13,1.39474,76.1609,103.548,-0.307191,P,0.210581,0.212094,0.212094,0.21072,0.137386,0.913919,1.37658,1.14525,0.231331
13,1.39474,76.3522,103.548,-0.304682,P,0.210407,0.211153,0.211153,0.210537,0.0615556,0.920037,1.38497,1.1525,0.232466
13,1.39474,76.5439,103.548,-0.302174,P,0.210233,0.212626,0.212626,0.210356,0.227076,0.968811,1.44385,1.20633,0.237517
13,1.39474,76.7362,103.548,-0.299666,P,0.21006,0.207054,0.207054,0.210174,0.311961,0.893915,1.35614,1.12503,0.231114
13,1.39474,76.9289,103.548,-0.297157,P,0.209887,0.214839,0.214839,0.209993,0.48461,1.05735,1.55002,1.30369,0.246337
13,1.39474,77.1221,103.548,-0.294649,P,0.209714,0.20779,0.20779,0.209813,0.202214,0.952596,1.42815,1.19037,0.237776
13,1.39474,77.3158,103.548,-0.29214,P,0.209542,0.209031,0.209031,0.209633,0.0601287,0.998971,1.484,1.24148,0.242513
13,1.39474,77.51,103.548,-0.289632,P,0.20937,0.208881,0.208881,0.209453,0.0572252,1.02069,1.51068,1.26569,0.244994
13,1.39474,77.7046,103.548,-0.287124,P,0.209199,0.209656,0.209656,0.209274,0.0382114,1.06038,1.55828,1.30933,0.248952
13,1.39474,77.8998,103.548,-0.284615,P,0.209028,0.210195,0.210195,0.209095,0.109929,1.09651,1.60155,1.34903,0.252519
13,1.39474,78.0954,103.548,-0.282107,P,0.208857,0.212172,0.212172,0.208917,0.32547,1.16203,1.6786,1.42032,0.258285
13,1.39474,78.2916,103.548,-0.279599,P,0.208687,0.208065,0.208065,0.20874,0.0674841,1.10766,1.61695,1.36231,0.254647
13,1.39474,78.4882,103.548,-0.27709,P,0.208517,0.205936,0.205936,0.208563,0.262685,1.09242,1.60051,1.34646,0.254046
13,1.39474,78.6853,103.548,-0.274582,P,0.208347,0.206336,0.206336,0.208386,0.20495,1.12717,1.64207,1.38462,0.257451
13,1.39474,78.8829,103.548,-0.272074,P,0.208178,0.209282,0.209282,0.20821,0.107223,1.21485,1.74435,1.4796,0.264751
13,1.39474,79.0811,103.548,-0.269565,P,0.20801,0.207618,0.207618,0.208034,0.0415958,1.20901,1.73893,1.47397,0.264963
13,1.39474,79.2797,103.548,-0.267057,P,0.207841,0.210552,0.210552,0.207859,0.269341,1.30018,1.84439,1.57229,0.272104
13,1.39474,79.4788,103.548,-0.264548,P,0.207673,0.206206,0.206206,0.207684,0.147763,1.23746,1.77415,1.5058,0.268342
13,1.39474,79.6784,103.548,-0.26204,P,0.207506,0.206149,0.206149,0.20751,0.136113,1.26587,1.80793,1.5369,0.271028
13,1.39474,79.8785,103.548,-0.259532,P,0.207338,0.208615,0.208615,0.207336,0.127863,1.35001,1.90489,1.62745,0.277442
13,1.39474,80.0791,103.548,-0.257023,P,0.207172,0.208299,0.208299,0.207163,0.113634,1.37451,1.93395,1.65423,0.27972
13,1.39474,80.2802,103.548,-0.254515,P,0.207005,0.206962,0.206962,0.20699,0.00281869,1.37647,1.93752,1.65699,0.280524
13,1.39474,80.4819,103.548,-0.252007,P,0.206839,0.206357,0.206357,0.206817,0.0460353,1.39503,1.95984,1.67743,0.282404
13,1.39474,80.684,103.548,-0.249498,P,0.206673,0.206616,0.206616,0.206646,0.00293411,1.43367,2.00474,1.71921,0.285531
13,1.39474,80.8866,103.548,-0.24699,P,0.206508,0.206274,0.206274,0.206474,0.0200316,1.45912,2.03471,1.74692,0.287794
13,1.39474,81.0898,103.548,-0.244482,P,0.206343,0.206995,0.206995,0.206303,0.0691456,1.51006,2.09315,1.80161,0.291549
13,1.39474,81.2934,103.548,-0.241973,P,0.206179,0.206924,0.206924,0.206133,0.0791079,1.54317,2.13153,1.83735,0.294181
13,1.39474,81.4976,103.548,-0.239465,P,0.206014,0.204001,0.204001,0.205963,0.19615,1.50837,2.0941,1.80124,0.292868
13,1.39474,81.7023,103.548,-0.236957,P,0.205851,0.206852,0.206852,0.205793,0.105874,1.61294,2.21199,1.91247,0.299525
13,1.39474,81.9075,103.548,-0.234448,P,0.205687,0.206077,0.206077,0.205624,0.0452842,1.63049,2.23289,1.93169,0.301201
13,1.39474,82.1132,103.548,-0.23194,P,0.205524,0.207498,0.207498,0.205456,0.204182,1.70338,2.31494,2.00916,0.305778
13,1.39474,82.3194,103.548,-0.229431,P,0.205362,0.202247,0.202247,0.205288,0.304057,1.6094,2.21244,1.91092,0.301517
13,1.39474,82.5262,103.548,-0.226923,P,0.205199,0.205351,0.205351,0.20512,0.0231256,1.72554,2.34229,2.03391,0.308373
13,1.39474,82.7334,103.548,-0.224415,P,0.205038,0.20923,0.20923,0.204953,0.427696,1.86594,2.49779,2.18187,0.315928
13,1.39474,82.9412,103.548,-0.221906,P,0.204876,0.204341,0.204341,0.204786,0.0444933,1.77797,2.40291,2.09044,0.312472
13,1.39474,83.1495,103.548,-0.219398,P,0.204715,0.204421,0.204421,0.20462,0.0199506,1.82024,2.45076,2.1355,0.315262
13,1.39474,83.3584,103.548,-0.21689,P,0.204554,0.207784,0.207784,0.204454,0.332993,1.95173,2.59577,2.27375,0.322023
13,1.39474,83.5677,103.548,-0.214381,P,0.204394,0.201995,0.201995,0.204289,0.229397,1.83765,2.47286,2.15526,0.317605
13,1.39474,83.7776,103.548,-0.211873,P,0.204234,0.204199,0.204199,0.204124,0.00745289,1.93922,2.58519,2.2622,0.322983
13,1.39474,83.988,103.548,-0.209365,P,0.204075,0.201525,0.201525,0.20396,0.243471,1.90888,2.55369,2.23128,0.322409
13,1.39474,84.1989,103.548,-0.206856,P,0.203915,0.203258,0.203258,0.203796,0.0537732,1.99999,2.65428,2.32713,0.327143
13,1.39474,84.4104,103.548,-0.204348,P,0.203757,0.201904,0.201904,0.203633,0.172912,2.00631,2.66269,2.3345,0.328188
13,1.39474,84.6224,103.548,-0.201839,P,0.203598,0.202705,0.202705,0.20347,0.0764591,2.07378,2.73727,2.40552,0.331745
13,1.39474,84.8349,103.548,-0.199331,P,0.20344,0.203989,0.203989,0.203307,0.0681495,2.15654,2.82809,2.49231,0.335778
13,1.39474,85.048,103.548,-0.196823,P,0.203282,0.203839,0.203839,0.203146,0.069309,2.19914,2.87548,2.53731,0.338172
13,1.39474,85.2616,103.548,-0.194314,P,0.203125,0.201903,0.201903,0.202984,0.108097,2.19,2.86724,2.52862,0.338619
13,1.39474,85.4757,103.548,-0.191806,P,0.202968,0.202142,0.202142,0.202823,0.068074,2.24506,2.92793,2.58649,0.341436
13,1.39474,85.6904,103.548,-0.189298,P,0.202812,0.203675,0.203675,0.202662,0.101302,2.33999,3.03112,2.68556,0.345566
13,1.39474,85.9056,103.548,-0.186789,P,0.202656,0.204438,0.204438,0.202502,0.193599,2.41346,3.11109,2.76227,0.348815
13,1.39474,86.1214,103.548,-0.184281,P,0.2025,0.20517,0.20517,0.202343,0.282758,2.48736,3.1913,2.83933,0.351973
13,1.39474,86.3377,103.548,-0.181773,P,0.202345,0.201927,0.201927,0.202184,0.0256727,2.43903,3.1415,2.79027,0.351233
13,1.39474,86.5545,103.548,-0.179264,P,0.20219,0.207101,0.207101,0.202025,0.507587,2.65407,3.37114,3.01261,0.358537
13,1.39474,86.7719,103.548,-0.176756,P,0.202035,0.201187,0.201187,0.201867,0.0679314,2.52113,3.23194,2.87654,0.355405
13,1.39474,86.9898,103.548,-0.174247,P,0.201881,0.2026,0.2026,0.201709,0.0890672,2.61989,3.33815,2.97902,0.359131
13,1.39474,87.2083,103.548,-0.171739,P,0.201727,0.201904,0.201904,0.201552,0.0352178,2.65263,3.37436,3.0135,0.360865
13,1.39474,87.4273,103.548,-0.169231,P,0.201574,0.199784,0.199784,0.201395,0.1611,2.63984,3.36247,3.00116,0.361313
13,1.39474,87.6469,103.548,-0.166722,P,0.201421,0.201765,0.201765,0.201238,0.0526687,2.76067,3.49151,3.12609,0.365416
13,1.39474,87.867,103.548,-0.164214,P,0.201268,0.20217,0.20217,0.201083,0.108764,2.83172,3.56783,3.19978,0.368055
13,1.39474,88.0877,103.548,-0.161706,P,0.201116,0.203006,0.203006,0.200927,0.207926,2.91841,3.6604,3.28941,0.370995
13,1.39474,88.3089,103.548,-0.159197,P,0.200964,0.203144,0.203144,0.200772,0.237225,2.983,3.72963,3.35631,0.373317
13,1.39474,88.5307,103.548,-0.156689,P,0.200812,0.201879,0.201879,0.200618,0.126158,3.00081,3.74985,3.37533,0.37452
13,1.39474,88.7531,103.548,-0.154181,P,0.200661,0.199161,0.199161,0.200464,0.130258,2.9693,3.7185,3.3439,0.374599
13,1.39474,88.976,103.548,-0.151672,P,0.20051,0.199603,0.199603,0.20031,0.0707526,3.04614,3.80042,3.42328,0.377139
13,1.39474,89.1994,103.548,-0.149164,P,0.20036,0.200461,0.200461,0.200157,0.0303644,3.13876,3.89862,3.51869,0.379929
13,1.39474,89.4235,103.548,-0.146656,P,0.20021,0.200763,0.200763,0.200004,0.0759205,3.21344,3.97795,3.59569,0.382253
13,1.39474,89.6481,103.548,-0.144147,P,0.20006,0.198761,0.198761,0.199852,0.109118,3.20773,3.9736,3.59066,0.382934
13,1.39474,89.8732,103.548,-0.141639,P,0.199911,0.199582,0.199582,0.1997,0.0117812,3.30256,4.07369,3.68813,0.385569
13,1.39474,90.0989,103.548,-0.13913,P,0.199762,0.198184,0.198184,0.199549,0.136511,3.31915,4.0925,3.70583,0.386673
13,1.39474,90.3252,103.548,-0.136622,P,0.199614,0.197115,0.197115,0.199398,0.228269,3.34801,4.124,3.736,0.387998
13,1.39474,90.5521,103.548,-0.134114,P,0.199466,0.200561,0.200561,0.199248,0.131355,3.54199,4.32625,3.93412,0.392131
13,1.39474,90.7795,103.548,-0.131605,P,0.199318,0.198257,0.198257,0.199098,0.0841196,3.52735,4.31267,3.92001,0.392664
13,1.39474,91.0075,103.548,-0.129097,P,0.199171,0.199567,0.199567,0.198948,0.0618671,3.64662,4.43726,4.04194,0.395323
13,1.39474,91.236,103.548,-0.126589,P,0.199024,0.198889,0.198889,0.198799,0.00897867,3.69338,4.48696,4.09017,0.396789
13,1.39474,91.4652,103.548,-0.12408,P,0.198877,0.199139,0.199139,0.198651,0.0488391,3.77581,4.57328,4.17455,0.398738
13,1.39474,91.6949,103.548,-0.121572,P,0.198731,0.197758,0.197758,0.198503,0.0744339,3.79761,4.5972,4.1974,0.399794
13,1.39474,91.9252,103.548,-0.119064,P,0.198585,0.1997,0.1997,0.198355,0.134531,3.94675,4.75178,4.34926,0.402513
13,1.39474,92.1561,103.548,-0.116555,P,0.19844,0.198362,0.198362,0.198208,0.0153939,3.97174,4.77885,4.3753,0.403557
13,1.39474,92.3875,103.548,-0.114047,P,0.198295,0.199072,0.199072,0.198061,0.101052,4.07658,4.88767,4.48213,0.405544
13,1.39474,92.6195,103.548,-0.111538,P,0.19815,0.197536,0.197536,0.197915,0.0378487,4.0953,4.90825,4.50177,0.406476
13,1.39474,92.8522,103.548,-0.10903,P,0.198006,0.199105,0.199105,0.197769,0.133635,4.23634,5.0538,4.64507,0.408728
13,1.39474,93.0854,103.548,-0.106522,P,0.197862,0.198431,0.198431,0.197623,0.0808035,4.29061,5.11057,4.70059,0.40998
13,1.39474,93.3191,103.548,-0.104013,P,0.197719,0.198554,0.198554,0.197478,0.107579,4.37744,5.20047,4.78895,0.411515
13,1.39474,93.5535,103.548,-0.101505,P,0.197575,0.196844,0.196844,0.197334,0.0490131,4.39204,5.21669,4.80437,0.412327
13,1.39474,93.7885,103.548,-0.0989967,P,0.197433,0.201282,0.201282,0.19719,0.409243,4.65515,5.4857,5.07043,0.415275
13,1.39474,94.024,103.548,-0.0964883,P,0.19729,0.197091,0.197091,0.197046,0.00451707,4.57103,5.40147,4.98625,0.415221
13,1.39474,94.2602,103.548,-0.0939799,P,0.197148,0.200124,0.200124,0.196903,0.322101,4.7813,5.61629,5.1988,0.417491
13,1.39474,94.4969,103.548,-0.0914716,P,0.197007,0.196178,0.196178,0.19676,0.0582135,4.70745,5.54257,5.12501,0.417559
13,1.39474,94.7342,103.548,-0.0889632,P,0.196866,0.195942,0.195942,0.196618,0.0675722,4.78627,5.62375,5.20501,0.418743
13,1.39474,94.9722,103.548,-0.0864548,P,0.196725,0.198181,0.198181,0.196476,0.170439,4.96897,5.81007,5.38952,0.420549
13,1.39474,95.2107,103.548,-0.0839465,P,0.196584,0.194029,0.194029,0.196335,0.230573,4.88716,5.72839,5.30778,0.420614
13,1.39474,95.4498,103.548,-0.0814381,P,0.196444,0.196363,0.196363,0.196194,0.0169301,5.07686,5.9215,5.49918,0.422321
13,1.39474,95.6895,103.548,-0.0789298,P,0.196305,0.196426,0.196426,0.196053,0.0372529,5.17309,6.01986,5.59648,0.423388
13,1.39474,95.9299,103.548,-0.0764214,P,0.196165,0.199104,0.199104,0.195913,0.319074,5.3817,6.23156,5.80663,0.424932
13,1.39474,96.1708,103.548,-0.073913,P,0.196026,0.196055,0.196055,0.195774,0.0281437,5.34827,6.19881,5.77354,0.425273
13,1.39474,96.4123,103.548,-0.0714047,P,0.195888,0.195049,0.195049,0.195634,0.0585466,5.40249,6.25449,5.82849,0.425999
13,1.39474,96.6545,103.548,-0.0688963,P,0.19575,0.195567,0.195567,0.195496,0.00708522,5.52319,6.37711,5.95015,0.426956
13,1.39474,96.8972,103.548,-0.066388,P,0.195612,0.196867,0.196867,0.195357,0.150924,5.6793,6.53523,6.10726,0.427964
13,1.39474,97.1406,103.548,-0.0638796,P,0.195475,0.192775,0.192775,0.19522,0.244452,5.60287,6.45912,6.03099,0.428128
13,1.39474,97.3845,103.548,-0.0613712,P,0.195338,0.197104,0.197104,0.195082,0.202196,5.89379,6.75265,6.32322,0.429427
13,1.39474,97.6291,103.548,-0.0588629,P,0.195201,0.19334,0.19334,0.194945,0.160483,5.83279,6.69205,6.26242,0.42963
13,1.39474,97.8743,103.548,-0.0563545,P,0.195065,0.194314,0.194314,0.194808,0.0494864,5.98035,6.84107,6.41071,0.430363
13,1.39474,98.1201,103.548,-0.0538462,P,0.194929,0.194854,0.194854,0.194672,0.0181645,6.11048,6.97243,6.54145,0.430976
13,1.39474,98.3666,103.548,-0.0513378,P,0.194794,0.192002,0.192002,0.194537,0.253497,6.09154,6.95402,6.52278,0.43124
13,1.39474,98.6136,103.548,-0.0488294,P,0.194659,0.198017,0.198017,0.194401,0.361611,6.46827,7.33257,6.90042,0.432147
13,1.39474,98.8613,103.548,-0.0463211,P,0.194524,0.195714,0.195714,0.194267,0.144705,6.47608,7.34084,6.90846,0.432378
13,1.39474,99.1096,103.548,-0.0438127,P,0.19439,0.190797,0.190797,0.194132,0.333493,6.36727,7.23216,6.79972,0.432448
13,1.39474,99.3585,103.548,-0.0413043,P,0.194256,0.195385,0.195385,0.193998,0.138716,6.68651,7.55247,7.11949,0.432979
13,1.39474,99.608,103.548,-0.038796,P,0.194122,0.194697,0.194697,0.193865,0.0832518,6.77002,7.63639,7.20321,0.433185
13,1.39474,99.8582,103.548,-0.0362876,P,0.193989,0.193846,0.193846,0.193731,0.0114921,6.84736,7.71404,7.2807,0.433342
13,1.39474,100.109,103.548,-0.0337793,P,0.193856,0.194931,0.194931,0.193599,0.133226,7.01392,7.88091,7.44741,0.433495
13,1.39474,100.36,103.548,-0.0312709,P,0.193724,0.193478,0.193478,0.193467,0.0011243,7.06636,7.93345,7.49991,0.433546
13,1.39474,100.612,103.548,-0.0287625,P,0.193592,0.192849,0.192849,0.193335,0.0486045,7.15756,8.02469,7.59113,0.433566
13,1.39474,100.865,103.548,-0.0262542,P,0.19346,0.19364,0.19364,0.193203,0.0437103,7.31524,8.18231,7.74878,0.433538
13,1.39474,101.118,103.548,-0.0237458,P,0.193329,0.193743,0.193743,0.193072,0.0671114,7.44285,8.30975,7.8763,0.43345
13,1.39474,101.372,103.548,-0.0212375,P,0.193198,0.191976,0.191976,0.192942,0.0965246,7.48568,8.35233,7.91901,0.433323
13,1.39474,101.627,103.548,-0.0187291,P,0.193067,0.193073,0.193073,0.192812,0.0261684,7.66197,8.5282,8.09509,0.433117
13,1.39474,101.882,103.548,-0.0162207,P,0.192937,0.191998,0.191998,0.192682,0.0683982,7.7393,8.60507,8.17218,0.432884
13,1.39474,102.138,103.548,-0.0137124,P,0.192808,0.192294,0.192294,0.192553,0.0258388,7.88157,8.74672,8.31414,0.432575
13,1.39474,102.395,103.548,-0.011204,P,0.192678,0.195467,0.195467,0.192424,0.3043,8.15914,9.02342,8.59128,0.432139
13,1.39474,102.652,103.548,-0.00869565,P,0.192549,0.190991,0.190991,0.192295,0.130391,8.08235,8.94601,8.51418,0.431832
13,1.39474,102.91,103.548,-0.00618729,P,0.192421,0.196662,0.196662,0.192167,0.449466,8.47987,9.34229,8.91108,0.431207
13,1.39474,103.168,103.548,-0.00367893,P,0.192293,0.192955,0.192955,0.19204,0.091548,8.44138,9.30294,8.87216,0.430782
13,1.39474,103.427,103.548,-0.00117057,P,0.192165,0.192641,0.192641,0.191912,0.0728313,8.56265,9.42307,8.99286,0.430209
13,1.39474,103.687,103.548,0.00133779,C,0.192037,0.190483,0.190483,0.191786,0.130209,8.46388,9.32565,8.89476,0.430887
13,1.39474,103.947,103.548,0.00384615,C,0.19191,0.190982,0.190982,0.191659,0.0676864,8.37229,9.23736,8.80483,0.432535
13,1.39474,104.208,103.548,0.00635452,C,0.191784,0.191314,0.191314,0.191533,0.0219261,8.27378,9.14206,8.70792,0.434137
13,1.39474,104.47,103.548,0.00886288,C,0.191657,0.190144,0.190144,0.191408,0.126361,8.10559,8.97704,8.54131,0.435727
13,1.39474,104.733,103.548,0.0113712,C,0.191531,0.194337,0.194337,0.191283,0.30549,8.1905,9.06477,8.62764,0.437135
13,1.39474,104.996,103.548,0.0138796,C,0.191406,0.188417,0.188417,0.191158,0.274122,7.80046,8.6779,8.23918,0.438722
13,1.39474,105.259,103.548,0.016388,C,0.191281,0.190712,0.190712,0.191034,0.0321246,7.79798,8.67813,8.23806,0.440078
13,1.39474,105.524,103.548,0.0188963,C,0.191156,0.190146,0.190146,0.19091,0.0763798,7.66165,8.54451,8.10308,0.441433
13,1.39474,105.789,103.548,0.0214047,C,0.191032,0.190433,0.190433,0.190786,0.0353285,7.56642,8.45186,8.00914,0.442723
13,1.39474,106.054,103.548,0.023913,C,0.190908,0.188352,0.188352,0.190663,0.231114,7.36053,8.24846,7.80449,0.443966
13,1.39474,106.321,103.548,0.0264214,C,0.190784,0.190485,0.190485,0.19054,0.00558916,7.35406,8.24435,7.79921,0.445144
13,1.39474,106.588,103.548,0.0289298,C,0.190661,0.189353,0.189353,0.190418,0.106474,7.19477,8.08729,7.64103,0.446261
13,1.39474,106.855,103.548,0.0314381,C,0.190538,0.187054,0.187054,0.190296,0.32427,6.98142,7.87598,7.4287,0.447282
13,1.39474,107.124,103.548,0.0339465,C,0.190416,0.189679,0.189679,0.190175,0.0496102,7.00081,7.89748,7.44915,0.448339
13,1.39474,107.393,103.548,0.0364548,C,0.190294,0.19099,0.19099,0.190054,0.0935799,6.95918,7.85785,7.40852,0.449333
13,1.39474,107.663,103.548,0.0389632,C,0.190172,0.187703,0.187703,0.189933,0.223053,6.7024,7.60259,7.1525,0.450098
13,1.39474,107.933,103.548,0.0414716,C,0.190051,0.188738,0.188738,0.189813,0.107497,6.64966,7.5516,7.10063,0.450971
13,1.39474,108.204,103.548,0.0439799,C,0.18993,0.19031,0.19031,0.189693,0.0616474,6.6229,7.52658,7.07474,0.451837
13,1.39474,108.476,103.548,0.0464883,C,0.189809,0.187818,0.187818,0.189574,0.175529,6.4067,7.31145,6.85907,0.452377
13,1.39474,108.748,103.548,0.0489967,C,0.189689,0.188287,0.188287,0.189455,0.116744,6.33011,7.23622,6.78317,0.453057
13,1.39474,109.021,103.548,0.051505,C,0.189569,0.186303,0.186303,0.189336,0.303293,6.13996,7.04684,6.5934,0.453437
13,1.39474,109.295,103.548,0.0540134,C,0.18945,0.190603,0.190603,0.189218,0.138558,6.24381,7.15265,6.69823,0.45442
13,1.39474,109.57,103.548,0.0565217,C,0.189331,0.188152,0.188152,0.1891,0.0948266,6.03388,6.9431,6.48849,0.45461
13,1.39474,109.845,103.548,0.0590301,C,0.189212,0.190623,0.190623,0.188982,0.164017,6.05384,6.96454,6.50919,0.455352
13,1.39474,110.121,103.548,0.0615385,C,0.189094,0.189514,0.189514,0.188865,0.0649035,5.90845,6.81957,6.36401,0.455561
13,1.39474,110.397,103.548,0.0640468,C,0.188976,0.187891,0.187891,0.188749,0.0857335,5.74046,6.65162,6.19604,0.455583
13,1.39474,110.675,103.548,0.0665552,C,0.188859,0.189567,0.189567,0.188633,0.0934402,5.7258,6.63802,6.18191,0.456109
13,1.39474,110.952,103.548,0.0690635,C,0.188742,0.187545,0.187545,0.188517,0.097194,5.54171,6.45346,5.99759,0.455877
13,1.39474,111.231,103.548,0.0715719,C,0.188625,0.188674,0.188674,0.188401,0.0272457,5.50351,6.41594,5.95972,0.456213
13,1.39474,111.511,103.548,0.0740803,C,0.188508,0.189723,0.189723,0.188286,0.143689,5.46236,6.37537,5.91886,0.456505
13,1.39474,111.791,103.548,0.0765886,C,0.188393,0.187024,0.187024,0.188171,0.11479,5.25099,6.16261,5.7068,0.455809
13,1.39474,112.071,103.548,0.079097,C,0.188277,0.187228,0.187228,0.188057,0.0828617,5.17327,6.08478,5.62903,0.455757
13,1.39474,112.353,103.548,0.0816054,C,0.188162,0.186906,0.186906,0.187943,0.103699,5.07259,5.98357,5.52808,0.455491
13,1.39474,112.635,103.548,0.0841137,C,0.188047,0.186657,0.186657,0.18783,0.117272,4.97625,5.8866,5.43142,0.455173
13,1.39474,112.918,103.548,0.0866221,C,0.187933,0.18549,0.18549,0.187717,0.222651,4.83978,5.7487,5.29424,0.454459
13,1.39474,113.201,103.548,0.0891304,C,0.187819,0.187963,0.187963,0.187604,0.0358818,4.86739,5.77735,5.32237,0.454984
13,1.39474,113.486,103.548,0.0916388,C,0.187705,0.188518,0.188518,0.187491,0.102626,4.8097,5.7193,5.2645,0.454799
13,1.39474,113.771,103.548,0.0941472,C,0.187592,0.187343,0.187343,0.187379,0.00361181,4.67592,5.58367,5.1298,0.453875
13,1.39474,114.057,103.548,0.0966555,C,0.187479,0.188288,0.188289,0.187268,0.102065,4.63726,5.54476,5.09101,0.45375
13,1.39474,114.343,103.548,0.0991639,C,0.187366,0.186809,0.186809,0.187157,0.0347849,4.49241,5.39742,4.94491,0.452503
13,1.39474,114.63,103.548,0.101672,C,0.187254,0.189059,0.189059,0.187046,0.20128,4.51256,5.41839,4.96547,0.452913
13,1.39474,114.918,103.548,0.104181,C,0.187142,0.187483,0.187483,0.186935,0.0547424,4.36576,5.26866,4.81721,0.451453
13,1.39474,115.207,103.548,0.106689,C,0.187031,0.187627,0.187627,0.186825,0.0801843,4.29526,5.19678,4.74602,0.450761
13,1.39474,115.496,103.548,0.109197,C,0.18692,0.188643,0.188643,0.186716,0.19278,4.26333,5.16432,4.71383,0.450496
13,1.39474,115.786,103.548,0.111706,C,0.186809,0.186437,0.186437,0.186606,0.016936,4.09335,4.99006,4.54171,0.448352
13,1.39474,116.077,103.548,0.114214,C,0.186699,0.19074,0.19074,0.186497,0.424244,4.20384,5.10376,4.6538,0.449958
13,1.39474,116.368,103.548,0.116722,C,0.186589,0.185724,0.185724,0.186389,0.0664281,3.91656,4.80832,4.36244,0.445881
13,1.39474,116.661,103.548,0.119231,C,0.18648,0.184373,0.184373,0.186281,0.190713,3.78796,4.67564,4.2318,0.443839
13,1.39474,116.954,103.548,0.121739,C,0.186371,0.185152,0.185152,0.186173,0.102066,3.75004,4.63643,4.19323,0.443193
13,1.39474,117.247,103.548,0.124247,C,0.186262,0.187813,0.187813,0.186065,0.17481,3.79129,4.67908,4.23519,0.443896
13,1.39474,117.542,103.548,0.126756,C,0.186154,0.186189,0.186189,0.185958,0.0231226,3.65438,4.53728,4.09583,0.441449
13,1.39474,117.837,103.548,0.129264,C,0.186046,0.187245,0.187245,0.185852,0.139303,3.62968,4.51158,4.07063,0.440952
13,1.39474,118.133,103.548,0.131773,C,0.185938,0.182822,0.182822,0.185745,0.292304,3.38165,4.25345,3.81755,0.4359
13,1.39474,118.43,103.548,0.134281,C,0.185831,0.189478,0.189478,0.185639,0.383908,3.58667,4.46674,4.02671,0.440039
13,1.39474,118.727,103.548,0.136789,C,0.185725,0.186816,0.186816,0.185534,0.128203,3.41229,4.28501,3.84865,0.436362
13,1.39474,119.025,103.548,0.139298,C,0.185618,0.181954,0.181954,0.185429,0.347485,3.15345,4.01401,3.58373,0.430277
13,1.39474,119.324,103.548,0.141806,C,0.185512,0.185274,0.185274,0.185324,0.0049921,3.22223,4.08582,3.65403,0.431798
13,1.39474,119.624,103.548,0.144314,C,0.185407,0.185911,0.185911,0.185219,0.0691472,3.18478,4.04627,3.61553,0.430743
13,1.39474,119.924,103.548,0.146823,C,0.185301,0.182162,0.182162,0.185115,0.295318,2.97668,3.82696,3.40182,0.425142
13,1.39474,120.226,103.548,0.149331,C,0.185196,0.187381,0.187381,0.185011,0.236994,3.11924,3.9768,3.54802,0.428782
13,1.39474,120.528,103.548,0.151839,C,0.185092,0.185537,0.185537,0.184908,0.062931,2.98731,3.83741,3.41236,0.425051
13,1.39474,120.83,103.548,0.154348,C,0.184988,0.183676,0.183676,0.184805,0.112916,2.85708,3.69924,3.27816,0.42108
13,1.39474,121.134,103.548,0.156856,C,0.184884,0.185257,0.185257,0.184702,0.0555175,2.85919,3.70105,3.28012,0.420928
13,1.39474,121.438,103.548,0.159365,C,0.184781,0.185736,0.185736,0.1846,0.113651,2.81986,3.65887,3.23936,0.419508
13,1.39474,121.743,103.548,0.161873,C,0.184678,0.183537,0.183537,0.184498,0.0961055,2.68127,3.51088,3.09607,0.414805
13,1.39474,122.049,103.548,0.164381,C,0.184575,0.185203,0.185203,0.184396,0.0806364,2.68757,3.51711,3.10234,0.414768
13,1.39474,122.355,103.548,0.16689,C,0.184473,0.181821,0.181821,0.184295,0.247412,2.50948,3.32593,2.9177,0.408222
13,1.39474,122.662,103.548,0.169398,C,0.184371,0.18233,0.18233,0.184194,0.186392,2.47487,3.28814,2.88151,0.406635
13,1.39474,122.971,103.548,0.171906,C,0.18427,0.182216,0.182216,0.184094,0.187762,2.41857,3.2269,2.82273,0.404165
13,1.39474,123.279,103.548,0.174415,C,0.184169,0.18608,0.18608,0.183994,0.208645,2.50458,3.31896,2.91177,0.407194
13,1.39474,123.589,103.548,0.176923,C,0.184068,0.181019,0.181019,0.183894,0.287447,2.27495,3.07023,2.67259,0.397642
13,1.39474,123.899,103.548,0.179431,C,0.183968,0.182048,0.182048,0.183794,0.174619,2.2611,3.05452,2.65781,0.396713
13,1.39474,124.211,103.548,0.18194,C,0.183868,0.184795,0.184795,0.183695,0.110013,2.30683,3.10356,2.7052,0.398362
13,1.39474,124.523,103.548,0.184448,C,0.183769,0.182538,0.182538,0.183596,0.105878,2.18075,2.96567,2.57321,0.392461
13,1.39474,124.835,103.548,0.186957,C,0.18367,0.185581,0.185581,0.183498,0.208246,2.23633,3.02563,2.63098,0.394653
13,1.39474,125.149,103.548,0.189465,C,0.183571,0.18039,0.18039,0.1834,0.300965,2.0156,2.78318,2.39939,0.383791
13,1.39474,125.463,103.548,0.191973,C,0.183472,0.186536,0.186536,0.183302,0.323408,2.17371,2.95601,2.56486,0.391149
13,1.39474,125.778,103.548,0.194482,C,0.183374,0.183688,0.183688,0.183205,0.0483268,2.03322,2.80114,2.41718,0.383961
13,1.39474,126.094,103.548,0.19699,C,0.183277,0.183512,0.183512,0.183108,0.0403837,1.98275,2.74475,2.36375,0.381003
13,1.39474,126.411,103.548,0.199498,C,0.18318,0.182462,0.182462,0.183011,0.0548903,1.90529,2.65825,2.28177,0.376477
13,1.39474,126.728,103.548,0.202007,C,0.183083,0.180129,0.180129,0.182915,0.278601,1.78949,2.52848,2.15899,0.36949
13,1.39474,127.047,103.548,0.204515,C,0.182986,0.182478,0.182478,0.182819,0.034057,1.8209,2.56279,2.19185,0.370944
13,1.39474,127.366,103.548,0.207023,C,0.18289,0.181341,0.181341,0.182723,0.138197,1.74468,2.47669,2.11068,0.366004
13,1.39474,127.686,103.548,0.209532,C,0.182795,0.1815,0.1815,0.182628,0.112794,1.70927,2.4361,2.07268,0.363414
13,1.39474,128.006,103.548,0.21204,C,0.182699,0.183307,0.183307,0.182533,0.0774111,1.72403,2.45193,2.08798,0.363948
13,1.39474,128.328,103.548,0.214548,C,0.182605,0.185281,0.185281,0.182439,0.284253,1.74388,2.47349,2.10868,0.364806
13,1.39474,128.65,103.548,0.217057,C,0.18251,0.183304,0.183304,0.182344,0.0959312,1.64567,2.36195,2.00381,0.358138
13,1.39474,128.973,103.548,0.219565,C,0.182416,0.179221,0.179221,0.18225,0.302907,1.49025,2.18412,1.83719,0.346937
13,1.39474,129.297,103.548,0.222074,C,0.182322,0.182539,0.182539,0.182157,0.0382412,1.54826,2.24964,1.89895,0.350691
13,1.39474,129.622,103.548,0.224582,C,0.182229,0.181887,0.181887,0.182064,0.0176962,1.49341,2.18609,1.83975,0.346336
13,1.39474,129.947,103.548,0.22709,C,0.182136,0.180821,0.180821,0.181971,0.114992,1.42839,2.11047,1.76943,0.341039
13,1.39474,130.274,103.548,0.229599,C,0.182043,0.182952,0.182952,0.181878,0.107405,1.45238,2.13731,1.79485,0.342462
13,1.39474,130.601,103.548,0.232107,C,0.181951,0.183889,0.183889,0.181786,0.210286,1.44346,2.12622,1.78484,0.34138
13,1.39474,130.929,103.548,0.234615,C,0.181859,0.180617,0.180617,0.181694,0.107719,1.32157,1.98402,1.65279,0.331227
13,1.39474,131.258,103.548,0.237124,C,0.181768,0.180331,0.180331,0.181602,0.12714,1.28168,1.93654,1.60911,0.327426
13,1.39474,131.587,103.548,0.239632,C,0.181676,0.183552,0.183552,0.181511,0.204038,1.33371,1.99654,1.66512,0.331414
13,1.39474,131.918,103.548,0.24214,C,0.181586,0.180336,0.180336,0.18142,0.108403,1.21904,1.86114,1.54009,0.321052
13,1.39474,132.249,103.548,0.244649,C,0.181495,0.182378,0.182378,0.18133,0.104821,1.23994,1.88496,1.56245,0.322514
13,1.39474,132.581,103.548,0.247157,C,0.181406,0.179681,0.179681,0.181239,0.155885,1.14267,1.76882,1.45575,0.313076
13,1.39474,132.914,103.548,0.249666,C,0.181316,0.182721,0.182721,0.181149,0.157108,1.18785,1.82173,1.50479,0.316938
13,1.39474,133.248,103.548,0.252174,C,0.181227,0.181345,0.181345,0.18106,0.0285608,1.12503,1.74606,1.43555,0.310518
13,1.39474,133.583,103.548,0.254682,C,0.181138,0.178957,0.178957,0.180971,0.201341,1.04058,1.64364,1.34211,0.301531
13,1.39474,133.918,103.548,0.257191,C,0.18105,0.181066,0.181066,0.180882,0.0184127,1.06223,1.66896,1.3656,0.303364
13,1.39474,134.255,103.548,0.259699,C,0.180962,0.182256,0.182256,0.180793,0.146304,1.06255,1.66852,1.36553,0.302985
13,1.39474,134.592,103.548,0.262207,C,0.180874,0.181769,0.181769,0.180705,0.106393,1.0244,1.62151,1.32295,0.298558
13,1.39474,134.93,103.548,0.264716,C,0.180787,0.178906,0.178906,0.180617,0.171114,0.934845,1.51121,1.22303,0.288183
13,1.39474,135.269,103.548,0.267224,C,0.1807,0.180834,0.180834,0.180529,0.0305322,0.951823,1.53125,1.24154,0.289715
13,1.39474,135.608,103.548,0.269732,C,0.180613,0.183551,0.183551,0.180442,0.31088,0.986221,1.57259,1.2794,0.293183
13,1.39474,135.949,103.548,0.272241,C,0.180527,0.179441,0.179441,0.180355,0.0913452,0.87331,1.43251,1.15291,0.279599
13,1.39474,136.29,103.548,0.274749,C,0.180441,0.180954,0.180954,0.180268,0.0685521,0.881229,1.44155,1.16139,0.280158
13,1.39474,136.633,103.548,0.277258,C,0.180356,0.179674,0.179674,0.180182,0.0507735,0.831806,1.37896,1.10538,0.273577
13,1.39474,136.976,103.548,0.279766,C,0.180271,0.181143,0.181143,0.180096,0.104745,0.838848,1.38699,1.11292,0.274071
13,1.39474,137.32,103.548,0.282274,C,0.180187,0.180643,0.180643,0.18001,0.0633505,0.806524,1.34551,1.07602,0.269491
13,1.39474,137.665,103.548,0.284783,C,0.180102,0.178154,0.178154,0.179924,0.177059,0.737103,1.25639,0.996748,0.259645
13,1.39474,138.01,103.548,0.287291,C,0.180019,0.179852,0.179852,0.179839,0.00126278,0.748448,1.27012,1.00928,0.260833
13,1.39474,138.357,103.548,0.289799,C,0.179935,0.18265,0.18265,0.179755,0.289507,0.780856,1.31064,1.04575,0.264891
13,1.39474,138.705,103.548,0.292308,C,0.179852,0.179243,0.179243,0.17967,0.0426923,0.696765,1.20203,0.949396,0.252631
13,1.39474,139.053,103.548,0.294816,C,0.179769,0.18122,0.18122,0.179586,0.16344,0.713013,1.22225,0.967631,0.254618
13,1.39474,139.402,103.548,0.297324,C,0.179687,0.181013,0.181013,0.179502,0.151087,0.689698,1.19131,0.940506,0.250807
13,1.39474,139.752,103.548,0.299833,C,0.179605,0.179109,0.179109,0.179418,0.0309738,0.637563,1.12243,0.879994,0.242432
13,1.39474,140.103,103.548,0.302341,C,0.179524,0.181257,0.181257,0.179335,0.192213,0.656199,1.14613,0.901162,0.244964
13,1.39474,140.455,103.548,0.304849,C,0.179443,0.176666,0.176666,0.179252,0.258638,0.562281,1.02074,0.791512,0.229231
13,1.39474,140.808,103.548,0.307358,C,0.179362,0.180007,0.180007,0.17917,0.0837571,0.599349,1.06959,0.834471,0.235121
13,1.39474,141.162,103.548,0.309866,C,0.179281,0.180135,0.180135,0.179087,0.104764,0.584346,1.04884,0.816591,0.232245
13,1.39474,141.516,103.548,0.312375,C,0.179201,0.176129,0.176129,0.179005,0.287606,0.506121,0.942157,0.724139,0.218018
13,1.39474,141.871,103.548,0.314883,C,0.179122,0.178418,0.178418,0.178924,0.0505424,0.52504,0.967303,0.746171,0.221132
13,1.39474,142.228,103.548,0.317391,C,0.179043,0.179548,0.179548,0.178842,0.0705588,0.526552,0.96864,0.747596,0.221044
13,1.39474,142.585,103.548,0.3199,C,0.178964,0.176865,0.176865,0.178761,0.189585,0.472336,0.893275,0.682805,0.21047
13,1.39474,142.943,103.548,0.322408,C,0.178885,0.179204,0.179204,0.17868,0.0523201,0.491261,0.918795,0.705028,0.213767
13,1.39474,143.302,103.548,0.324916,C,0.178807,0.17565,0.17565,0.1786,0.295028,0.427945,0.82951,0.628727,0.200783
13,1.39474,143.662,103.548,0.327425,C,0.17873,0.179654,0.179654,0.17852,0.113465,0.4689,0.886379,0.677639,0.20874
13,1.39474,144.023,103.548,0.329933,C,0.178652,0.179656,0.179656,0.17844,0.121632,0.455017,0.86629,0.660653,0.205636
13,1.39474,144.385,103.548,0.332441,C,0.178575,0.174403,0.174403,0.17836,0.395701,0.374162,0.75016,0.562161,0.187999
13,1.39474,144.747,103.548,0.33495,C,0.178499,0.179779,0.179779,0.178281,0.149779,0.429856,0.829478,0.629667,0.199811
13,1.39474,145.111,103.548,0.337458,C,0.178423,0.177713,0.177713,0.178202,0.0489073,0.390793,0.772936,0.581864,0.191072
13,1.39474,145.475,103.548,0.339967,C,0.178347,0.176273,0.176273,0.178123,0.184979,0.361485,0.729628,0.545557,0.184071
13,1.39474,145.84,103.548,0.342475,C,0.178271,0.175898,0.175898,0.178045,0.214645,0.345816,0.705889,0.525853,0.180037
13,1.39474,146.207,103.548,0.344983,C,0.178196,0.179166,0.179166,0.177967,0.119917,0.372788,0.744868,0.558828,0.18604
13,1.39474,146.574,103.548,0.347492,C,0.178122,0.17681,0.17681,0.177889,0.10792,0.334339,0.687569,0.510954,0.176615
13,1.39474,146.942,103.548,0.35,C,0.178048,0.179606,0.179606,0.177811,0.179467,0.355205,0.717855,0.53653,0.181325
14,1.49561,69.5858,103.81,-0.4,P,0.214295,0.216762,0.216762,0.214787,0.197471,0.46043,0.802165,0.631297,0.170868
14,1.49561,69.7606,103.81,-0.397492,P,0.214115,0.212532,0.212532,0.214597,0.206525,0.426872,0.758109,0.592491,0.165618
14,1.49561,69.9358,103.81,-0.394983,P,0.213935,0.213857,0.213857,0.214407,0.0550756,0.452536,0.793251,0.622894,0.170357
14,1.49561,70.1114,103.81,-0.392475,P,0.213755,0.215772,0.215772,0.214218,0.155409,0.485891,0.838224,0.662058,0.176166
14,1.49561,70.2875,103.81,-0.389967,P,0.213576,0.212685,0.212685,0.214029,0.134406,0.463608,0.809586,0.636597,0.172989
14,1.49561,70.464,103.81,-0.387458,P,0.213397,0.214393,0.214393,0.21384,0.0552643,0.495337,0.852289,0.673813,0.178476
14,1.49561,70.641,103.81,-0.38495,P,0.213218,0.212873,0.212873,0.213652,0.0779819,0.490547,0.846831,0.668689,0.178142
14,1.49561,70.8184,103.81,-0.382441,P,0.21304,0.214546,0.214546,0.213465,0.108083,0.523201,0.890399,0.7068,0.183599
14,1.49561,70.9963,103.81,-0.379933,P,0.212862,0.212646,0.212646,0.213277,0.0631527,0.513842,0.879057,0.696449,0.182608
14,1.49561,71.1746,103.81,-0.377425,P,0.212685,0.210124,0.210124,0.213091,0.296644,0.497171,0.858092,0.677632,0.180461
14,1.49561,71.3533,103.81,-0.374916,P,0.212508,0.213833,0.213833,0.212904,0.0928305,0.555633,0.935029,0.745331,0.189698
14,1.49561,71.5325,103.81,-0.372408,P,0.212331,0.211156,0.211156,0.212718,0.156256,0.536398,0.911042,0.72372,0.187322
14,1.49561,71.7122,103.81,-0.3699,P,0.212155,0.210303,0.210303,0.212533,0.223012,0.539742,0.916274,0.728008,0.188266
14,1.49561,71.8923,103.81,-0.367391,P,0.211979,0.212039,0.212039,0.212348,0.0309114,0.575979,0.963907,0.769943,0.193964
14,1.49561,72.0729,103.81,-0.364883,P,0.211803,0.210107,0.210107,0.212163,0.205621,0.565752,0.95169,0.758721,0.192969
14,1.49561,72.2539,103.81,-0.362375,P,0.211628,0.212366,0.212366,0.211979,0.038713,0.61028,1.00957,0.809926,0.199646
14,1.49561,72.4353,103.81,-0.359866,P,0.211453,0.213537,0.213537,0.211795,0.17417,0.641834,1.05048,0.84616,0.204325
14,1.49561,72.6173,103.81,-0.357358,P,0.211278,0.21333,0.21333,0.211612,0.171809,0.655077,1.06813,0.861604,0.206527
14,1.49561,72.7996,103.81,-0.354849,P,0.211104,0.213232,0.213232,0.211429,0.180267,0.670117,1.08799,0.879054,0.208937
14,1.49561,72.9825,103.81,-0.352341,P,0.21093,0.213347,0.213347,0.211247,0.210013,0.688538,1.11202,0.900281,0.211743
14,1.49561,73.1658,103.81,-0.349833,P,0.210757,0.209952,0.209952,0.211065,0.111278,0.656733,1.07316,0.864948,0.208216
14,1.49561,73.3495,103.81,-0.347324,P,0.210583,0.209849,0.209849,0.210883,0.103487,0.671943,1.09327,0.882605,0.210662
14,1.49561,73.5337,103.81,-0.344816,P,0.210411,0.21251,0.21251,0.210702,0.180814,0.728444,1.16468,0.94656,0.218116
14,1.49561,73.7184,103.81,-0.342308,P,0.210238,0.212576,0.212576,0.210522,0.205439,0.747493,1.18926,0.968375,0.220882
14,1.49561,73.9036,103.81,-0.339799,P,0.210066,0.210946,0.210946,0.210341,0.0604853,0.74084,1.18209,0.961464,0.220624
14,1.49561,74.0892,103.81,-0.337291,P,0.209894,0.20976,0.20976,0.210162,0.0401802,0.740956,1.18329,0.962122,0.221165
14,1.49561,74.2753,103.81,-0.334783,P,0.209723,0.209818,0.209818,0.209982,0.0164084,0.760386,1.20832,0.984351,0.223965
14,1.49561,74.4618,103.81,-0.332274,P,0.209552,0.20856,0.20856,0.209803,0.124364,0.759486,1.20829,0.983887,0.2244
14,1.49561,74.6488,103.81,-0.329766,P,0.209381,0.208152,0.208152,0.209625,0.147246,0.772025,1.2248,0.998411,0.226386
14,1.49561,74.8363,103.81,-0.327258,P,0.209211,0.207924,0.207924,0.209447,0.15228,0.787656,1.24507,1.01636,0.228709
14,1.49561,75.0242,103.81,-0.324749,P,0.209041,0.210467,0.210467,0.209269,0.119752,0.849308,1.32129,1.0853,0.235992
14,1.49561,75.2127,103.81,-0.322241,P,0.208872,0.206757,0.206757,0.209092,0.233522,0.808125,1.27234,1.04023,0.232108
14,1.49561,75.4016,103.81,-0.319732,P,0.208702,0.210189,0.210189,0.208915,0.127396,0.886406,1.36838,1.12739,0.240989
14,1.49561,75.5909,103.81,-0.317224,P,0.208534,0.209427,0.209427,0.208739,0.0688198,0.89466,1.37947,1.13707,0.242407
14,1.49561,75.7808,103.81,-0.314716,P,0.208365,0.210712,0.210712,0.208563,0.214843,0.939135,1.43396,1.18655,0.247415
14,1.49561,75.9711,103.81,-0.312207,P,0.208197,0.208519,0.208519,0.208388,0.0131742,0.922437,1.41517,1.1688,0.246364
14,1.49561,76.1619,103.81,-0.309699,P,0.208029,0.209566,0.209566,0.208213,0.135289,0.963744,1.46569,1.21472,0.250975
14,1.49561,76.3532,103.81,-0.307191,P,0.207862,0.205648,0.205648,0.208038,0.239005,0.915857,1.40967,1.16277,0.246908
14,1.49561,76.545,103.81,-0.304682,P,0.207695,0.207279,0.207279,0.207864,0.05855,0.968104,1.4733,1.2207,0.2526
14,1.49561,76.7372,103.81,-0.302174,P,0.207528,0.206503,0.206503,0.20769,0.118767,0.977139,1.48528,1.23121,0.25407
14,1.49561,76.9299,103.81,-0.299666,P,0.207362,0.207501,0.207501,0.207517,0.00165371,1.01966,1.53692,1.27829,0.258629
14,1.49561,77.1231,103.81,-0.297157,P,0.207196,0.207484,0.207484,0.207344,0.0140171,1.04381,1.56667,1.30524,0.261429
14,1.49561,77.3168,103.81,-0.294649,P,0.20703,0.210348,0.210348,0.207172,0.317569,1.12519,1.66334,1.39426,0.269075
14,1.49561,77.511,103.81,-0.29214,P,0.206865,0.206329,0.206329,0.207,0.0671507,1.07143,1.6017,1.33657,0.265135
14,1.49561,77.7057,103.81,-0.289632,P,0.2067,0.206919,0.206919,0.206829,0.00905991,1.10882,1.64679,1.37781,0.268986
14,1.49561,77.9008,103.81,-0.287124,P,0.206536,0.207432,0.207432,0.206657,0.0774506,1.14553,1.69091,1.41822,0.272692
14,1.49561,78.0965,103.81,-0.284615,P,0.206372,0.205935,0.205935,0.206487,0.0552067,1.14177,1.68785,1.41481,0.273042
14,1.49561,78.2926,103.81,-0.282107,P,0.206208,0.210207,0.210207,0.206317,0.389052,1.25858,1.82435,1.54147,0.282885
14,1.49561,78.4893,103.81,-0.279599,P,0.206044,0.204034,0.204034,0.206147,0.211261,1.15679,1.70801,1.4324,0.275607
14,1.49561,78.6864,103.81,-0.27709,P,0.205881,0.20641,0.20641,0.205978,0.0432312,1.23465,1.79948,1.51707,0.282416
14,1.49561,78.884,103.81,-0.274582,P,0.205719,0.205673,0.205673,0.205809,0.013591,1.24755,1.81571,1.53163,0.284079
14,1.49561,79.0821,103.81,-0.272074,P,0.205556,0.205702,0.205702,0.20564,0.00615152,1.27733,1.85132,1.56432,0.286996
14,1.49561,79.2807,103.81,-0.269565,P,0.205394,0.203639,0.203639,0.205472,0.183308,1.2617,1.83477,1.54824,0.286531
14,1.49561,79.4799,103.81,-0.267057,P,0.205233,0.202888,0.202888,0.205305,0.241691,1.27479,1.8512,1.56299,0.288209
14,1.49561,79.6795,103.81,-0.264548,P,0.205072,0.208901,0.208901,0.205138,0.376338,1.44165,2.04274,1.7422,0.300548
14,1.49561,79.8796,103.81,-0.26204,P,0.204911,0.204486,0.204486,0.204971,0.0485363,1.37173,1.96484,1.66828,0.296555
14,1.49561,80.0802,103.81,-0.259532,P,0.20475,0.203655,0.203655,0.204805,0.114958,1.38422,1.98048,1.68235,0.298132
14,1.49561,80.2813,103.81,-0.257023,P,0.20459,0.202287,0.202287,0.204639,0.235144,1.38444,1.98219,1.68331,0.298875
14,1.49561,80.483,103.81,-0.254515,P,0.20443,0.201888,0.201888,0.204473,0.258497,1.4073,2.00961,1.70845,0.301155
14,1.49561,80.6851,103.81,-0.252007,P,0.204271,0.200207,0.200207,0.204308,0.410117,1.40034,2.0032,1.70177,0.301431
14,1.49561,80.8877,103.81,-0.249498,P,0.204112,0.204101,0.204101,0.204144,0.00426869,1.52682,2.14746,1.83714,0.310322
14,1.49561,81.0909,103.81,-0.24699,P,0.203953,0.204883,0.204883,0.20398,0.0903032,1.58077,2.20944,1.8951,0.314336
14,1.49561,81.2945,103.81,-0.244482,P,0.203794,0.208146,0.208146,0.203816,0.432987,1.69881,2.3425,2.02065,0.321842
14,1.49561,81.4987,103.81,-0.241973,P,0.203636,0.205158,0.205158,0.203653,0.150525,1.65945,2.30025,1.97985,0.3204
14,1.49561,81.7034,103.81,-0.239465,P,0.203479,0.201977,0.201977,0.20349,0.151329,1.61521,2.25248,1.93385,0.318637
14,1.49561,81.9086,103.81,-0.236957,P,0.203321,0.200806,0.200806,0.203328,0.25215,1.62191,2.26151,1.94171,0.319799
14,1.49561,82.1143,103.81,-0.234448,P,0.203165,0.204567,0.204567,0.203166,0.140175,1.75668,2.41269,2.08468,0.328006
14,1.49561,82.3205,103.81,-0.23194,P,0.203008,0.203557,0.203557,0.203004,0.0552985,1.76864,2.42746,2.09805,0.329413
14,1.49561,82.5273,103.81,-0.229431,P,0.202852,0.205148,0.205148,0.202843,0.230469,1.85052,2.51927,2.1849,0.334373
14,1.49561,82.7346,103.81,-0.226923,P,0.202696,0.203438,0.203438,0.202682,0.0755374,1.84437,2.51408,2.17922,0.334852
14,1.49561,82.9424,103.81,-0.224415,P,0.20254,0.204524,0.204524,0.202522,0.200143,1.9147,2.59284,2.25377,0.339073
14,1.49561,83.1507,103.81,-0.221906,P,0.202385,0.201292,0.201292,0.202362,0.107034,1.86693,2.54206,2.2045,0.337562
14,1.49561,83.3595,103.81,-0.219398,P,0.20223,0.200562,0.200562,0.202203,0.164092,1.88797,2.56675,2.22736,0.339393
14,1.49561,83.5689,103.81,-0.21689,P,0.202076,0.201955,0.201955,0.202044,0.00895155,1.96882,2.65684,2.31283,0.344009
14,1.49561,83.7787,103.81,-0.214381,P,0.201922,0.200556,0.200556,0.201886,0.132919,1.97207,2.66202,2.31704,0.344973
14,1.49561,83.9892,103.81,-0.211873,P,0.201768,0.199235,0.199235,0.201728,0.249215,1.97761,2.66971,2.32366,0.346049
14,1.49561,84.2001,103.81,-0.209365,P,0.201615,0.203454,0.203454,0.20157,0.188446,2.14377,2.8519,2.49784,0.354067
14,1.49561,84.4116,103.81,-0.206856,P,0.201462,0.201676,0.201676,0.201413,0.0262888,2.13697,2.84619,2.49158,0.354607
14,1.49561,84.6236,103.81,-0.204348,P,0.201309,0.199548,0.199548,0.201256,0.170821,2.11989,2.82935,2.47462,0.35473
14,1.49561,84.8361,103.81,-0.201839,P,0.201157,0.203489,0.203489,0.2011,0.23896,2.28432,3.0085,2.64641,0.362088
14,1.49561,85.0492,103.81,-0.199331,P,0.201005,0.200257,0.200257,0.200944,0.0686508,2.23415,2.95614,2.59514,0.360994
14,1.49561,85.2628,103.81,-0.196823,P,0.200854,0.201074,0.201074,0.200788,0.028595,2.307,3.0362,2.6716,0.3646
14,1.49561,85.4769,103.81,-0.194314,P,0.200703,0.201019,0.201019,0.200633,0.0385779,2.35423,3.08857,2.7214,0.367171
14,1.49561,85.6916,103.81,-0.191806,P,0.200552,0.202288,0.202288,0.200478,0.181004,2.44377,3.1861,2.81493,0.371165
14,1.49561,85.9068,103.81,-0.189298,P,0.200401,0.196308,0.196308,0.200324,0.401648,2.30694,3.04124,2.67409,0.367153
14,1.49561,86.1225,103.81,-0.186789,P,0.200251,0.200664,0.200664,0.20017,0.0494141,2.49468,3.24381,2.86924,0.374566
14,1.49561,86.3388,103.81,-0.184281,P,0.200102,0.201173,0.201173,0.200017,0.115586,2.56322,3.31851,2.94087,0.377643
14,1.49561,86.5557,103.81,-0.181773,P,0.199952,0.201605,0.201605,0.199864,0.174103,2.6305,3.39168,3.01109,0.380594
14,1.49561,86.7731,103.81,-0.179264,P,0.199803,0.203129,0.203129,0.199711,0.341729,2.73499,3.5041,3.11954,0.384555
14,1.49561,86.991,103.81,-0.176756,P,0.199655,0.198488,0.198488,0.199559,0.107074,2.63662,3.40159,3.01911,0.382484
14,1.49561,87.2095,103.81,-0.174247,P,0.199506,0.200964,0.200964,0.199407,0.155682,2.77424,3.54896,3.1616,0.387359
14,1.49561,87.4285,103.81,-0.171739,P,0.199358,0.196277,0.196277,0.199256,0.297926,2.67344,3.44407,3.05875,0.385316
14,1.49561,87.6481,103.81,-0.169231,P,0.199211,0.200354,0.200354,0.199105,0.124917,2.86766,3.65089,3.25928,0.391614
14,1.49561,87.8682,103.81,-0.166722,P,0.199064,0.19952,0.19952,0.198955,0.0565387,2.89729,3.68378,3.29054,0.393246
14,1.49561,88.0889,103.81,-0.164214,P,0.198917,0.199309,0.199309,0.198805,0.0504538,2.94894,3.73979,3.34436,0.395425
14,1.49561,88.3101,103.81,-0.161706,P,0.19877,0.199613,0.199613,0.198655,0.095761,3.01936,3.81541,3.41738,0.398021
14,1.49561,88.5319,103.81,-0.159197,P,0.198624,0.198765,0.198765,0.198506,0.0258911,3.05035,3.84959,3.44997,0.399617
14,1.49561,88.7543,103.81,-0.156689,P,0.198478,0.197126,0.197126,0.198357,0.123138,3.05383,3.85494,3.45438,0.400555
14,1.49561,88.9772,103.81,-0.154181,P,0.198333,0.199396,0.199396,0.198209,0.118674,3.19702,4.00634,3.60168,0.404659
14,1.49561,89.2006,103.81,-0.151672,P,0.198188,0.198373,0.198373,0.198061,0.03119,3.22375,4.03592,3.62983,0.406082
14,1.49561,89.4247,103.81,-0.149164,P,0.198043,0.19839,0.19839,0.197913,0.0476397,3.28872,4.10531,3.69701,0.408294
14,1.49561,89.6493,103.81,-0.146656,P,0.197899,0.197054,0.197054,0.197766,0.0712073,3.30511,4.12406,3.71459,0.409475
14,1.49561,89.8744,103.81,-0.144147,P,0.197755,0.195791,0.195791,0.19762,0.182903,3.32448,4.14591,3.7352,0.410714
14,1.49561,90.1001,103.81,-0.141639,P,0.197611,0.198944,0.198944,0.197473,0.14706,3.50847,4.33859,3.92353,0.415059
14,1.49561,90.3264,103.81,-0.13913,P,0.197468,0.196014,0.196014,0.197328,0.131331,3.46702,4.29729,3.88215,0.415135
14,1.49561,90.5533,103.81,-0.136622,P,0.197325,0.195793,0.195793,0.197182,0.138901,3.52737,4.36149,3.94443,0.417061
14,1.49561,90.7807,103.81,-0.134114,P,0.197183,0.195694,0.195694,0.197037,0.134264,3.5933,4.43137,4.01233,0.419037
14,1.49561,91.0087,103.81,-0.131605,P,0.197041,0.19606,0.19606,0.196892,0.0832546,3.678,4.52054,4.09927,0.421268
14,1.49561,91.2373,103.81,-0.129097,P,0.196899,0.197317,0.197317,0.196748,0.0568652,3.79849,4.64643,4.22246,0.423969
14,1.49561,91.4664,103.81,-0.126589,P,0.196757,0.197798,0.197798,0.196604,0.11935,3.89058,4.74283,4.3167,0.426129
14,1.49561,91.6961,103.81,-0.12408,P,0.196616,0.198381,0.198381,0.196461,0.192018,3.98805,4.84461,4.41633,0.428282
14,1.49561,91.9264,103.81,-0.121572,P,0.196476,0.198144,0.198144,0.196318,0.18258,4.05441,4.9143,4.48436,0.429946
14,1.49561,92.1573,103.81,-0.119064,P,0.196335,0.196623,0.196623,0.196176,0.0447182,4.07057,4.93243,4.5015,0.430931
14,1.49561,92.3888,103.81,-0.116555,P,0.196195,0.1963,0.1963,0.196033,0.0266317,4.13509,5.00011,4.5676,0.432512
14,1.49561,92.6208,103.81,-0.114047,P,0.196056,0.197834,0.197834,0.195892,0.194246,4.27558,5.14544,4.71051,0.434927
14,1.49561,92.8534,103.81,-0.111538,P,0.195916,0.197035,0.197035,0.19575,0.12851,4.32312,5.19553,4.75933,0.436203
14,1.49561,93.0866,103.81,-0.10903,P,0.195777,0.198392,0.198392,0.195609,0.2783,4.45968,5.33643,4.89806,0.438375
14,1.49561,93.3204,103.81,-0.106522,P,0.195639,0.194821,0.194821,0.195469,0.0648171,4.39502,5.27191,4.83347,0.438446
14,1.49561,93.5548,103.81,-0.104013,P,0.195501,0.19617,0.19617,0.195329,0.0841792,4.53357,5.41464,4.9741,0.440535
14,1.49561,93.7897,103.81,-0.101505,P,0.195363,0.196329,0.196329,0.195189,0.113995,4.62435,5.5085,5.06642,0.442077
14,1.49561,94.0253,103.81,-0.0989967,P,0.195225,0.192652,0.192652,0.19505,0.239816,4.5557,5.44004,4.99787,0.44217
14,1.49561,94.2614,103.81,-0.0964883,P,0.195088,0.195654,0.195654,0.194911,0.0743704,4.76782,5.65716,5.21249,0.44467
14,1.49561,94.4982,103.81,-0.0939799,P,0.194952,0.191804,0.191804,0.194772,0.296776,4.69229,5.58178,5.13703,0.444745
14,1.49561,94.7355,103.81,-0.0914716,P,0.194815,0.197545,0.197545,0.194634,0.291105,5.02493,5.92071,5.47282,0.44789
14,1.49561,94.9734,103.81,-0.0889632,P,0.194679,0.198483,0.198483,0.194496,0.398697,5.1557,6.05445,5.60507,0.449371
14,1.49561,95.212,103.81,-0.0864548,P,0.194543,0.191548,0.191548,0.194359,0.281095,4.94833,5.84562,5.39697,0.448645
14,1.49561,95.4511,103.81,-0.0839465,P,0.194408,0.193309,0.193309,0.194222,0.0913612,5.11598,6.01667,5.56633,0.450343
14,1.49561,95.6908,103.81,-0.0814381,P,0.194273,0.192445,0.192445,0.194086,0.16409,5.17144,6.07399,5.62272,0.451276
14,1.49561,95.9312,103.81,-0.0789298,P,0.194139,0.194912,0.194912,0.19395,0.0961929,5.37363,6.27953,5.82658,0.452949
14,1.49561,96.1721,103.81,-0.0764214,P,0.194004,0.194033,0.194033,0.193814,0.0218926,5.43087,6.33844,5.88465,0.453785
14,1.49561,96.4136,103.81,-0.073913,P,0.19387,0.195775,0.195775,0.193679,0.209632,5.60501,6.51522,6.06012,0.455103
14,1.49561,96.6558,103.81,-0.0714047,P,0.193737,0.196768,0.196768,0.193544,0.322383,5.74785,6.66021,6.20403,0.45618
14,1.49561,96.8985,103.81,-0.0688963,P,0.193604,0.194353,0.194353,0.193409,0.0943382,5.73997,6.65323,6.1966,0.45663
14,1.49561,97.1419,103.81,-0.066388,P,0.193471,0.192874,0.192874,0.193275,0.0401443,5.77447,6.68892,6.23169,0.457224
14,1.49561,97.3859,103.81,-0.0638796,P,0.193339,0.193202,0.193202,0.193141,0.00610548,5.89117,6.80729,6.34923,0.45806
14,1.49561,97.6304,103.81,-0.0613712,P,0.193207,0.189311,0.189311,0.193008,0.369675,5.81832,6.73487,6.2766,0.458273
14,1.49561,97.8756,103.81,-0.0588629,P,0.193075,0.189683,0.189683,0.192875,0.319187,5.93901,6.85711,6.39806,0.459048
14,1.49561,98.1215,103.81,-0.0563545,P,0.192944,0.191144,0.191144,0.192743,0.159878,6.11085,7.03061,6.57073,0.459877
14,1.49561,98.3679,103.81,-0.0538462,P,0.192813,0.192554,0.192554,0.19261,0.00569097,6.28228,7.20349,6.74288,0.460604
14,1.49561,98.6149,103.81,-0.0513378,P,0.192682,0.19334,0.19334,0.192479,0.0860902,6.42687,7.34925,6.88806,0.46119
14,1.49561,98.8626,103.81,-0.0488294,P,0.192552,0.194562,0.194562,0.192347,0.221427,6.59322,7.51668,7.05495,0.461732
14,1.49561,99.1109,103.81,-0.0463211,P,0.192422,0.194003,0.194003,0.192216,0.178645,6.67873,7.60292,7.14082,0.462093
14,1.49561,99.3598,103.81,-0.0438127,P,0.192292,0.187141,0.187141,0.192086,0.494524,6.4722,7.39634,6.93427,0.462071
14,1.49561,99.6094,103.81,-0.0413043,P,0.192163,0.190838,0.190838,0.191956,0.111794,6.75767,7.68286,7.22027,0.462596
14,1.49561,99.8595,103.81,-0.038796,P,0.192034,0.188786,0.188786,0.191826,0.304,6.7765,7.70207,7.23928,0.462785
14,1.49561,100.11,103.81,-0.0362876,P,0.191906,0.193201,0.193201,0.191696,0.150502,7.09994,8.02619,7.56307,0.463122
14,1.49561,100.362,103.81,-0.0337793,P,0.191778,0.191599,0.191599,0.191567,0.0031209,7.14242,8.06887,7.60565,0.463226
14,1.49561,100.614,103.81,-0.0312709,P,0.19165,0.18816,0.18816,0.191439,0.327822,7.09911,8.02566,7.56239,0.463273
14,1.49561,100.867,103.81,-0.0287625,P,0.191523,0.192434,0.192434,0.19131,0.112367,7.42179,8.34849,7.88514,0.463347
14,1.49561,101.12,103.81,-0.0262542,P,0.191396,0.190543,0.190543,0.191183,0.0639791,7.454,8.38064,7.91732,0.463321
14,1.49561,101.374,103.81,-0.0237458,P,0.191269,0.187352,0.187352,0.191055,0.370349,7.42523,8.35177,7.8885,0.463266
14,1.49561,101.628,103.81,-0.0212375,P,0.191143,0.190601,0.190601,0.190928,0.0326752,7.70476,8.63098,8.16787,0.463111
14,1.49561,101.884,103.81,-0.0187291,P,0.191017,0.189996,0.189996,0.190801,0.0805592,7.8019,8.72776,8.26483,0.462932
14,1.49561,102.14,103.81,-0.0162207,P,0.190891,0.189088,0.189088,0.190675,0.158668,7.88586,8.81128,8.34857,0.462706
14,1.49561,102.396,103.81,-0.0137124,P,0.190766,0.189133,0.189133,0.190549,0.1416,8.01687,8.94168,8.47927,0.462407
14,1.49561,102.653,103.81,-0.011204,P,0.190641,0.187394,0.187394,0.190423,0.30292,8.06343,8.98762,8.52553,0.462097
14,1.49561,102.911,103.81,-0.00869565,P,0.190517,0.192992,0.192992,0.190298,0.269373,8.46511,9.38816,8.92663,0.461524
14,1.49561,103.169,103.81,-0.00618729,P,0.190392,0.19196,0.19196,0.190173,0.178633,8.54877,9.47093,9.00985,0.461079
14,1.49561,103.429,103.81,-0.00367893,P,0.190269,0.189888,0.189888,0.190049,0.0160328,8.58345,9.50468,9.04407,0.460616
14,1.49561,103.688,103.81,-0.00117057,P,0.190145,0.194429,0.194429,0.189925,0.45043,8.9397,9.85946,9.39958,0.459881
14,1.49561,103.949,103.81,0.00133779,C,0.190022,0.187235,0.187235,0.189801,0.256623,8.59343,9.51498,9.0542,0.460774
14,1.49561,104.21,103.81,0.00384615,C,0.189899,0.186793,0.186793,0.189678,0.288465,8.45708,9.38213,8.9196,0.462527
14,1.49561,104.472,103.81,0.00635452,C,0.189777,0.191843,0.191843,0.189555,0.22884,8.58861,9.51672,9.05266,0.464056
14,1.49561,104.734,103.81,0.00886288,C,0.189655,0.191605,0.191605,0.189432,0.217325,8.46407,9.39548,8.92978,0.465704
14,1.49561,104.997,103.81,0.0113712,C,0.189534,0.187521,0.187521,0.18931,0.178908,8.153,9.08781,8.6204,0.467404
14,1.49561,105.261,103.81,0.0138796,C,0.189412,0.18999,0.18999,0.189188,0.0801502,8.16191,9.09965,8.63078,0.468871
14,1.49561,105.525,103.81,0.016388,C,0.189291,0.190337,0.190337,0.189067,0.127066,8.06839,9.00907,8.53873,0.470344
14,1.49561,105.79,103.81,0.0188963,C,0.189171,0.189232,0.189232,0.188946,0.0286279,7.90486,8.84844,8.37665,0.47179
14,1.49561,106.056,103.81,0.0214047,C,0.189051,0.187257,0.187257,0.188825,0.156782,7.69977,8.64613,8.17295,0.473181
14,1.49561,106.322,103.81,0.023913,C,0.188931,0.185982,0.185982,0.188704,0.272242,7.52968,8.47866,8.00417,0.474491
14,1.49561,106.589,103.81,0.0264214,C,0.188811,0.189019,0.189019,0.188584,0.0434411,7.57084,8.5223,8.04657,0.47573
14,1.49561,106.857,103.81,0.0289298,C,0.188692,0.187203,0.187203,0.188465,0.126171,7.37616,8.33,7.85308,0.476919
14,1.49561,107.125,103.81,0.0314381,C,0.188574,0.18911,0.18911,0.188346,0.0764458,7.36393,8.32008,7.84201,0.478076
14,1.49561,107.394,103.81,0.0339465,C,0.188455,0.185666,0.185666,0.188227,0.256096,7.09173,8.0499,7.57081,0.479085
14,1.49561,107.664,103.81,0.0364548,C,0.188337,0.186808,0.186808,0.188108,0.13,7.044,8.00425,7.52412,0.480123
14,1.49561,107.934,103.81,0.0389632,C,0.18822,0.189936,0.189936,0.18799,0.194607,7.09375,8.05614,7.57494,0.481199
14,1.49561,108.205,103.81,0.0414716,C,0.188102,0.186226,0.186226,0.187872,0.164577,6.81164,7.77551,7.29357,0.481936
14,1.49561,108.477,103.81,0.0439799,C,0.187985,0.186327,0.186327,0.187755,0.142775,6.71587,7.68141,7.19864,0.482769
14,1.49561,108.75,103.81,0.0464883,C,0.187869,0.186595,0.186595,0.187638,0.104278,6.62913,7.59624,7.11268,0.483555
14,1.49561,109.023,103.81,0.0489967,C,0.187753,0.187796,0.187796,0.187521,0.0274829,6.58847,7.5572,7.07283,0.484366
14,1.49561,109.297,103.81,0.051505,C,0.187637,0.186467,0.186467,0.187405,0.0937499,6.42617,7.39597,6.91107,0.484899
14,1.49561,109.571,103.81,0.0540134,C,0.187521,0.186166,0.186166,0.187289,0.112254,6.31462,7.28552,6.80007,0.485451
14,1.49561,109.846,103.81,0.0565217,C,0.187406,0.184997,0.184997,0.187173,0.217604,6.16221,7.13384,6.64803,0.485819
14,1.49561,110.122,103.81,0.0590301,C,0.187291,0.189046,0.189046,0.187058,0.1988,6.26204,7.2357,6.74887,0.486827
14,1.49561,110.399,103.81,0.0615385,C,0.187177,0.186736,0.186736,0.186943,0.0206361,6.05658,7.03041,6.54349,0.486914
14,1.49561,110.676,103.81,0.0640468,C,0.187063,0.189019,0.189019,0.186828,0.219056,6.07266,7.04794,6.5603,0.487642
14,1.49561,110.954,103.81,0.0665552,C,0.186949,0.187658,0.187658,0.186714,0.0943664,5.91483,6.89025,6.40254,0.487712
14,1.49561,111.233,103.81,0.0690635,C,0.186836,0.187458,0.187458,0.1866,0.0857822,5.81366,6.78947,6.30157,0.487907
14,1.49561,111.512,103.81,0.0715719,C,0.186723,0.18465,0.18465,0.186487,0.183621,5.58942,6.5643,6.07686,0.48744
14,1.49561,111.792,103.81,0.0740803,C,0.18661,0.184187,0.184187,0.186374,0.218661,5.47802,6.45278,5.9654,0.487379
14,1.49561,112.073,103.81,0.0765886,C,0.186498,0.187096,0.187096,0.186261,0.0835216,5.52716,6.50344,6.0153,0.48814
14,1.49561,112.354,103.81,0.079097,C,0.186386,0.187431,0.187431,0.186148,0.128313,5.45508,6.4315,5.94329,0.488213
14,1.49561,112.637,103.81,0.0816054,C,0.186275,0.186224,0.186224,0.186036,0.0187469,5.31121,6.28676,5.79899,0.487773
14,1.49561,112.919,103.81,0.0841137,C,0.186164,0.187879,0.187879,0.185924,0.195476,5.3029,6.27918,5.79104,0.488141
14,1.49561,113.203,103.81,0.0866221,C,0.186053,0.186312,0.186312,0.185813,0.0499165,5.14436,6.11919,5.63177,0.487416
14,1.49561,113.487,103.81,0.0891304,C,0.185942,0.189247,0.189247,0.185702,0.354515,5.19702,6.17339,5.6852,0.488185
14,1.49561,113.772,103.81,0.0916388,C,0.185832,0.18568,0.18568,0.185591,0.00889582,4.9477,5.92077,5.43424,0.486536
14,1.49561,114.058,103.81,0.0941472,C,0.185723,0.185758,0.185758,0.185481,0.0277168,4.8691,5.84139,5.35524,0.486145
14,1.49561,114.345,103.81,0.0966555,C,0.185613,0.185547,0.185547,0.185371,0.0175914,4.77809,5.74922,5.26366,0.485568
14,1.49561,114.632,103.81,0.0991639,C,0.185504,0.185939,0.185939,0.185261,0.0678136,4.71572,5.68613,5.20093,0.485201
14,1.49561,114.92,103.81,0.101672,C,0.185396,0.183324,0.183324,0.185152,0.182748,4.51712,5.4837,5.00041,0.483289
14,1.49561,115.208,103.81,0.104181,C,0.185287,0.185037,0.185037,0.185043,0.000620535,4.51665,5.48358,5.00011,0.483467
14,1.49561,115.498,103.81,0.106689,C,0.185179,0.184952,0.184952,0.184934,0.0017421,4.4353,5.40065,4.91797,0.482673
14,1.49561,115.788,103.81,0.109197,C,0.185072,0.186981,0.186981,0.184826,0.215479,4.45004,5.41607,4.93305,0.483015
14,1.49561,116.078,103.81,0.111706,C,0.184965,0.186283,0.186283,0.184718,0.156458,4.34263,5.3062,4.82442,0.481788
14,1.49561,116.37,103.81,0.114214,C,0.184858,0.186537,0.186537,0.18461,0.192692,4.27893,5.24103,4.75998,0.48105
14,1.49561,116.662,103.81,0.116722,C,0.184751,0.185452,0.185452,0.184503,0.0949251,4.15659,5.11538,4.63599,0.479398
14,1.49561,116.955,103.81,0.119231,C,0.184645,0.184813,0.184813,0.184396,0.041673,4.05534,5.01118,4.53326,0.477921
14,1.49561,117.249,103.81,0.121739,C,0.18454,0.185828,0.185828,0.184289,0.153804,4.02777,4.98283,4.5053,0.477532
14,1.49561,117.543,103.81,0.124247,C,0.184434,0.184548,0.184548,0.184183,0.036442,3.90061,4.85148,4.37605,0.475435
14,1.49561,117.839,103.81,0.126756,C,0.184329,0.18144,0.18144,0.184077,0.263724,3.69638,4.63979,4.16809,0.471704
14,1.49561,118.135,103.81,0.129264,C,0.184224,0.182424,0.182424,0.183972,0.154812,3.66996,4.61225,4.1411,0.471143
14,1.49561,118.431,103.81,0.131773,C,0.18412,0.184762,0.184762,0.183866,0.089562,3.70187,4.64532,4.17359,0.471724
14,1.49561,118.729,103.81,0.134281,C,0.184016,0.18722,0.18722,0.183761,0.34589,3.73906,4.68391,4.21148,0.472423
14,1.49561,119.027,103.81,0.136789,C,0.183913,0.183007,0.183007,0.183657,0.0649834,3.49358,4.42808,3.96083,0.467253
14,1.49561,119.326,103.81,0.139298,C,0.183809,0.184384,0.184384,0.183553,0.083162,3.48586,4.41984,3.95285,0.466988
14,1.49561,119.626,103.81,0.141806,C,0.183706,0.184544,0.184544,0.183449,0.109552,3.42765,4.35877,3.89321,0.465559
14,1.49561,119.926,103.81,0.144314,C,0.183604,0.186056,0.186056,0.183345,0.271147,3.42631,4.35716,3.89174,0.465424
14,1.49561,120.227,103.81,0.146823,C,0.183502,0.182625,0.182625,0.183242,0.0617159,3.22171,4.14216,3.68193,0.460225
14,1.49561,120.529,103.81,0.149331,C,0.1834,0.183605,0.183605,0.183139,0.0466035,3.19978,4.11875,3.65926,0.459489
14,1.49561,120.832,103.81,0.151839,C,0.183299,0.185893,0.185893,0.183036,0.285642,3.23132,4.15167,3.6915,0.460173
14,1.49561,121.135,103.81,0.154348,C,0.183198,0.184287,0.184287,0.182934,0.135317,3.1056,4.01873,3.56216,0.456568
14,1.49561,121.44,103.81,0.156856,C,0.183097,0.184007,0.184007,0.182832,0.11752,3.03471,3.94338,3.48905,0.454335
14,1.49561,121.745,103.81,0.159365,C,0.182996,0.183123,0.183123,0.18273,0.0393334,2.94102,3.84361,3.39231,0.451295
14,1.49561,122.05,103.81,0.161873,C,0.182897,0.183324,0.183324,0.182629,0.0694857,2.89116,3.79016,3.34066,0.449502
14,1.49561,122.357,103.81,0.164381,C,0.182797,0.181318,0.181318,0.182528,0.120985,2.75661,3.64619,3.2014,0.444794
14,1.49561,122.664,103.81,0.16689,C,0.182698,0.182959,0.182959,0.182427,0.0532205,2.76411,3.65371,3.20891,0.444796
14,1.49561,122.972,103.81,0.169398,C,0.182599,0.182338,0.182338,0.182327,0.00109009,2.68526,3.56876,3.12701,0.44175
14,1.49561,123.281,103.81,0.171906,C,0.1825,0.17999,0.17999,0.182227,0.223655,2.54294,3.41518,2.97906,0.436121
14,1.49561,123.591,103.81,0.174415,C,0.182402,0.182016,0.182016,0.182127,0.0111229,2.56575,3.43917,3.00246,0.43671
14,1.49561,123.901,103.81,0.176923,C,0.182304,0.181878,0.181878,0.182028,0.0149199,2.50825,3.37653,2.94239,0.43414
14,1.49561,124.212,103.81,0.179431,C,0.182207,0.181374,0.181374,0.181928,0.0553944,2.43822,3.30013,2.86918,0.430955
14,1.49561,124.524,103.81,0.18194,C,0.18211,0.177614,0.177614,0.18183,0.421537,2.25247,3.09733,2.6749,0.42243
14,1.49561,124.837,103.81,0.184448,C,0.182013,0.182281,0.182281,0.181731,0.0549445,2.37041,3.22522,2.79781,0.427405
14,1.49561,125.151,103.81,0.186957,C,0.181916,0.18129,0.18129,0.181633,0.0343218,2.28576,3.13229,2.70902,0.423263
14,1.49561,125.465,103.81,0.189465,C,0.18182,0.18322,0.18322,0.181535,0.168452,2.30579,3.15349,2.72964,0.423851
14,1.49561,125.78,103.81,0.191973,C,0.181725,0.184926,0.184926,0.181438,0.348836,2.31795,3.16613,2.74204,0.424089
14,1.49561,126.096,103.81,0.194482,C,0.18163,0.179504,0.179504,0.18134,0.183685,2.08204,2.90642,2.49423,0.412187
14,1.49561,126.413,103.81,0.19699,C,0.181535,0.181248,0.181248,0.181244,0.000426409,2.09603,2.92112,2.50857,0.412543
14,1.49561,126.73,103.81,0.199498,C,0.18144,0.182711,0.182711,0.181147,0.156391,2.1005,2.92532,2.51291,0.412414
14,1.49561,127.048,103.81,0.202007,C,0.181346,0.179494,0.179494,0.181051,0.155696,1.94808,2.75552,2.3518,0.403721
14,1.49561,127.367,103.81,0.204515,C,0.181252,0.17931,0.17931,0.180955,0.164494,1.89901,2.69997,2.29949,0.400481
14,1.49561,127.687,103.81,0.207023,C,0.181158,0.180538,0.180538,0.180859,0.0321521,1.89662,2.6965,2.29656,0.399943
14,1.49561,128.008,103.81,0.209532,C,0.181065,0.178087,0.178087,0.180764,0.267646,1.77627,2.56056,2.16842,0.392146
14,1.49561,128.329,103.81,0.21204,C,0.180973,0.181261,0.181261,0.180669,0.0592337,1.8365,2.62753,2.23201,0.395516
14,1.49561,128.652,103.81,0.214548,C,0.18088,0.176861,0.176861,0.180574,0.371294,1.6584,2.42536,2.04188,0.383481
14,1.49561,128.975,103.81,0.217057,C,0.180788,0.180926,0.180926,0.180479,0.0446069,1.74511,2.52289,2.134,0.388891
14,1.49561,129.299,103.81,0.219565,C,0.180696,0.180119,0.180119,0.180385,0.0265925,1.68102,2.44939,2.0652,0.384181
14,1.49561,129.624,103.81,0.222074,C,0.180605,0.179267,0.179267,0.180291,0.102429,1.61696,2.37551,1.99624,0.379278
14,1.49561,129.949,103.81,0.224582,C,0.180514,0.181397,0.181397,0.180198,0.119938,1.64356,2.40506,2.02431,0.38075
14,1.49561,130.275,103.81,0.22709,C,0.180423,0.181414,0.181414,0.180105,0.130881,1.60664,2.36204,1.98434,0.377697
14,1.49561,130.603,103.81,0.229599,C,0.180333,0.180413,0.180413,0.180012,0.0401631,1.5405,2.28525,1.91287,0.372379
14,1.49561,130.931,103.81,0.232107,C,0.180243,0.1826,0.1826,0.179919,0.268118,1.56854,2.31669,1.94262,0.374074
14,1.49561,131.259,103.81,0.234615,C,0.180154,0.180236,0.180236,0.179827,0.0408991,1.46464,2.19588,1.83026,0.365623
14,1.49561,131.589,103.81,0.237124,C,0.180065,0.179361,0.179361,0.179735,0.0374241,1.40572,2.12648,1.7661,0.360378
14,1.49561,131.92,103.81,0.239632,C,0.179976,0.181413,0.181413,0.179643,0.176978,1.42942,2.15325,1.79134,0.361915
14,1.49561,132.251,103.81,0.24214,C,0.179887,0.175636,0.175636,0.179552,0.391526,1.23973,1.92929,1.58451,0.34478
14,1.49561,132.583,103.81,0.244649,C,0.179799,0.177353,0.177353,0.179461,0.210724,1.25394,1.94525,1.5996,0.345655
14,1.49561,132.916,103.81,0.247157,C,0.179712,0.177775,0.177775,0.17937,0.159425,1.23416,1.92084,1.5775,0.343343
14,1.49561,133.25,103.81,0.249666,C,0.179624,0.178699,0.178699,0.179279,0.0580171,1.22771,1.91227,1.56999,0.342283
14,1.49561,133.585,103.81,0.252174,C,0.179537,0.177743,0.177743,0.179189,0.144544,1.17325,1.84629,1.50977,0.33652
14,1.49561,133.92,103.81,0.254682,C,0.17945,0.178328,0.178328,0.179099,0.0771119,1.15877,1.82801,1.49339,0.33462
14,1.49561,134.256,103.81,0.257191,C,0.179364,0.175796,0.175796,0.179009,0.321319,1.06796,1.71727,1.39262,0.324654
14,1.49561,134.594,103.81,0.259699,C,0.179278,0.176825,0.176825,0.17892,0.209496,1.06533,1.71316,1.38925,0.323913
14,1.49561,134.932,103.81,0.262207,C,0.179193,0.177631,0.177631,0.178831,0.120008,1.05744,1.70264,1.38004,0.322601
14,1.49561,135.27,103.81,0.264716,C,0.179108,0.177288,0.177288,0.178742,0.145391,1.02256,1.65908,1.34082,0.31826
14,1.49561,135.61,103.81,0.267224,C,0.179023,0.17775,0.17775,0.178653,0.0903196,1.00712,1.63923,1.32318,0.316054
14,1.49561,135.951,103.81,0.269732,C,0.178938,0.176146,0.176146,0.178565,0.241911,0.944982,1.56151,1.25325,0.308265
14,1.49561,136.292,103.81,0.272241,C,0.178854,0.17641,0.17641,0.178477,0.206753,0.926161,1.53719,1.23167,0.305513
14,1.49561,136.635,103.81,0.274749,C,0.17877,0.17882,0.17882,0.17839,0.0429857,0.955265,1.57253,1.2639,0.308631
14,1.49561,136.978,103.81,0.277258,C,0.178687,0.176982,0.176982,0.178302,0.131991,0.890562,1.49087,1.19071,0.300152
14,1.49561,137.322,103.81,0.279766,C,0.178604,0.176632,0.176632,0.178215,0.158303,0.859725,1.45114,1.15543,0.295709
14,1.49561,137.667,103.81,0.282274,C,0.178521,0.17801,0.17801,0.178128,0.0118368,0.865906,1.45808,1.162,0.296089
14,1.49561,138.012,103.81,0.284783,C,0.178439,0.178945,0.178945,0.178042,0.0902614,0.862736,1.45323,1.15798,0.295246
14,1.49561,138.359,103.81,0.287291,C,0.178357,0.179697,0.179697,0.177956,0.174137,0.855825,1.44365,1.14974,0.293911
14,1.49561,138.706,103.81,0.289799,C,0.178275,0.177911,0.177911,0.17787,0.00410075,0.797109,1.36804,1.08258,0.285467
14,1.49561,139.055,103.81,0.292308,C,0.178194,0.18093,0.18093,0.177784,0.314577,0.836741,1.41779,1.12726,0.290524
14,1.49561,139.404,103.81,0.294816,C,0.178113,0.179714,0.179714,0.177699,0.201529,0.790541,1.35795,1.07425,0.283707
14,1.49561,139.754,103.81,0.297324,C,0.178033,0.178811,0.178811,0.177614,0.1197,0.752015,1.30746,1.02974,0.277724
14,1.49561,140.105,103.81,0.299833,C,0.177952,0.176625,0.176625,0.177529,0.0903961,0.690837,1.22683,0.958832,0.267995
14,1.49561,140.457,103.81,0.302341,C,0.177873,0.17769,0.17769,0.177444,0.024591,0.691301,1.22661,0.958957,0.267656
14,1.49561,140.81,103.81,0.304849,C,0.177793,0.180873,0.180873,0.17736,0.351269,0.73122,1.27804,1.00463,0.27341
14,1.49561,141.163,103.81,0.307358,C,0.177714,0.177103,0.177103,0.177276,0.0172785,0.643482,1.16171,0.902594,0.259112
14,1.49561,141.518,103.81,0.309866,C,0.177635,0.176983,0.176983,0.177192,0.0209524,0.623511,1.13422,0.878864,0.255353
14,1.49561,141.873,103.81,0.312375,C,0.177557,0.176,0.176,0.177109,0.110873,0.589525,1.08763,0.838578,0.249053
14,1.49561,142.23,103.81,0.314883,C,0.177479,0.177633,0.177633,0.177026,0.0607798,0.59994,1.10092,0.850431,0.250491
14,1.49561,142.587,103.81,0.317391,C,0.177401,0.17634,0.17634,0.176943,0.0602813,0.561969,1.04856,0.805263,0.243294
14,1.49561,142.945,103.81,0.3199,C,0.177324,0.176974,0.176974,0.17686,0.0114029,0.556055,1.03968,0.79787,0.241815
14,1.49561,143.304,103.81,0.322408,C,0.177247,0.17431,0.17431,0.176778,0.246722,0.499179,0.960198,0.729688,0.230509
14,1.49561,143.664,103.81,0.324916,C,0.177171,0.178886,0.178886,0.176696,0.219043,0.554702,1.03631,0.795504,0.240802
14,1.49561,144.025,103.81,0.327425,C,0.177094,0.178791,0.178791,0.176614,0.217683,0.537555,1.01198,0.774766,0.237211
14,1.49561,144.386,103.81,0.329933,C,0.177019,0.174539,0.174539,0.176532,0.199362,0.459508,0.901965,0.680737,0.221229
14,1.49561,144.749,103.81,0.332441,C,0.176943,0.178484,0.178484,0.176451,0.203284,0.502813,0.962266,0.732539,0.229727
14,1.49561,145.113,103.81,0.33495,C,0.176868,0.175687,0.175687,0.17637,0.0683236,0.448392,0.884635,0.666513,0.218122
14,1.49561,145.477,103.81,0.337458,C,0.176793,0.177555,0.177555,0.176289,0.126594,0.461052,0.901959,0.681506,0.220453
14,1.49561,145.842,103.81,0.339967,C,0.176719,0.178164,0.178164,0.176209,0.195583,0.456039,0.89411,0.675075,0.219035
14,1.49561,146.209,103.81,0.342475,C,0.176645,0.177556,0.177556,0.176128,0.142754,0.434418,0.862445,0.648431,0.214013
14,1.49561,146.576,103.81,0.344983,C,0.176571,0.174023,0.174023,0.176048,0.202563,0.376124,0.776651,0.576387,0.200264
14,1.49561,146.944,103.81,0.347492,C,0.176498,0.176723,0.176723,0.175969,0.0754349,0.398327,0.808667,0.603497,0.20517
14,1.49561,147.313,103.81,0.35,C,0.176425,0.177289,0.177289,0.175889,0.139927,0.393496,0.800899,0.597198,0.203701
15,1.59649,69.7615,104.072,-0.4,P,0.211397,0.209863,0.209863,0.211659,0.179634,0.452891,0.814076,0.633483,0.180592
15,1.59649,69.9367,104.072,-0.397492,P,0.211224,0.215695,0.215695,0.211478,0.421669,0.53328,0.921828,0.727554,0.194274
15,1.59649,70.1124,104.072,-0.394983,P,0.211051,0.212059,0.212059,0.211298,0.0761677,0.502529,0.882168,0.692348,0.18982
15,1.59649,70.2885,104.072,-0.392475,P,0.210878,0.214523,0.214523,0.211118,0.340583,0.545529,0.939653,0.742591,0.197062
15,1.59649,70.465,104.072,-0.389967,P,0.210706,0.209334,0.209334,0.210938,0.160365,0.49561,0.874766,0.685188,0.189578
15,1.59649,70.642,104.072,-0.387458,P,0.210534,0.210397,0.210397,0.210758,0.0361364,0.521359,0.909746,0.715553,0.194194
15,1.59649,70.8194,104.072,-0.38495,P,0.210363,0.209689,0.209689,0.21058,0.0890101,0.525936,0.916693,0.721315,0.195378
15,1.59649,70.9972,104.072,-0.382441,P,0.210191,0.208948,0.208948,0.210401,0.145355,0.530152,0.923166,0.726659,0.196507
15,1.59649,71.1755,104.072,-0.379933,P,0.210021,0.209459,0.209459,0.210223,0.07641,0.550265,0.950464,0.750364,0.200099
15,1.59649,71.3543,104.072,-0.377425,P,0.20985,0.208411,0.208411,0.210045,0.163408,0.550814,0.952132,0.751473,0.200659
15,1.59649,71.5335,104.072,-0.374916,P,0.20968,0.210995,0.210995,0.209868,0.112678,0.599052,1.01568,0.807368,0.208316
15,1.59649,71.7132,104.072,-0.372408,P,0.20951,0.20742,0.20742,0.209691,0.227127,0.566296,0.97425,0.770273,0.203977
15,1.59649,71.8933,104.072,-0.3699,P,0.20934,0.207932,0.207932,0.209515,0.158306,0.587636,1.00291,0.795274,0.207638
15,1.59649,72.0738,104.072,-0.367391,P,0.209171,0.208136,0.208136,0.209339,0.120321,0.605358,1.02677,0.816066,0.210708
15,1.59649,72.2549,104.072,-0.364883,P,0.209002,0.209687,0.209687,0.209163,0.052375,0.642385,1.07522,0.8588,0.216415
15,1.59649,72.4363,104.072,-0.362375,P,0.208834,0.207013,0.207013,0.208988,0.197543,0.620572,1.04835,0.834462,0.213889
15,1.59649,72.6182,104.072,-0.359866,P,0.208666,0.208682,0.208682,0.208814,0.0131614,0.660153,1.09989,0.88002,0.219867
15,1.59649,72.8006,104.072,-0.357358,P,0.208498,0.206097,0.206097,0.208639,0.254205,0.639224,1.07429,0.856757,0.217533
15,1.59649,72.9835,104.072,-0.354849,P,0.20833,0.208577,0.208577,0.208466,0.0111568,0.69184,1.14209,0.916963,0.225123
15,1.59649,73.1668,104.072,-0.352341,P,0.208163,0.208265,0.208265,0.208292,0.00271646,0.704254,1.15879,0.931521,0.227267
15,1.59649,73.3505,104.072,-0.349833,P,0.207996,0.212045,0.212045,0.208119,0.392591,0.780708,1.25522,1.01797,0.237259
15,1.59649,73.5347,104.072,-0.347324,P,0.20783,0.207266,0.207266,0.207947,0.0681037,0.723961,1.1857,0.95483,0.230869
15,1.59649,73.7194,104.072,-0.344816,P,0.207664,0.207831,0.207831,0.207774,0.00561663,0.750736,1.22024,0.985488,0.234753
15,1.59649,73.9046,104.072,-0.342308,P,0.207498,0.204752,0.204752,0.207603,0.285081,0.720649,1.18378,0.952216,0.231567
15,1.59649,74.0902,104.072,-0.339799,P,0.207333,0.207374,0.207374,0.207431,0.00571072,0.780552,1.25952,1.02004,0.239485
15,1.59649,74.2763,104.072,-0.337291,P,0.207167,0.206299,0.206299,0.20726,0.0961004,0.782052,1.26253,1.02229,0.240238
15,1.59649,74.4628,104.072,-0.334783,P,0.207003,0.208798,0.208798,0.20709,0.170766,0.843005,1.33871,1.09086,0.24785
15,1.59649,74.6498,104.072,-0.332274,P,0.206838,0.205364,0.205364,0.20692,0.155644,0.805195,1.29345,1.04932,0.244126
15,1.59649,74.8373,104.072,-0.329766,P,0.206674,0.207306,0.207306,0.20675,0.0555301,0.858042,1.35946,1.10875,0.250707
15,1.59649,75.0253,104.072,-0.327258,P,0.20651,0.204294,0.204294,0.206581,0.228762,0.826835,1.32245,1.07464,0.247809
15,1.59649,75.2137,104.072,-0.324749,P,0.206347,0.206781,0.206781,0.206412,0.0369032,0.89052,1.40142,1.14597,0.255449
15,1.59649,75.4026,104.072,-0.322241,P,0.206184,0.205573,0.205573,0.206244,0.0670598,0.890369,1.40246,1.14642,0.256047
15,1.59649,75.592,104.072,-0.319732,P,0.206021,0.204314,0.204314,0.206076,0.176244,0.889312,1.40242,1.14587,0.256554
15,1.59649,75.7818,104.072,-0.317224,P,0.205859,0.207107,0.207107,0.205909,0.119845,0.961941,1.49139,1.22667,0.264725
15,1.59649,75.9721,104.072,-0.314716,P,0.205697,0.207332,0.207332,0.205742,0.159094,0.988946,1.52503,1.25699,0.268043
15,1.59649,76.1629,104.072,-0.312207,P,0.205535,0.204878,0.204878,0.205575,0.0696714,0.965865,1.49865,1.23226,0.266393
15,1.59649,76.3542,104.072,-0.309699,P,0.205374,0.20416,0.20416,0.205409,0.124831,0.975348,1.51132,1.24333,0.267986
15,1.59649,76.546,104.072,-0.307191,P,0.205213,0.205278,0.205278,0.205243,0.00353607,1.02016,1.56618,1.29317,0.273009
15,1.59649,76.7382,104.072,-0.304682,P,0.205052,0.20748,0.20748,0.205077,0.240214,1.08779,1.6477,1.36774,0.279959
15,1.59649,76.931,104.072,-0.302174,P,0.204892,0.205662,0.205662,0.204912,0.0749868,1.07649,1.63569,1.35609,0.279598
15,1.59649,77.1242,104.072,-0.299666,P,0.204732,0.201905,0.201905,0.204748,0.284329,1.02678,1.57806,1.30242,0.275641
15,1.59649,77.3179,104.072,-0.297157,P,0.204572,0.206415,0.206415,0.204584,0.183084,1.14279,1.71647,1.42963,0.286842
15,1.59649,77.5121,104.072,-0.294649,P,0.204413,0.203356,0.203356,0.20442,0.106376,1.10593,1.67451,1.39022,0.284291
15,1.59649,77.7067,104.072,-0.29214,P,0.204254,0.202935,0.202935,0.204257,0.132174,1.1232,1.69623,1.40971,0.286512
15,1.59649,77.9019,104.072,-0.289632,P,0.204095,0.201207,0.201207,0.204094,0.288687,1.11361,1.68634,1.39997,0.286367
15,1.59649,78.0976,104.072,-0.287124,P,0.203937,0.204713,0.204713,0.203932,0.0781941,1.2145,1.80581,1.51015,0.295655
15,1.59649,78.2937,104.072,-0.284615,P,0.203779,0.205258,0.205258,0.20377,0.148851,1.25434,1.85349,1.55391,0.299576
15,1.59649,78.4903,104.072,-0.282107,P,0.203621,0.204771,0.204771,0.203608,0.116259,1.27216,1.87556,1.57386,0.301698
15,1.59649,78.6875,104.072,-0.279599,P,0.203464,0.203662,0.203662,0.203447,0.0215574,1.27643,1.88194,1.57919,0.302756
15,1.59649,78.8851,104.072,-0.27709,P,0.203307,0.204465,0.204465,0.203286,0.117864,1.32381,1.93805,1.63093,0.307119
15,1.59649,79.0832,104.072,-0.274582,P,0.203151,0.201076,0.201076,0.203126,0.204998,1.27686,1.88538,1.58112,0.30426
15,1.59649,79.2818,104.072,-0.272074,P,0.202994,0.20295,0.20295,0.202966,0.00162267,1.34934,1.97035,1.65985,0.310503
15,1.59649,79.4809,104.072,-0.269565,P,0.202838,0.203299,0.203299,0.202806,0.0492302,1.38821,2.01638,1.70229,0.314084
15,1.59649,79.6806,104.072,-0.267057,P,0.202683,0.205385,0.205385,0.202647,0.273809,1.4694,2.11042,1.78991,0.32051
15,1.59649,79.8807,104.072,-0.264548,P,0.202528,0.207066,0.207066,0.202489,0.457771,1.54311,2.19541,1.86926,0.326152
15,1.59649,80.0813,104.072,-0.26204,P,0.202373,0.202146,0.202146,0.20233,0.0184677,1.45616,2.09843,1.7773,0.321135
15,1.59649,80.2824,104.072,-0.259532,P,0.202218,0.201167,0.201167,0.202173,0.100555,1.46509,2.11013,1.78761,0.322519
15,1.59649,80.4841,104.072,-0.257023,P,0.202064,0.200852,0.200852,0.202015,0.116344,1.49043,2.14044,1.81543,0.325007
15,1.59649,80.6862,104.072,-0.254515,P,0.20191,0.203562,0.203562,0.201858,0.170429,1.59208,2.25678,1.92443,0.332349
15,1.59649,80.8888,104.072,-0.252007,P,0.201757,0.202128,0.202128,0.201702,0.0425991,1.59056,2.25665,1.92361,0.333044
15,1.59649,81.092,104.072,-0.249498,P,0.201604,0.198985,0.198985,0.201545,0.25602,1.54573,2.20775,1.87674,0.331011
15,1.59649,81.2956,104.072,-0.24699,P,0.201451,0.198501,0.198501,0.20139,0.288898,1.56825,2.23476,1.9015,0.333253
15,1.59649,81.4998,104.072,-0.244482,P,0.201298,0.202884,0.202884,0.201234,0.16496,1.71824,2.4044,2.06132,0.34308
15,1.59649,81.7045,104.072,-0.241973,P,0.201146,0.201573,0.201573,0.20108,0.049368,1.7207,2.40877,2.06473,0.344033
15,1.59649,81.9097,104.072,-0.239465,P,0.200994,0.202304,0.202304,0.200925,0.137931,1.7781,2.47424,2.12617,0.348071
15,1.59649,82.1154,104.072,-0.236957,P,0.200843,0.203471,0.203471,0.200771,0.270013,1.84867,2.55405,2.20136,0.352694
15,1.59649,82.3217,104.072,-0.234448,P,0.200692,0.198231,0.198231,0.200617,0.238615,1.74447,2.44019,2.09233,0.347863
15,1.59649,82.5284,104.072,-0.23194,P,0.200541,0.200587,0.200587,0.200464,0.0122594,1.84805,2.55669,2.20237,0.354321
15,1.59649,82.7357,104.072,-0.229431,P,0.20039,0.201613,0.201613,0.200311,0.130185,1.91702,2.63444,2.27573,0.358708
15,1.59649,82.9435,104.072,-0.226923,P,0.20024,0.202104,0.202104,0.200159,0.194476,1.97215,2.69671,2.33443,0.36228
15,1.59649,83.1518,104.072,-0.224415,P,0.200091,0.200365,0.200365,0.200007,0.0358478,1.9641,2.68957,2.32683,0.362734
15,1.59649,83.3606,104.072,-0.221906,P,0.199941,0.198134,0.198134,0.199855,0.172151,1.94186,2.66686,2.30436,0.362501
15,1.59649,83.57,104.072,-0.219398,P,0.199792,0.198668,0.198668,0.199704,0.103601,1.99955,2.73187,2.36571,0.36616
15,1.59649,83.7799,104.072,-0.21689,P,0.199643,0.199438,0.199438,0.199554,0.0116051,2.06529,2.80548,2.43539,0.370095
15,1.59649,83.9903,104.072,-0.214381,P,0.199495,0.198031,0.198031,0.199403,0.137256,2.06747,2.8096,2.43854,0.371066
15,1.59649,84.2012,104.072,-0.211873,P,0.199347,0.198673,0.198673,0.199253,0.0580471,2.13112,2.8807,2.50591,0.374789
15,1.59649,84.4127,104.072,-0.209365,P,0.199199,0.19721,0.19721,0.199104,0.189383,2.13209,2.88351,2.5078,0.375713
15,1.59649,84.6247,104.072,-0.206856,P,0.199052,0.199209,0.199209,0.198955,0.0254608,2.23906,3.00133,2.62019,0.381134
15,1.59649,84.8372,104.072,-0.204348,P,0.198905,0.198662,0.198662,0.198806,0.0144468,2.26907,3.03555,2.65231,0.383241
15,1.59649,85.0503,104.072,-0.201839,P,0.198758,0.20129,0.20129,0.198658,0.263207,2.39967,3.17809,2.78888,0.38921
15,1.59649,85.2639,104.072,-0.199331,P,0.198612,0.200482,0.200482,0.19851,0.197201,2.42314,3.20507,2.81411,0.390964
15,1.59649,85.4781,104.072,-0.196823,P,0.198466,0.197125,0.197125,0.198363,0.123733,2.36535,3.14473,2.75504,0.389689
15,1.59649,85.6927,104.072,-0.194314,P,0.19832,0.196881,0.196881,0.198216,0.133454,2.40706,3.19137,2.79922,0.392155
15,1.59649,85.908,104.072,-0.191806,P,0.198175,0.199004,0.199004,0.198069,0.0934725,2.52663,3.32131,2.92397,0.397338
15,1.59649,86.1237,104.072,-0.189298,P,0.19803,0.195544,0.195544,0.197923,0.237851,2.46474,3.25688,2.86081,0.396067
15,1.59649,86.34,104.072,-0.186789,P,0.197885,0.198152,0.198152,0.197777,0.0375171,2.60277,3.4062,3.00448,0.401714
15,1.59649,86.5569,104.072,-0.184281,P,0.197741,0.19734,0.19734,0.197631,0.0291934,2.62874,3.43569,3.03222,0.40347
15,1.59649,86.7742,104.072,-0.181773,P,0.197597,0.200465,0.200465,0.197487,0.297895,2.78898,3.60771,3.19835,0.40937
15,1.59649,86.9922,104.072,-0.179264,P,0.197453,0.198327,0.198327,0.197342,0.0985283,2.77115,3.59061,3.18088,0.40973
15,1.59649,87.2107,104.072,-0.176756,P,0.19731,0.198852,0.198852,0.197198,0.165411,2.84524,3.67087,3.25806,0.412812
15,1.59649,87.4297,104.072,-0.174247,P,0.197167,0.196982,0.196982,0.197054,0.00720061,2.83697,3.66392,3.25045,0.413477
15,1.59649,87.6493,104.072,-0.171739,P,0.197024,0.197026,0.197026,0.196911,0.0115237,2.89578,3.72788,3.31183,0.41605
15,1.59649,87.8694,104.072,-0.169231,P,0.196882,0.193423,0.193423,0.196768,0.334428,2.82691,3.65696,3.24193,0.415028
15,1.59649,88.0901,104.072,-0.166722,P,0.19674,0.197843,0.197843,0.196625,0.121753,3.04232,3.88588,3.4641,0.421777
15,1.59649,88.3113,104.072,-0.164214,P,0.196598,0.202292,0.202292,0.196483,0.580859,3.26439,4.12052,3.69245,0.428067
15,1.59649,88.5331,104.072,-0.161706,P,0.196457,0.194674,0.194674,0.196341,0.166711,3.0487,3.89621,3.47246,0.423758
15,1.59649,88.7555,104.072,-0.159197,P,0.196316,0.195704,0.195704,0.1962,0.049558,3.14751,4.00171,3.57461,0.427099
15,1.59649,88.9784,104.072,-0.156689,P,0.196176,0.194592,0.194592,0.196059,0.14669,3.16893,4.02597,3.59745,0.428519
15,1.59649,89.2019,104.072,-0.154181,P,0.196035,0.196954,0.196954,0.195918,0.103511,3.31991,4.1856,3.75276,0.432843
15,1.59649,89.4259,104.072,-0.151672,P,0.195895,0.197233,0.197233,0.195778,0.145454,3.39518,4.26587,3.83052,0.435342
15,1.59649,89.6505,104.072,-0.149164,P,0.195756,0.195923,0.195923,0.195639,0.0283965,3.4113,4.28443,3.84786,0.436567
15,1.59649,89.8756,104.072,-0.146656,P,0.195617,0.194744,0.194744,0.195499,0.0755274,3.43274,4.30854,3.87064,0.437901
15,1.59649,90.1014,104.072,-0.144147,P,0.195478,0.195564,0.195564,0.19536,0.0203317,3.53127,4.41273,3.972,0.440732
15,1.59649,90.3277,104.072,-0.141639,P,0.195339,0.196311,0.196311,0.195222,0.108921,3.62855,4.51541,4.07198,0.44343
15,1.59649,90.5545,104.072,-0.13913,P,0.195201,0.19288,0.19288,0.195084,0.220365,3.56426,4.45054,4.0074,0.443138
15,1.59649,90.7819,104.072,-0.136622,P,0.195063,0.194716,0.194716,0.194946,0.0229593,3.70584,4.59894,4.15239,0.446552
15,1.59649,91.0099,104.072,-0.134114,P,0.194926,0.19676,0.19676,0.194809,0.195149,3.85805,4.75793,4.30799,0.44994
15,1.59649,91.2385,104.072,-0.131605,P,0.194789,0.195524,0.195524,0.194672,0.0852321,3.88134,4.78367,4.3325,0.451163
15,1.59649,91.4677,104.072,-0.129097,P,0.194652,0.194522,0.194522,0.194535,0.00135157,3.91445,4.81951,4.36698,0.45253
15,1.59649,91.6974,104.072,-0.126589,P,0.194515,0.193303,0.193303,0.194399,0.10956,3.93937,4.84689,4.39313,0.453763
15,1.59649,91.9277,104.072,-0.12408,P,0.194379,0.193715,0.193715,0.194263,0.0548143,4.03104,4.94292,4.48698,0.455941
15,1.59649,92.1586,104.072,-0.121572,P,0.194243,0.192852,0.192852,0.194128,0.127587,4.07177,4.98648,4.52913,0.457352
15,1.59649,92.39,104.072,-0.119064,P,0.194108,0.193254,0.193254,0.193993,0.0738713,4.16532,5.08419,4.62476,0.459432
15,1.59649,92.6221,104.072,-0.116555,P,0.193973,0.192664,0.192664,0.193858,0.119453,4.21896,5.14085,4.67991,0.460942
15,1.59649,92.8547,104.072,-0.114047,P,0.193838,0.194719,0.194719,0.193724,0.0995255,4.38413,5.31158,4.84786,0.463724
15,1.59649,93.0879,104.072,-0.111538,P,0.193704,0.191585,0.191585,0.19359,0.200581,4.3329,5.26079,4.79685,0.463945
15,1.59649,93.3217,104.072,-0.10903,P,0.19357,0.196033,0.196033,0.193457,0.257568,4.60266,5.53792,5.07029,0.467634
15,1.59649,93.5561,104.072,-0.106522,P,0.193436,0.19351,0.19351,0.193324,0.0186084,4.57824,5.51456,5.0464,0.468158
15,1.59649,93.791,104.072,-0.104013,P,0.193302,0.191623,0.191623,0.193191,0.156786,4.58116,5.51908,5.05012,0.468962
15,1.59649,94.0266,104.072,-0.101505,P,0.193169,0.19168,0.19168,0.193059,0.137933,4.6681,5.60921,5.13865,0.470556
15,1.59649,94.2627,104.072,-0.0989967,P,0.193037,0.19153,0.19153,0.192927,0.139698,4.74729,5.69134,5.21932,0.472022
15,1.59649,94.4995,104.072,-0.0964883,P,0.192904,0.191604,0.191604,0.192796,0.119195,4.83733,5.78438,5.31085,0.473526
15,1.59649,94.7368,104.072,-0.0939799,P,0.192772,0.189524,0.189524,0.192665,0.314051,4.83412,5.78258,5.30835,0.474233
15,1.59649,94.9747,104.072,-0.0914716,P,0.19264,0.190726,0.190726,0.192534,0.180808,4.9758,5.92789,5.45185,0.476045
15,1.59649,95.2133,104.072,-0.0889632,P,0.192509,0.194162,0.194162,0.192404,0.175849,5.21868,6.1755,5.69709,0.478411
15,1.59649,95.4524,104.072,-0.0864548,P,0.192378,0.188241,0.188241,0.192274,0.4033,5.04659,6.00249,5.52454,0.477947
15,1.59649,95.6921,104.072,-0.0839465,P,0.192247,0.194124,0.194124,0.192144,0.197947,5.40261,6.36423,5.88342,0.480813
15,1.59649,95.9325,104.072,-0.0814381,P,0.192117,0.192335,0.192335,0.192015,0.0320163,5.41645,6.37948,5.89796,0.481511
15,1.59649,96.1734,104.072,-0.0789298,P,0.191987,0.192772,0.192772,0.191887,0.0885149,5.53169,6.49713,6.01441,0.48272
15,1.59649,96.4149,104.072,-0.0764214,P,0.191857,0.192201,0.192201,0.191758,0.0442677,5.60243,6.56973,6.08608,0.48365
15,1.59649,96.6571,104.072,-0.073913,P,0.191728,0.190744,0.190744,0.19163,0.088648,5.63358,6.60231,6.11794,0.484365
15,1.59649,96.8998,104.072,-0.0714047,P,0.191599,0.191738,0.191738,0.191503,0.0235592,5.77816,6.74921,6.26368,0.485528
15,1.59649,97.1432,104.072,-0.0688963,P,0.19147,0.1907,0.1907,0.191375,0.0675726,5.83044,6.80296,6.3167,0.486259
15,1.59649,97.3872,104.072,-0.066388,P,0.191342,0.191986,0.191986,0.191249,0.0737092,5.9915,6.96617,6.47884,0.487331
15,1.59649,97.6318,104.072,-0.0638796,P,0.191214,0.194063,0.194063,0.191122,0.294126,6.19137,7.16819,6.67978,0.488413
15,1.59649,97.877,104.072,-0.0613712,P,0.191086,0.190067,0.190067,0.190996,0.0928749,6.10869,7.08594,6.59732,0.488625
15,1.59649,98.1228,104.072,-0.0588629,P,0.190959,0.191583,0.191583,0.19087,0.0712722,6.28506,7.2641,6.77458,0.489517
15,1.59649,98.3692,104.072,-0.0563545,P,0.190832,0.189636,0.189636,0.190745,0.11086,6.2998,7.27971,6.78976,0.489955
15,1.59649,98.6163,104.072,-0.0538462,P,0.190706,0.190552,0.190552,0.19062,0.00680682,6.45081,7.43211,6.94146,0.49065
15,1.59649,98.864,104.072,-0.0513378,P,0.190579,0.191642,0.191642,0.190495,0.114628,6.61177,7.59433,7.10305,0.491279
15,1.59649,99.1122,104.072,-0.0488294,P,0.190453,0.191618,0.191618,0.190371,0.124636,6.72123,7.70473,7.21298,0.491752
15,1.59649,99.3612,104.072,-0.0463211,P,0.190328,0.18698,0.18698,0.190247,0.326778,6.61089,7.59466,7.10277,0.491889
15,1.59649,99.6107,104.072,-0.0438127,P,0.190203,0.188979,0.188979,0.190124,0.114459,6.81952,7.80433,7.31193,0.492406
15,1.59649,99.8609,104.072,-0.0413043,P,0.190078,0.192026,0.192026,0.190001,0.202457,7.08069,8.0664,7.57355,0.492858
15,1.59649,100.112,104.072,-0.038796,P,0.189953,0.192682,0.192682,0.189878,0.280339,7.22845,8.2147,7.72158,0.493125
15,1.59649,100.363,104.072,-0.0362876,P,0.189829,0.187104,0.187104,0.189756,0.265235,7.07503,8.0614,7.56821,0.493187
15,1.59649,100.615,104.072,-0.0337793,P,0.189705,0.187351,0.187351,0.189634,0.228265,7.20508,8.19181,7.69844,0.493368
15,1.59649,100.868,104.072,-0.0312709,P,0.189582,0.188358,0.188358,0.189512,0.115468,7.37363,8.36062,7.86712,0.493493
15,1.59649,101.121,104.072,-0.0287625,P,0.189458,0.190749,0.190749,0.189391,0.135787,7.61168,8.59876,8.10522,0.493544
15,1.59649,101.375,104.072,-0.0262542,P,0.189336,0.188715,0.188715,0.18927,0.0554954,7.63445,8.62151,8.12798,0.493533
15,1.59649,101.63,104.072,-0.0237458,P,0.189213,0.18998,0.18998,0.18915,0.0829797,7.82044,8.80734,8.31389,0.49345
15,1.59649,101.885,104.072,-0.0212375,P,0.189091,0.191741,0.191741,0.18903,0.271082,8.03263,9.01921,8.52592,0.493287
15,1.59649,102.141,104.072,-0.0187291,P,0.188969,0.18621,0.18621,0.18891,0.270018,7.88604,8.87246,8.37925,0.493206
15,1.59649,102.397,104.072,-0.0162207,P,0.188848,0.190186,0.190186,0.188791,0.139563,8.21082,9.19657,8.70369,0.492876
15,1.59649,102.655,104.072,-0.0137124,P,0.188726,0.188566,0.188566,0.188672,0.010523,8.25993,9.24517,8.75255,0.492618
15,1.59649,102.912,104.072,-0.011204,P,0.188606,0.187275,0.187275,0.188553,0.127803,8.3265,9.3111,8.8188,0.492302
15,1.59649,103.171,104.072,-0.00869565,P,0.188485,0.189005,0.189005,0.188435,0.0570244,8.54483,9.5285,9.03667,0.491833
15,1.59649,103.43,104.072,-0.00618729,P,0.188365,0.189866,0.189866,0.188317,0.15488,8.7215,9.70416,9.21283,0.49133
15,1.59649,103.69,104.072,-0.00367893,P,0.188245,0.190595,0.190595,0.188199,0.239543,8.89314,9.87469,9.38392,0.490773
15,1.59649,103.95,104.072,-0.00117057,P,0.188126,0.189513,0.189513,0.188082,0.143124,8.97571,9.95616,9.46594,0.490227
15,1.59649,104.211,104.072,0.00133779,C,0.188007,0.190326,0.190326,0.187965,0.236116,9.01931,10.0011,9.5102,0.490894
15,1.59649,104.473,104.072,0.00384615,C,0.187888,0.189774,0.189774,0.187849,0.192507,8.87713,9.8626,9.36986,0.492732
15,1.59649,104.735,104.072,0.00635452,C,0.18777,0.185694,0.185694,0.187733,0.203892,8.55852,9.54781,9.05316,0.494643
15,1.59649,104.998,104.072,0.00886288,C,0.187651,0.18973,0.18973,0.187617,0.211305,8.6484,9.64083,9.14462,0.496216
15,1.59649,105.262,104.072,0.0113712,C,0.187534,0.184403,0.184403,0.187501,0.309838,8.26836,9.26445,8.7664,0.498045
15,1.59649,105.526,104.072,0.0138796,C,0.187416,0.189821,0.189821,0.187386,0.243425,8.42972,9.4287,8.92921,0.499489
15,1.59649,105.792,104.072,0.016388,C,0.187299,0.189069,0.189069,0.187272,0.179764,8.2815,9.28364,8.78257,0.501067
15,1.59649,106.057,104.072,0.0188963,C,0.187183,0.188129,0.188129,0.187157,0.0971771,8.12456,9.12974,8.62715,0.502589
15,1.59649,106.324,104.072,0.0214047,C,0.187066,0.187966,0.187966,0.187043,0.0923164,8.00763,9.0157,8.51166,0.504035
15,1.59649,106.591,104.072,0.023913,C,0.18695,0.188969,0.188969,0.18693,0.203904,7.95025,8.96107,8.45566,0.505411
15,1.59649,106.858,104.072,0.0264214,C,0.186834,0.185875,0.185875,0.186816,0.0941654,7.68725,8.70077,8.19401,0.50676
15,1.59649,107.127,104.072,0.0289298,C,0.186719,0.186556,0.186556,0.186704,0.0147671,7.61539,8.63144,8.12341,0.508023
15,1.59649,107.396,104.072,0.0314381,C,0.186604,0.186767,0.186767,0.186591,0.0175979,7.5207,8.53917,8.02994,0.509232
15,1.59649,107.665,104.072,0.0339465,C,0.186489,0.185565,0.185565,0.186479,0.091337,7.35573,8.37645,7.86609,0.510359
15,1.59649,107.936,104.072,0.0364548,C,0.186375,0.184261,0.184261,0.186367,0.210582,7.18652,8.20932,7.69792,0.511401
15,1.59649,108.207,104.072,0.0389632,C,0.186261,0.184903,0.184903,0.186255,0.135223,7.11617,8.14105,7.62861,0.512436
15,1.59649,108.479,104.072,0.0414716,C,0.186147,0.182996,0.182996,0.186144,0.314773,6.91859,7.94517,7.43188,0.513292
15,1.59649,108.751,104.072,0.0439799,C,0.186034,0.189053,0.189053,0.186033,0.301973,7.12193,8.15098,7.63646,0.514523
15,1.59649,109.024,104.072,0.0464883,C,0.185921,0.188733,0.188733,0.185923,0.281002,7.00564,8.03641,7.52102,0.515383
15,1.59649,109.298,104.072,0.0489967,C,0.185809,0.187283,0.187283,0.185813,0.146991,6.83361,7.86578,7.34969,0.516086
15,1.59649,109.573,104.072,0.051505,C,0.185696,0.184433,0.184433,0.185703,0.127035,6.59261,7.62572,7.10917,0.516552
15,1.59649,109.848,104.072,0.0540134,C,0.185584,0.183243,0.183243,0.185593,0.235058,6.4359,7.47001,6.95296,0.517056
15,1.59649,110.124,104.072,0.0565217,C,0.185473,0.187311,0.187311,0.185484,0.182617,6.54248,7.57873,7.0606,0.518129
15,1.59649,110.4,104.072,0.0590301,C,0.185361,0.18744,0.18744,0.185376,0.206469,6.45319,7.4906,6.97189,0.518705
15,1.59649,110.678,104.072,0.0615385,C,0.18525,0.186687,0.186687,0.185267,0.141943,6.32081,7.359,6.8399,0.519092
15,1.59649,110.956,104.072,0.0640468,C,0.18514,0.185767,0.185767,0.185159,0.0608018,6.18125,7.21997,6.70061,0.519363
15,1.59649,111.234,104.072,0.0665552,C,0.18503,0.187408,0.187408,0.185051,0.235631,6.16953,7.20956,6.68955,0.520016
15,1.59649,111.514,104.072,0.0690635,C,0.18492,0.186643,0.186643,0.184944,0.169866,6.03947,7.07982,6.55965,0.520179
15,1.59649,111.794,104.072,0.0715719,C,0.18481,0.183582,0.183582,0.184837,0.125526,5.79738,6.83684,6.31711,0.519727
15,1.59649,112.074,104.072,0.0740803,C,0.184701,0.186507,0.186507,0.18473,0.177697,5.85112,6.89225,6.37169,0.520566
15,1.59649,112.356,104.072,0.0765886,C,0.184592,0.185278,0.185278,0.184624,0.0654377,5.70136,6.74208,6.22172,0.52036
15,1.59649,112.638,104.072,0.079097,C,0.184484,0.186806,0.186806,0.184518,0.228811,5.68762,6.72925,6.20844,0.520815
15,1.59649,112.921,104.072,0.0816054,C,0.184375,0.182038,0.182038,0.184412,0.237373,5.36763,6.4063,5.88696,0.519334
15,1.59649,113.205,104.072,0.0841137,C,0.184268,0.184663,0.184663,0.184307,0.0356409,5.4088,6.44891,5.92886,0.520052
15,1.59649,113.489,104.072,0.0866221,C,0.18416,0.182219,0.182219,0.184202,0.198237,5.20493,6.24293,5.72393,0.518998
15,1.59649,113.774,104.072,0.0891304,C,0.184053,0.185873,0.185873,0.184097,0.177591,5.29674,6.33692,5.81683,0.520089
15,1.59649,114.06,104.072,0.0916388,C,0.183946,0.187176,0.187176,0.183993,0.318351,5.27542,6.31606,5.79574,0.520319
15,1.59649,114.346,104.072,0.0941472,C,0.183839,0.185704,0.185704,0.183889,0.181526,5.12133,6.16016,5.64074,0.519412
15,1.59649,114.633,104.072,0.0966555,C,0.183733,0.184234,0.184234,0.183785,0.044941,4.96886,6.00558,5.48722,0.518358
15,1.59649,114.921,104.072,0.0991639,C,0.183628,0.182189,0.182189,0.183681,0.149293,4.7906,5.82434,5.30747,0.516869
15,1.59649,115.21,104.072,0.101672,C,0.183522,0.184959,0.184959,0.183578,0.138077,4.8418,5.87711,5.35945,0.517658
15,1.59649,115.499,104.072,0.104181,C,0.183417,0.186374,0.186374,0.183476,0.289878,4.82913,5.86469,5.34691,0.517781
15,1.59649,115.789,104.072,0.106689,C,0.183312,0.181613,0.181613,0.183373,0.176023,4.52679,5.55579,5.04129,0.514501
15,1.59649,116.08,104.072,0.109197,C,0.183208,0.182821,0.182821,0.183271,0.0449949,4.50605,5.53487,5.02046,0.514406
15,1.59649,116.372,104.072,0.111706,C,0.183104,0.183961,0.183961,0.183169,0.0791203,4.48259,5.51111,4.99685,0.514261
15,1.59649,116.664,104.072,0.114214,C,0.183,0.182313,0.182313,0.183068,0.0755353,4.33063,5.35526,4.84295,0.512312
15,1.59649,116.957,104.072,0.116722,C,0.182896,0.188076,0.188076,0.182967,0.510861,4.52206,5.55227,5.03716,0.515106
15,1.59649,117.251,104.072,0.119231,C,0.182793,0.181812,0.181812,0.182866,0.105428,4.1596,5.17943,4.66951,0.509914
15,1.59649,117.545,104.072,0.121739,C,0.182691,0.180946,0.180946,0.182766,0.182001,4.04765,5.06391,4.55578,0.50813
15,1.59649,117.84,104.072,0.124247,C,0.182588,0.181528,0.181528,0.182666,0.113788,4.00238,5.01713,4.50976,0.507377
15,1.59649,118.136,104.072,0.126756,C,0.182486,0.185948,0.185948,0.182566,0.338193,4.1309,5.15014,4.64052,0.509622
15,1.59649,118.433,104.072,0.129264,C,0.182384,0.182371,0.182371,0.182466,0.00949707,3.89935,4.91039,4.40487,0.505519
15,1.59649,118.73,104.072,0.131773,C,0.182283,0.182661,0.182661,0.182367,0.0293651,3.84296,4.8518,4.34738,0.504422
15,1.59649,119.029,104.072,0.134281,C,0.182182,0.18054,0.18054,0.182268,0.172804,3.6809,4.68306,4.18198,0.501081
15,1.59649,119.327,104.072,0.136789,C,0.182081,0.18238,0.18238,0.18217,0.0209928,3.69451,4.69712,4.19581,0.501305
15,1.59649,119.627,104.072,0.139298,C,0.181981,0.181398,0.181398,0.182071,0.0673819,3.585,4.58264,4.08382,0.498822
15,1.59649,119.928,104.072,0.141806,C,0.181881,0.18303,0.18303,0.181974,0.105663,3.59025,4.58796,4.0891,0.498853
15,1.59649,120.229,104.072,0.144314,C,0.181781,0.181959,0.181959,0.181876,0.00826552,3.47889,4.47114,3.97501,0.496128
15,1.59649,120.531,104.072,0.146823,C,0.181682,0.180379,0.180379,0.181779,0.139991,3.34744,4.33283,3.84013,0.492696
15,1.59649,120.834,104.072,0.149331,C,0.181583,0.181222,0.181222,0.181682,0.046003,3.32044,4.3041,3.81227,0.491834
15,1.59649,121.137,104.072,0.151839,C,0.181484,0.177825,0.177825,0.181585,0.376048,3.116,4.0879,3.60195,0.485947
15,1.59649,121.441,104.072,0.154348,C,0.181386,0.182946,0.182946,0.181489,0.145689,3.26932,4.24958,3.75945,0.490131
15,1.59649,121.746,104.072,0.156856,C,0.181288,0.184045,0.184045,0.181393,0.265213,3.25431,4.23341,3.74386,0.489551
15,1.59649,122.052,104.072,0.159365,C,0.18119,0.180885,0.180885,0.181297,0.041248,3.06315,4.03058,3.54687,0.483715
15,1.59649,122.359,104.072,0.161873,C,0.181093,0.178749,0.178749,0.181202,0.245296,2.91757,3.87519,3.39638,0.478808
15,1.59649,122.666,104.072,0.164381,C,0.180996,0.179886,0.179886,0.181107,0.122073,2.90624,3.86259,3.38441,0.478176
15,1.59649,122.974,104.072,0.16689,C,0.180899,0.17908,0.17908,0.181012,0.193123,2.81731,3.76698,3.29215,0.474837
15,1.59649,123.283,104.072,0.169398,C,0.180803,0.17999,0.17999,0.180917,0.092693,2.79778,3.74552,3.27165,0.473867
15,1.59649,123.592,104.072,0.171906,C,0.180707,0.180275,0.180275,0.180823,0.0548243,2.75389,3.69785,3.22587,0.471985
15,1.59649,123.903,104.072,0.174415,C,0.180612,0.180249,0.180249,0.180729,0.048021,2.69846,3.63768,3.16807,0.469608
15,1.59649,124.214,104.072,0.176923,C,0.180516,0.176083,0.176083,0.180636,0.455245,2.48461,3.40584,2.94522,0.460618
15,1.59649,124.526,104.072,0.179431,C,0.180421,0.18087,0.18087,0.180542,0.0327876,2.61597,3.5475,3.08174,0.465764
15,1.59649,124.839,104.072,0.18194,C,0.180327,0.179904,0.179904,0.180449,0.0545884,2.52686,3.45036,2.98861,0.461752
15,1.59649,125.152,104.072,0.184448,C,0.180233,0.177953,0.177953,0.180357,0.240336,2.40248,3.31436,2.85842,0.455942
15,1.59649,125.467,104.072,0.186957,C,0.180139,0.180304,0.180304,0.180264,0.00395948,2.44036,3.35499,2.89768,0.457313
15,1.59649,125.782,104.072,0.189465,C,0.180045,0.17675,0.17675,0.180172,0.342218,2.25988,3.15676,2.70832,0.448442
15,1.59649,126.098,104.072,0.191973,C,0.179952,0.180244,0.180244,0.180081,0.0163649,2.33949,3.24339,2.79144,0.451951
15,1.59649,126.414,104.072,0.194482,C,0.179859,0.178402,0.178402,0.179989,0.158678,2.22457,3.1164,2.67048,0.445911
15,1.59649,126.732,104.072,0.19699,C,0.179767,0.179968,0.179968,0.179898,0.00696448,2.23392,3.12595,2.67994,0.446017
15,1.59649,127.05,104.072,0.199498,C,0.179674,0.18097,0.18097,0.179807,0.116276,2.22315,3.11335,2.66825,0.445101
15,1.59649,127.369,104.072,0.202007,C,0.179583,0.180299,0.180299,0.179717,0.0582565,2.1532,3.03529,2.59424,0.441046
15,1.59649,127.689,104.072,0.204515,C,0.179491,0.17944,0.17944,0.179626,0.0186271,2.07797,2.95103,2.5145,0.436526
15,1.59649,128.01,104.072,0.207023,C,0.1794,0.183278,0.183278,0.179536,0.374178,2.16748,3.04966,2.60857,0.441086
15,1.59649,128.331,104.072,0.209532,C,0.179309,0.181351,0.181351,0.179447,0.190456,2.05585,2.92484,2.49034,0.434499
15,1.59649,128.653,104.072,0.21204,C,0.179219,0.179203,0.179203,0.179357,0.0154078,1.93955,2.79394,2.36675,0.427194
15,1.59649,128.977,104.072,0.214548,C,0.179129,0.178469,0.178469,0.179268,0.0798856,1.87318,2.71842,2.2958,0.422619
15,1.59649,129.301,104.072,0.217057,C,0.179039,0.181455,0.181455,0.179179,0.227558,1.93107,2.78281,2.35694,0.425869
15,1.59649,129.625,104.072,0.219565,C,0.178949,0.182432,0.182432,0.179091,0.334103,1.92208,2.77191,2.347,0.424915
15,1.59649,129.951,104.072,0.222074,C,0.17886,0.179798,0.179798,0.179003,0.0795282,1.79507,2.62751,2.21129,0.416221
15,1.59649,130.277,104.072,0.224582,C,0.178771,0.17922,0.17922,0.178915,0.0305559,1.73721,2.56082,2.14901,0.411805
15,1.59649,130.604,104.072,0.22709,C,0.178683,0.179439,0.179439,0.178827,0.0611971,1.70557,2.52383,2.1147,0.409129
15,1.59649,130.932,104.072,0.229599,C,0.178595,0.176731,0.176731,0.17874,0.200867,1.58398,2.3832,1.98359,0.399608
15,1.59649,131.261,104.072,0.232107,C,0.178507,0.178455,0.178455,0.178653,0.019774,1.60011,2.40093,2.00052,0.400409
15,1.59649,131.591,104.072,0.234615,C,0.17842,0.178325,0.178325,0.178566,0.0240524,1.55993,2.35357,1.95675,0.396824
15,1.59649,131.921,104.072,0.237124,C,0.178333,0.178809,0.178809,0.178479,0.0330239,1.53882,2.32821,1.93351,0.394694
15,1.59649,132.253,104.072,0.239632,C,0.178246,0.178684,0.178684,0.178393,0.0290593,1.49998,2.28214,1.89106,0.391076
15,1.59649,132.585,104.072,0.24214,C,0.178159,0.176955,0.176955,0.178307,0.135256,1.41546,2.18229,1.79887,0.383416
15,1.59649,132.918,104.072,0.244649,C,0.178073,0.181042,0.181042,0.178221,0.282019,1.50028,2.28074,1.89051,0.390228
15,1.59649,133.252,104.072,0.247157,C,0.177988,0.1766,0.1766,0.178136,0.153602,1.33982,2.09115,1.71548,0.375666
15,1.59649,133.586,104.072,0.249666,C,0.177902,0.175967,0.175967,0.178051,0.208438,1.29059,2.03168,1.66114,0.370547
15,1.59649,133.922,104.072,0.252174,C,0.177817,0.177701,0.177701,0.177966,0.0265214,1.30688,2.05017,1.67852,0.371645
15,1.59649,134.258,104.072,0.254682,C,0.177733,0.176864,0.176864,0.177882,0.101722,1.25328,1.98521,1.61925,0.365966
15,1.59649,134.595,104.072,0.257191,C,0.177648,0.178172,0.178172,0.177797,0.0375011,1.25805,1.99001,1.62403,0.365982
15,1.59649,134.933,104.072,0.259699,C,0.177564,0.176312,0.176312,0.177713,0.140158,1.1792,1.89412,1.53666,0.357462
15,1.59649,135.272,104.072,0.262207,C,0.177481,0.179416,0.179416,0.17763,0.178615,1.23122,1.956,1.59361,0.362388
15,1.59649,135.612,104.072,0.264716,C,0.177397,0.174688,0.174688,0.177546,0.28582,1.08151,1.77317,1.42734,0.345827
15,1.59649,135.953,104.072,0.267224,C,0.177314,0.177858,0.177858,0.177463,0.039503,1.1334,1.83573,1.48457,0.351161
15,1.59649,136.294,104.072,0.269732,C,0.177232,0.178399,0.178399,0.17738,0.101908,1.11928,1.81758,1.46843,0.34915
15,1.59649,136.636,104.072,0.272241,C,0.177149,0.176981,0.176981,0.177298,0.0316282,1.05719,1.74043,1.39881,0.341624
15,1.59649,136.98,104.072,0.274749,C,0.177067,0.174479,0.174479,0.177215,0.273617,0.971685,1.63332,1.3025,0.330815
15,1.59649,137.324,104.072,0.277258,C,0.176986,0.177014,0.177014,0.177133,0.0119409,1.00597,1.67516,1.34056,0.334595
15,1.59649,137.668,104.072,0.279766,C,0.176905,0.177004,0.177004,0.177052,0.00479787,0.980508,1.6425,1.31151,0.330997
15,1.59649,138.014,104.072,0.282274,C,0.176824,0.174384,0.174384,0.17697,0.258577,0.89663,1.53597,1.2163,0.319669
15,1.59649,138.361,104.072,0.284783,C,0.176743,0.176636,0.176636,0.176889,0.0253018,0.923329,1.56885,1.24609,0.322762
15,1.59649,138.708,104.072,0.287291,C,0.176663,0.178347,0.178347,0.176808,0.153933,0.938019,1.5865,1.26226,0.324239
15,1.59649,139.057,104.072,0.289799,C,0.176583,0.177631,0.177631,0.176727,0.0903652,0.898497,1.53562,1.21706,0.318561
15,1.59649,139.406,104.072,0.292308,C,0.176503,0.175859,0.175859,0.176647,0.0787239,0.837547,1.45687,1.14721,0.309662
15,1.59649,139.756,104.072,0.294816,C,0.176424,0.175105,0.175105,0.176567,0.146186,0.800015,1.40753,1.10377,0.30376
15,1.59649,140.107,104.072,0.297324,C,0.176345,0.17543,0.17543,0.176487,0.105619,0.785545,1.38786,1.0867,0.301155
15,1.59649,140.459,104.072,0.299833,C,0.176267,0.176706,0.176706,0.176407,0.0298905,0.790623,1.39358,1.0921,0.301476
15,1.59649,140.812,104.072,0.302341,C,0.176188,0.178802,0.178802,0.176328,0.247452,0.812561,1.42116,1.11686,0.304298
15,1.59649,141.165,104.072,0.304849,C,0.17611,0.174794,0.174794,0.176249,0.145465,0.712299,1.28909,1.00069,0.288394
15,1.59649,141.52,104.072,0.307358,C,0.176033,0.178203,0.178203,0.17617,0.20337,0.759114,1.34989,1.0545,0.295387
15,1.59649,141.875,104.072,0.309866,C,0.175956,0.175905,0.175905,0.176091,0.0186286,0.695119,1.26454,0.979831,0.284712
15,1.59649,142.232,104.072,0.312375,C,0.175879,0.178898,0.178898,0.176013,0.288496,0.73309,1.31401,1.02355,0.290459
15,1.59649,142.589,104.072,0.314883,C,0.175802,0.176129,0.176129,0.175935,0.0194588,0.662194,1.21881,0.940501,0.278308
15,1.59649,142.947,104.072,0.317391,C,0.175726,0.17423,0.17423,0.175857,0.162687,0.610579,1.14808,0.879328,0.268748
15,1.59649,143.306,104.072,0.3199,C,0.17565,0.176595,0.176595,0.175779,0.0815428,0.634919,1.18034,0.907628,0.27271
15,1.59649,143.666,104.072,0.322408,C,0.175575,0.173594,0.173594,0.175702,0.210792,0.566419,1.08569,0.826053,0.259634
15,1.59649,144.027,104.072,0.324916,C,0.1755,0.173616,0.173616,0.175625,0.200944,0.550799,1.06316,0.80698,0.256181
15,1.59649,144.388,104.072,0.327425,C,0.175425,0.174995,0.174995,0.175548,0.0553414,0.557593,1.0718,0.814694,0.257101
15,1.59649,144.751,104.072,0.329933,C,0.175351,0.17677,0.17677,0.175472,0.12986,0.570949,1.08951,0.830232,0.259282
15,1.59649,145.115,104.072,0.332441,C,0.175276,0.172649,0.172649,0.175396,0.2747,0.490289,0.975442,0.732866,0.242577
15,1.59649,145.479,104.072,0.33495,C,0.175203,0.174753,0.174753,0.17532,0.0566565,0.508004,0.999824,0.753914,0.24591
15,1.59649,145.844,104.072,0.337458,C,0.175129,0.173306,0.173306,0.175244,0.193744,0.471871,0.947476,0.709673,0.237802
15,1.59649,146.211,104.072,0.339967,C,0.175056,0.175996,0.175996,0.175168,0.0827355,0.498028,0.984104,0.741066,0.243038
15,1.59649,146.578,104.072,0.342475,C,0.174983,0.176233,0.176233,0.175093,0.113962,0.487403,0.968191,0.727797,0.240394
15,1.59649,146.946,104.072,0.344983,C,0.174911,0.172782,0.172782,0.175018,0.223644,0.424463,0.876239,0.650351,0.225888
15,1.59649,147.315,104.072,0.347492,C,0.174839,0.176391,0.176391,0.174943,0.144774,0.462244,0.930538,0.696391,0.234147
15,1.59649,147.685,104.072,0.35,C,0.174767,0.175497,0.175497,0.174869,0.0628121,0.436451,0.892311,0.664381,0.22793
16,1.69737,69.9377,104.335,-0.4,P,0.208582,0.208015,0.208015,0.209288,0.127363,0.497176,0.896461,0.696818,0.199642
16,1.69737,70.1133,104.335,-0.397492,P,0.208415,0.213041,0.213041,0.209112,0.392931,0.573421,0.998566,0.785993,0.212572
16,1.69737,70.2894,104.335,-0.394983,P,0.208249,0.20946,0.20946,0.208936,0.0524337,0.540933,0.956731,0.748832,0.207899
16,1.69737,70.4659,104.335,-0.392475,P,0.208082,0.206218,0.206218,0.20876,0.254232,0.513384,0.921044,0.717214,0.20383
16,1.69737,70.6429,104.335,-0.389967,P,0.207917,0.211924,0.211924,0.208585,0.333919,0.601076,1.03763,0.819355,0.218278
16,1.69737,70.8203,104.335,-0.387458,P,0.207751,0.206432,0.206432,0.20841,0.197883,0.542608,0.961892,0.75225,0.209642
16,1.69737,70.9982,104.335,-0.38495,P,0.207586,0.209921,0.209921,0.208236,0.168479,0.602989,1.04214,0.822565,0.219575
16,1.69737,71.1765,104.335,-0.382441,P,0.207421,0.205158,0.205158,0.208062,0.290397,0.553515,0.978327,0.765921,0.212406
16,1.69737,71.3553,104.335,-0.379933,P,0.207256,0.20587,0.20587,0.207888,0.201845,0.577086,1.01036,0.793725,0.216639
16,1.69737,71.5345,104.335,-0.377425,P,0.207092,0.207636,0.207636,0.207715,0.00792177,0.615998,1.06214,0.839068,0.22307
16,1.69737,71.7141,104.335,-0.374916,P,0.206928,0.210961,0.210961,0.207542,0.341849,0.679292,1.14461,0.91195,0.232658
16,1.69737,71.8943,104.335,-0.372408,P,0.206764,0.208485,0.208485,0.20737,0.111518,0.659063,1.1198,0.889433,0.23037
16,1.69737,72.0748,104.335,-0.3699,P,0.206601,0.20622,0.20622,0.207198,0.0978288,0.642016,1.09897,0.870493,0.228477
16,1.69737,72.2558,104.335,-0.367391,P,0.206438,0.210909,0.210909,0.207026,0.388244,0.728433,1.21024,0.969337,0.240904
16,1.69737,72.4373,104.335,-0.364883,P,0.206275,0.209716,0.209716,0.206855,0.286107,0.727185,1.20978,0.968483,0.241298
16,1.69737,72.6192,104.335,-0.362375,P,0.206113,0.205845,0.205845,0.206684,0.083965,0.684936,1.15729,0.921115,0.236179
16,1.69737,72.8016,104.335,-0.359866,P,0.205951,0.203762,0.203762,0.206514,0.275175,0.670154,1.13954,0.904845,0.234691
16,1.69737,72.9845,104.335,-0.357358,P,0.205789,0.210339,0.210339,0.206344,0.399471,0.790496,1.29262,1.04156,0.251063
16,1.69737,73.1678,104.335,-0.354849,P,0.205628,0.205512,0.205512,0.206174,0.0661891,0.731103,1.21929,0.975197,0.244094
16,1.69737,73.3515,104.335,-0.352341,P,0.205467,0.20703,0.20703,0.206005,0.102437,0.773362,1.27356,1.02346,0.2501
16,1.69737,73.5357,104.335,-0.349833,P,0.205306,0.204701,0.204701,0.205836,0.113524,0.753862,1.2503,1.00208,0.248219
16,1.69737,73.7204,104.335,-0.347324,P,0.205146,0.207968,0.207968,0.205668,0.230008,0.826585,1.34219,1.08439,0.257804
16,1.69737,73.9056,104.335,-0.344816,P,0.204985,0.205225,0.205225,0.2055,0.027521,0.79958,1.30987,1.05473,0.255147
16,1.69737,74.0912,104.335,-0.342308,P,0.204826,0.20864,0.20864,0.205332,0.330707,0.877748,1.4077,1.14273,0.264978
16,1.69737,74.2773,104.335,-0.339799,P,0.204666,0.20382,0.20382,0.205165,0.134545,0.814283,1.33061,1.07245,0.258164
16,1.69737,74.4638,104.335,-0.337291,P,0.204507,0.205993,0.205993,0.204999,0.0994473,0.871838,1.40294,1.13739,0.26555
16,1.69737,74.6508,104.335,-0.334783,P,0.204348,0.205947,0.205947,0.204832,0.111467,0.891594,1.42843,1.16001,0.268421
16,1.69737,74.8383,104.335,-0.332274,P,0.20419,0.205104,0.205104,0.204666,0.0437514,0.897317,1.43672,1.16702,0.2697
16,1.69737,75.0263,104.335,-0.329766,P,0.204032,0.203636,0.203636,0.204501,0.0864738,0.891812,1.43127,1.16154,0.269728
16,1.69737,75.2147,104.335,-0.327258,P,0.203874,0.202708,0.202708,0.204336,0.162778,0.896069,1.43778,1.16693,0.270857
16,1.69737,75.4036,104.335,-0.324749,P,0.203716,0.201378,0.201378,0.204171,0.279327,0.893048,1.4354,1.16422,0.271176
16,1.69737,75.593,104.335,-0.322241,P,0.203559,0.203408,0.203408,0.204006,0.0597988,0.952369,1.50901,1.23069,0.278322
16,1.69737,75.7828,104.335,-0.319732,P,0.203402,0.20738,0.20738,0.203842,0.353742,1.05197,1.63027,1.34112,0.289152
16,1.69737,75.9732,104.335,-0.317224,P,0.203246,0.202476,0.202476,0.203679,0.120245,0.979646,1.54473,1.26219,0.282541
16,1.69737,76.164,104.335,-0.314716,P,0.203089,0.204187,0.204187,0.203516,0.0671571,1.03632,1.61427,1.32529,0.288975
16,1.69737,76.3553,104.335,-0.312207,P,0.202934,0.201782,0.201782,0.203353,0.157146,1.01247,1.58703,1.29975,0.287282
16,1.69737,76.547,104.335,-0.309699,P,0.202778,0.202858,0.202858,0.203191,0.033316,1.05781,1.64276,1.35028,0.292476
16,1.69737,76.7393,104.335,-0.307191,P,0.202623,0.20396,0.20396,0.203029,0.0930983,1.10496,1.70033,1.40264,0.297682
16,1.69737,76.932,104.335,-0.304682,P,0.202468,0.202869,0.202869,0.202867,0.00016903,1.10759,1.70487,1.40623,0.29864
16,1.69737,77.1252,104.335,-0.302174,P,0.202313,0.200032,0.200032,0.202706,0.267386,1.07414,1.66653,1.37033,0.296193
16,1.69737,77.3189,104.335,-0.299666,P,0.202159,0.200643,0.200643,0.202545,0.190234,1.11205,1.71305,1.41255,0.300502
16,1.69737,77.5131,104.335,-0.297157,P,0.202005,0.20233,0.20233,0.202385,0.00549245,1.17392,1.78763,1.48078,0.306855
16,1.69737,77.7078,104.335,-0.294649,P,0.201851,0.201796,0.201796,0.202225,0.0428625,1.18913,1.807,1.49806,0.308935
16,1.69737,77.903,104.335,-0.29214,P,0.201698,0.198658,0.198658,0.202066,0.340773,1.14801,1.76006,1.45403,0.306024
16,1.69737,78.0986,104.335,-0.289632,P,0.201545,0.202181,0.202181,0.201906,0.0274254,1.25257,1.88428,1.56842,0.315859
16,1.69737,78.2948,104.335,-0.287124,P,0.201392,0.202427,0.202427,0.201748,0.0679745,1.28649,1.92531,1.6059,0.319414
16,1.69737,78.4914,104.335,-0.284615,P,0.20124,0.198696,0.198696,0.201589,0.289325,1.23065,1.86173,1.54619,0.315543
16,1.69737,78.6885,104.335,-0.282107,P,0.201088,0.199743,0.199743,0.201432,0.168835,1.28285,1.92416,1.6035,0.320657
16,1.69737,78.8862,104.335,-0.279599,P,0.200936,0.199076,0.199076,0.201274,0.219832,1.29659,1.94169,1.61914,0.322553
16,1.69737,79.0843,104.335,-0.27709,P,0.200785,0.202063,0.202063,0.201117,0.0946113,1.39672,2.05899,1.72786,0.331134
16,1.69737,79.2829,104.335,-0.274582,P,0.200634,0.201247,0.201247,0.20096,0.0287245,1.40806,2.0736,1.74083,0.332774
16,1.69737,79.482,104.335,-0.272074,P,0.200483,0.19982,0.19982,0.200804,0.098429,1.40475,2.0714,1.73807,0.333326
16,1.69737,79.6816,104.335,-0.269565,P,0.200333,0.198709,0.198709,0.200648,0.19385,1.40915,2.07807,1.74361,0.334461
16,1.69737,79.8818,104.335,-0.267057,P,0.200183,0.199363,0.199363,0.200492,0.112943,1.45693,2.13446,1.79569,0.338767
16,1.69737,80.0824,104.335,-0.264548,P,0.200033,0.199115,0.199115,0.200337,0.122271,1.48319,2.1661,1.82464,0.341457
16,1.69737,80.2835,104.335,-0.26204,P,0.199884,0.197522,0.197522,0.200183,0.266094,1.47609,2.15965,1.81787,0.341783
16,1.69737,80.4851,104.335,-0.259532,P,0.199734,0.197827,0.197827,0.200028,0.220089,1.51692,2.20786,1.86239,0.345469
16,1.69737,80.6873,104.335,-0.257023,P,0.199586,0.19542,0.19542,0.199874,0.44541,1.48923,2.17801,1.83362,0.34439
16,1.69737,80.8899,104.335,-0.254515,P,0.199437,0.201558,0.201558,0.199721,0.183758,1.68332,2.39933,2.04133,0.358003
16,1.69737,81.0931,104.335,-0.252007,P,0.199289,0.1974,0.1974,0.199568,0.216773,1.60885,2.31714,1.96299,0.354144
16,1.69737,81.2968,104.335,-0.249498,P,0.199141,0.195095,0.195095,0.199415,0.431952,1.5834,2.2901,1.93675,0.353349
16,1.69737,81.5009,104.335,-0.24699,P,0.198994,0.198014,0.198014,0.199263,0.124862,1.69708,2.41989,2.05849,0.361408
16,1.69737,81.7056,104.335,-0.244482,P,0.198847,0.201197,0.201197,0.199111,0.208669,1.82194,2.56115,2.19155,0.369605
16,1.69737,81.9108,104.335,-0.241973,P,0.1987,0.197319,0.197319,0.198959,0.164042,1.7525,2.48544,2.11897,0.366472
16,1.69737,82.1165,104.335,-0.239465,P,0.198553,0.195437,0.195437,0.198808,0.337086,1.73831,2.47135,2.10483,0.36652
16,1.69737,82.3228,104.335,-0.236957,P,0.198407,0.200278,0.200278,0.198657,0.16204,1.91355,2.66805,2.2908,0.377247
16,1.69737,82.5295,104.335,-0.234448,P,0.198261,0.197191,0.197191,0.198507,0.131585,1.86512,2.61616,2.24064,0.375519
16,1.69737,82.7368,104.335,-0.23194,P,0.198116,0.199006,0.199006,0.198357,0.0649343,1.95787,2.72057,2.33922,0.381348
16,1.69737,82.9446,104.335,-0.229431,P,0.19797,0.199396,0.199396,0.198207,0.118859,2.01074,2.78061,2.39567,0.384935
16,1.69737,83.1529,104.335,-0.226923,P,0.197825,0.197423,0.197423,0.198058,0.0634903,1.99432,2.76434,2.37933,0.38501
16,1.69737,83.3618,104.335,-0.224415,P,0.197681,0.196782,0.196782,0.197909,0.112717,2.01744,2.7916,2.40452,0.387079
16,1.69737,83.5711,104.335,-0.221906,P,0.197537,0.198657,0.198657,0.197761,0.0896049,2.11699,2.90259,2.50979,0.3928
16,1.69737,83.781,104.335,-0.219398,P,0.197393,0.198256,0.198256,0.197613,0.0642637,2.14878,2.93917,2.54398,0.395191
16,1.69737,83.9914,104.335,-0.21689,P,0.197249,0.196651,0.196651,0.197465,0.0814384,2.14392,2.93569,2.53981,0.395888
16,1.69737,84.2024,104.335,-0.214381,P,0.197106,0.195751,0.195751,0.197318,0.156756,2.16088,2.95607,2.55848,0.397593
16,1.69737,84.4138,104.335,-0.211873,P,0.196963,0.19763,0.19763,0.197171,0.0458609,2.26543,3.0717,2.66857,0.403139
16,1.69737,84.6259,104.335,-0.209365,P,0.19682,0.197074,0.197074,0.197025,0.00494776,2.2945,3.10511,2.6998,0.405305
16,1.69737,84.8384,104.335,-0.206856,P,0.196678,0.198287,0.198287,0.196879,0.14086,2.381,3.20059,2.79079,0.409793
16,1.69737,85.0515,104.335,-0.204348,P,0.196536,0.198793,0.198793,0.196733,0.206003,2.44609,3.27267,2.85938,0.413288
16,1.69737,85.2651,104.335,-0.201839,P,0.196394,0.197725,0.197725,0.196588,0.113679,2.46035,3.28989,2.87512,0.414771
16,1.69737,85.4792,104.335,-0.199331,P,0.196253,0.195043,0.195043,0.196443,0.140054,2.42154,3.24998,2.83576,0.414221
16,1.69737,85.6939,104.335,-0.196823,P,0.196112,0.202285,0.202285,0.196299,0.598634,2.71539,3.56692,3.14115,0.425766
16,1.69737,85.9091,104.335,-0.194314,P,0.195971,0.196514,0.196514,0.196155,0.035928,2.57164,3.41509,2.99336,0.421722
16,1.69737,86.1249,104.335,-0.191806,P,0.195831,0.19528,0.19528,0.196011,0.0730554,2.58166,3.42772,3.00469,0.423033
16,1.69737,86.3412,104.335,-0.189298,P,0.195691,0.196993,0.196993,0.195868,0.112508,2.69295,3.54859,3.12077,0.427817
16,1.69737,86.558,104.335,-0.186789,P,0.195551,0.196327,0.196327,0.195725,0.0602683,2.72364,3.5832,3.15342,0.429784
16,1.69737,86.7754,104.335,-0.184281,P,0.195411,0.194099,0.194099,0.195582,0.148333,2.70022,3.56017,3.13019,0.429976
16,1.69737,86.9934,104.335,-0.181773,P,0.195272,0.192603,0.192603,0.19544,0.283661,2.70235,3.56439,3.13337,0.431019
16,1.69737,87.2118,104.335,-0.179264,P,0.195133,0.197349,0.197349,0.195298,0.20503,2.92609,3.80393,3.36501,0.438918
16,1.69737,87.4309,104.335,-0.176756,P,0.194995,0.19523,0.19523,0.195157,0.00726216,2.9071,3.78573,3.34641,0.439315
16,1.69737,87.6505,104.335,-0.174247,P,0.194857,0.199867,0.199867,0.195016,0.485107,3.13388,4.02703,3.58046,0.446578
16,1.69737,87.8706,104.335,-0.171739,P,0.194719,0.194224,0.194224,0.194875,0.065093,2.98641,3.87345,3.42993,0.443521
16,1.69737,88.0913,104.335,-0.169231,P,0.194582,0.196488,0.196488,0.194735,0.175267,3.12901,4.02567,3.57734,0.448333
16,1.69737,88.3125,104.335,-0.166722,P,0.194444,0.192948,0.192948,0.194595,0.164704,3.05809,3.95294,3.50552,0.447422
16,1.69737,88.5343,104.335,-0.164214,P,0.194308,0.194555,0.194555,0.194456,0.00988607,3.17864,4.08167,3.63016,0.451515
16,1.69737,88.7567,104.335,-0.161706,P,0.194171,0.1916,0.1916,0.194317,0.271715,3.12924,4.0317,3.58047,0.451233
16,1.69737,88.9796,104.335,-0.159197,P,0.194035,0.195162,0.195162,0.194178,0.0983965,3.32655,4.24055,3.78355,0.456999
16,1.69737,89.2031,104.335,-0.156689,P,0.193899,0.196216,0.196216,0.19404,0.217562,3.43113,4.35174,3.89143,0.460306
16,1.69737,89.4271,104.335,-0.154181,P,0.193764,0.195226,0.195226,0.193902,0.132388,3.45793,4.38159,3.91976,0.461831
16,1.69737,89.6517,104.335,-0.151672,P,0.193628,0.1949,0.1949,0.193764,0.113567,3.5111,4.4389,3.975,0.463901
16,1.69737,89.8769,104.335,-0.149164,P,0.193493,0.191495,0.191495,0.193627,0.213185,3.44418,4.37106,3.90762,0.463444
16,1.69737,90.1026,104.335,-0.146656,P,0.193359,0.191549,0.191549,0.193491,0.194105,3.513,4.44468,3.97884,0.465841
16,1.69737,90.3289,104.335,-0.144147,P,0.193225,0.189984,0.189984,0.193354,0.337059,3.51853,4.45237,3.98545,0.466917
16,1.69737,90.5557,104.335,-0.141639,P,0.193091,0.193314,0.193314,0.193218,0.00955403,3.72023,4.66373,4.19198,0.471752
16,1.69737,90.7832,104.335,-0.13913,P,0.192957,0.192359,0.192359,0.193083,0.0723977,3.75182,4.69834,4.22508,0.47326
16,1.69737,91.0112,104.335,-0.136622,P,0.192824,0.191917,0.191917,0.192947,0.103036,3.80482,4.75508,4.27995,0.475128
16,1.69737,91.2398,104.335,-0.134114,P,0.192691,0.192737,0.192737,0.192812,0.00751582,3.91037,4.86604,4.38821,0.477832
16,1.69737,91.4689,104.335,-0.131605,P,0.192558,0.193522,0.193522,0.192678,0.0844399,4.01604,4.9769,4.49647,0.480426
16,1.69737,91.6986,104.335,-0.129097,P,0.192426,0.194461,0.194461,0.192544,0.191742,4.12969,5.09575,4.61272,0.483031
16,1.69737,91.9289,104.335,-0.126589,P,0.192294,0.192846,0.192846,0.19241,0.0436191,4.13757,5.10565,4.62161,0.484037
16,1.69737,92.1598,104.335,-0.12408,P,0.192162,0.192761,0.192761,0.192277,0.0484727,4.21034,5.18223,4.69628,0.485947
16,1.69737,92.3913,104.335,-0.121572,P,0.192031,0.194881,0.194881,0.192144,0.27369,4.37804,5.35609,4.86706,0.489026
16,1.69737,92.6233,104.335,-0.119064,P,0.1919,0.187784,0.187784,0.192011,0.422672,4.1537,5.12764,4.64067,0.48697
16,1.69737,92.8559,104.335,-0.116555,P,0.191769,0.191818,0.191818,0.191879,0.00604422,4.40511,5.38728,4.89619,0.491083
16,1.69737,93.0891,104.335,-0.114047,P,0.191639,0.193685,0.193685,0.191747,0.193771,4.56649,5.5541,5.06029,0.493804
16,1.69737,93.3229,104.335,-0.111538,P,0.191509,0.192378,0.192378,0.191615,0.0762972,4.59142,5.58125,5.08633,0.494914
16,1.69737,93.5573,104.335,-0.10903,P,0.191379,0.190451,0.190451,0.191484,0.103359,4.58958,5.58104,5.08531,0.495731
16,1.69737,93.7923,104.335,-0.106522,P,0.19125,0.191124,0.191124,0.191354,0.0229596,4.70263,5.69808,5.20035,0.497724
16,1.69737,94.0279,104.335,-0.104013,P,0.191121,0.192265,0.192265,0.191223,0.104142,4.83798,5.83764,5.33781,0.49983
16,1.69737,94.264,104.335,-0.101505,P,0.190992,0.189527,0.189527,0.191093,0.156632,4.80179,5.80239,5.30209,0.500299
16,1.69737,94.5007,104.335,-0.0989967,P,0.190863,0.191383,0.191383,0.190963,0.0419036,4.97166,5.97681,5.47424,0.502577
16,1.69737,94.7381,104.335,-0.0964883,P,0.190735,0.19328,0.19328,0.190834,0.244617,5.1457,6.15514,5.65042,0.504724
16,1.69737,94.976,104.335,-0.0939799,P,0.190608,0.190891,0.190891,0.190705,0.0185678,5.12682,6.13747,5.63214,0.505326
16,1.69737,95.2146,104.335,-0.0914716,P,0.19048,0.192117,0.192117,0.190577,0.15403,5.27324,6.28746,5.78035,0.507106
16,1.69737,95.4537,104.335,-0.0889632,P,0.190353,0.190898,0.190898,0.190449,0.0449341,5.30907,6.32519,5.81713,0.508061
16,1.69737,95.6934,104.335,-0.0864548,P,0.190226,0.189782,0.189782,0.190321,0.0538418,5.35031,6.36837,5.85934,0.509032
16,1.69737,95.9338,104.335,-0.0839465,P,0.1901,0.189762,0.189762,0.190193,0.0431254,5.44304,6.46361,5.95333,0.510286
16,1.69737,96.1747,104.335,-0.0814381,P,0.189973,0.191886,0.191886,0.190066,0.181961,5.637,6.66104,6.14902,0.512019
16,1.69737,96.4162,104.335,-0.0789298,P,0.189848,0.18813,0.18813,0.18994,0.180991,5.55754,6.58205,6.0698,0.512255
16,1.69737,96.6584,104.335,-0.0764214,P,0.189722,0.190126,0.190126,0.189813,0.0312969,5.74846,6.77611,6.26229,0.513826
16,1.69737,96.9011,104.335,-0.073913,P,0.189597,0.192987,0.192987,0.189687,0.330028,5.98257,7.01342,6.498,0.515427
16,1.69737,97.1445,104.335,-0.0714047,P,0.189472,0.18891,0.18891,0.189562,0.0651496,5.88914,6.9204,6.40477,0.515627
16,1.69737,97.3885,104.335,-0.0688963,P,0.189347,0.190459,0.190459,0.189436,0.10223,6.06392,7.0976,6.58076,0.516844
16,1.69737,97.6331,104.335,-0.066388,P,0.189223,0.187487,0.187487,0.189311,0.182414,6.02389,7.05838,6.54113,0.517246
16,1.69737,97.8783,104.335,-0.0638796,P,0.189099,0.190026,0.190026,0.189187,0.0839696,6.2492,7.28615,6.76767,0.518477
16,1.69737,98.1241,104.335,-0.0613712,P,0.188976,0.189146,0.189146,0.189063,0.00834296,6.31147,7.34974,6.83061,0.519135
16,1.69737,98.3706,104.335,-0.0588629,P,0.188852,0.191245,0.191245,0.188939,0.230644,6.51936,7.55956,7.03946,0.5201
16,1.69737,98.6176,104.335,-0.0563545,P,0.188729,0.189945,0.189945,0.188815,0.112936,6.56358,7.60481,7.0842,0.520615
16,1.69737,98.8653,104.335,-0.0538462,P,0.188607,0.189978,0.189978,0.188692,0.128622,6.6739,7.71635,7.19512,0.521223
16,1.69737,99.1136,104.335,-0.0513378,P,0.188485,0.19156,0.19156,0.188569,0.299029,6.86155,7.90533,7.38344,0.521891
16,1.69737,99.3625,104.335,-0.0488294,P,0.188363,0.19099,0.19099,0.188447,0.254326,6.94501,7.98967,7.46734,0.52233
16,1.69737,99.6121,104.335,-0.0463211,P,0.188241,0.188774,0.188774,0.188325,0.0449257,6.94815,7.99342,7.47079,0.522633
16,1.69737,99.8622,104.335,-0.0438127,P,0.18812,0.189136,0.189136,0.188203,0.0932257,7.07976,8.12585,7.6028,0.523042
16,1.69737,100.113,104.335,-0.0413043,P,0.187999,0.190009,0.190009,0.188082,0.192667,7.23829,8.2851,7.76169,0.523404
16,1.69737,100.364,104.335,-0.038796,P,0.187878,0.189171,0.189171,0.187961,0.120954,7.31296,8.36026,7.83661,0.523648
16,1.69737,100.617,104.335,-0.0362876,P,0.187758,0.18806,0.18806,0.18784,0.0220021,7.3751,8.42278,7.89894,0.523843
16,1.69737,100.869,104.335,-0.0337793,P,0.187638,0.19029,0.19029,0.18772,0.256958,7.60598,8.65405,8.13002,0.524034
16,1.69737,101.123,104.335,-0.0312709,P,0.187518,0.189264,0.189264,0.1876,0.166386,7.67489,8.72314,8.19902,0.524125
16,1.69737,101.377,104.335,-0.0287625,P,0.187398,0.185313,0.185313,0.187481,0.216771,7.59714,8.6455,8.12132,0.524179
16,1.69737,101.631,104.335,-0.0262542,P,0.187279,0.188073,0.188073,0.187361,0.0711741,7.85952,8.90785,8.38369,0.524166
16,1.69737,101.886,104.335,-0.0237458,P,0.187161,0.185301,0.185301,0.187242,0.194171,7.84317,8.89146,8.36731,0.524142
16,1.69737,102.142,104.335,-0.0212375,P,0.187042,0.186694,0.186694,0.187124,0.0430277,8.03943,9.08745,8.56344,0.524007
16,1.69737,102.399,104.335,-0.0187291,P,0.186924,0.184456,0.184456,0.187006,0.25501,8.05229,9.10006,8.57617,0.523887
16,1.69737,102.656,104.335,-0.0162207,P,0.186806,0.186973,0.186973,0.186888,0.00851823,8.30902,9.3562,8.83261,0.523591
16,1.69737,102.914,104.335,-0.0137124,P,0.186689,0.187722,0.187722,0.18677,0.0951367,8.47712,9.52366,9.00039,0.523273
16,1.69737,103.172,104.335,-0.011204,P,0.186572,0.18706,0.18706,0.186653,0.0406281,8.57441,9.62029,9.09735,0.522943
16,1.69737,103.431,104.335,-0.00869565,P,0.186455,0.186095,0.186095,0.186536,0.044173,8.65744,9.70257,9.18001,0.522569
16,1.69737,103.691,104.335,-0.00618729,P,0.186339,0.1911,0.1911,0.18642,0.467991,9.04887,10.0927,9.57077,0.521901
16,1.69737,103.952,104.335,-0.00367893,P,0.186222,0.184802,0.184802,0.186304,0.150206,8.86008,9.90334,9.38171,0.521627
16,1.69737,104.213,104.335,-0.00117057,P,0.186107,0.186914,0.186914,0.186188,0.0725572,9.10575,10.1477,9.62671,0.520957
16,1.69737,104.474,104.335,0.00133779,C,0.185991,0.186308,0.186308,0.186073,0.0235514,9.07748,10.1209,9.5992,0.52172
16,1.69737,104.737,104.335,0.00384615,C,0.185876,0.182355,0.182355,0.185958,0.360248,8.75855,9.80609,9.28232,0.523773
16,1.69737,105,104.335,0.00635452,C,0.185761,0.185061,0.185061,0.185843,0.0782205,8.78483,9.83584,9.31033,0.525503
16,1.69737,105.264,104.335,0.00886288,C,0.185646,0.184918,0.184918,0.185728,0.0810789,8.66455,9.71913,9.19184,0.527294
16,1.69737,105.528,104.335,0.0113712,C,0.185532,0.184409,0.184409,0.185614,0.120502,8.52612,9.5842,9.05516,0.529042
16,1.69737,105.793,104.335,0.0138796,C,0.185418,0.185035,0.185035,0.185501,0.0465327,8.44735,9.50874,8.97805,0.530696
16,1.69737,106.059,104.335,0.016388,C,0.185305,0.189118,0.189118,0.185387,0.373075,8.54893,9.61332,9.08113,0.532196
16,1.69737,106.325,104.335,0.0188963,C,0.185192,0.183368,0.183368,0.185274,0.190628,8.14073,9.20857,8.67465,0.533919
16,1.69737,106.592,104.335,0.0214047,C,0.185079,0.187352,0.187352,0.185161,0.219071,8.23899,9.30967,8.77433,0.535341
16,1.69737,106.86,104.335,0.023913,C,0.184966,0.182194,0.182194,0.185049,0.285484,7.86302,8.93676,8.39989,0.536871
16,1.69737,107.128,104.335,0.0264214,C,0.184854,0.183601,0.183601,0.184937,0.133638,7.82903,8.9055,8.36727,0.538237
16,1.69737,107.397,104.335,0.0289298,C,0.184742,0.183475,0.183475,0.184825,0.135056,7.71625,8.79537,8.25581,0.539561
16,1.69737,107.667,104.335,0.0314381,C,0.18463,0.187149,0.187149,0.184714,0.243551,7.8018,8.8835,8.34265,0.54085
16,1.69737,107.937,104.335,0.0339465,C,0.184519,0.182049,0.182049,0.184603,0.255381,7.43228,8.51628,7.97428,0.542
16,1.69737,108.208,104.335,0.0364548,C,0.184408,0.182414,0.182414,0.184492,0.207859,7.34756,8.43384,7.8907,0.543139
16,1.69737,108.48,104.335,0.0389632,C,0.184297,0.184468,0.184468,0.184382,0.00860988,7.35136,8.43993,7.89564,0.544286
16,1.69737,108.753,104.335,0.0414716,C,0.184187,0.182429,0.182429,0.184272,0.1843,7.14364,8.23408,7.68886,0.54522
16,1.69737,109.026,104.335,0.0439799,C,0.184077,0.185262,0.185262,0.184162,0.110051,7.18939,8.28205,7.73572,0.546331
16,1.69737,109.3,104.335,0.0464883,C,0.183967,0.183477,0.183477,0.184053,0.057517,6.99668,8.09093,7.5438,0.547126
16,1.69737,109.574,104.335,0.0489967,C,0.183858,0.184392,0.184392,0.183943,0.0448402,6.94458,8.04065,7.49262,0.548036
16,1.69737,109.849,104.335,0.051505,C,0.183749,0.183334,0.183334,0.183835,0.0500855,6.79139,7.88883,7.34011,0.548719
16,1.69737,110.125,104.335,0.0540134,C,0.18364,0.186136,0.186136,0.183726,0.240975,6.83829,7.93774,7.38801,0.549728
16,1.69737,110.402,104.335,0.0565217,C,0.183532,0.184775,0.184775,0.183618,0.115632,6.67119,7.77169,7.22144,0.55025
16,1.69737,110.679,104.335,0.0590301,C,0.183424,0.185201,0.185201,0.18351,0.169089,6.59713,7.69896,7.14804,0.550911
16,1.69737,110.957,104.335,0.0615385,C,0.183316,0.181734,0.181734,0.183403,0.16688,6.32407,7.42589,6.87498,0.550912
16,1.69737,111.236,104.335,0.0640468,C,0.183208,0.182751,0.182751,0.183296,0.0544376,6.28215,7.3852,6.83367,0.551521
16,1.69737,111.515,104.335,0.0665552,C,0.183101,0.185384,0.185384,0.183189,0.219513,6.32354,7.42834,6.87594,0.5524
16,1.69737,111.795,104.335,0.0690635,C,0.182994,0.183427,0.183427,0.183083,0.0344391,6.13106,7.23578,6.68342,0.55236
16,1.69737,112.076,104.335,0.0715719,C,0.182888,0.183528,0.183528,0.182976,0.0551881,6.04468,7.14998,6.59733,0.552648
16,1.69737,112.357,104.335,0.0740803,C,0.182782,0.182577,0.182577,0.182871,0.0293257,5.90574,7.01097,6.45836,0.552612
16,1.69737,112.64,104.335,0.0765886,C,0.182676,0.182289,0.182289,0.182765,0.0476342,5.80146,6.90676,6.35411,0.552652
16,1.69737,112.922,104.335,0.079097,C,0.182571,0.183841,0.183841,0.18266,0.118126,5.79109,6.89739,6.34424,0.553152
16,1.69737,113.206,104.335,0.0816054,C,0.182465,0.184183,0.184183,0.182555,0.162776,5.7202,6.82675,6.27348,0.553274
16,1.69737,113.49,104.335,0.0841137,C,0.182361,0.18212,0.18212,0.18245,0.0330075,5.52937,6.63446,6.08192,0.552545
16,1.69737,113.775,104.335,0.0866221,C,0.182256,0.183448,0.183448,0.182346,0.1102,5.50973,6.61547,6.0626,0.552872
16,1.69737,114.061,104.335,0.0891304,C,0.182152,0.18337,0.18337,0.182242,0.112796,5.42041,6.52573,5.97307,0.552659
16,1.69737,114.348,104.335,0.0916388,C,0.182048,0.180252,0.180252,0.182139,0.188669,5.18095,6.28319,5.73207,0.551116
16,1.69737,114.635,104.335,0.0941472,C,0.181944,0.18055,0.18055,0.182035,0.148567,5.11254,6.21426,5.6634,0.550859
16,1.69737,114.923,104.335,0.0966555,C,0.181841,0.179944,0.179944,0.181932,0.198807,5.00042,6.10066,5.55054,0.55012
16,1.69737,115.211,104.335,0.0991639,C,0.181738,0.184374,0.184374,0.18183,0.254426,5.1369,6.24041,5.68865,0.551755
16,1.69737,115.501,104.335,0.101672,C,0.181636,0.181457,0.181457,0.181727,0.026969,4.91269,6.01228,5.46249,0.549794
16,1.69737,115.791,104.335,0.104181,C,0.181533,0.184299,0.184299,0.181625,0.267397,4.9716,6.07299,5.5223,0.550698
16,1.69737,116.082,104.335,0.106689,C,0.181431,0.184278,0.184278,0.181523,0.275426,4.89103,5.9912,5.44111,0.550081
16,1.69737,116.373,104.335,0.109197,C,0.18133,0.181212,0.181212,0.181422,0.0209871,4.66396,5.75915,5.21156,0.547595
16,1.69737,116.665,104.335,0.111706,C,0.181229,0.184212,0.184212,0.181321,0.289164,4.73142,5.82871,5.28007,0.548644
16,1.69737,116.958,104.335,0.114214,C,0.181128,0.180247,0.180247,0.18122,0.0972766,4.46434,5.55484,5.00959,0.545247
16,1.69737,117.252,104.335,0.116722,C,0.181027,0.18286,0.18286,0.181119,0.174015,4.51371,5.60588,5.05979,0.546087
16,1.69737,117.547,104.335,0.119231,C,0.180927,0.181111,0.181111,0.181019,0.00917461,4.35574,5.44348,4.89961,0.543872
16,1.69737,117.842,104.335,0.121739,C,0.180827,0.181126,0.181126,0.180919,0.0206348,4.28276,5.36838,4.82557,0.542811
16,1.69737,118.138,104.335,0.124247,C,0.180727,0.182911,0.182911,0.18082,0.209175,4.29392,5.38006,4.83699,0.543073
16,1.69737,118.435,104.335,0.126756,C,0.180628,0.179909,0.179909,0.18072,0.0811035,4.08125,5.16019,4.62072,0.539468
16,1.69737,118.732,104.335,0.129264,C,0.180529,0.179971,0.179971,0.180621,0.0650369,4.01332,5.08977,4.55154,0.538225
16,1.69737,119.03,104.335,0.131773,C,0.18043,0.179402,0.179402,0.180523,0.11211,3.91714,4.98984,4.45349,0.53635
16,1.69737,119.329,104.335,0.134281,C,0.180331,0.179193,0.179193,0.180424,0.123105,3.83866,4.90809,4.37338,0.534717
16,1.69737,119.629,104.335,0.136789,C,0.180233,0.181248,0.181248,0.180326,0.0921505,3.86428,4.9347,4.39949,0.535211
16,1.69737,119.929,104.335,0.139298,C,0.180136,0.180667,0.180667,0.180228,0.0438574,3.77018,4.83646,4.30332,0.533141
16,1.69737,120.23,104.335,0.141806,C,0.180038,0.185599,0.185599,0.180131,0.546869,3.9271,5.00007,4.46359,0.536482
16,1.69737,120.532,104.335,0.144314,C,0.179941,0.180001,0.180001,0.180034,0.00324987,3.60773,4.66618,4.13695,0.529225
16,1.69737,120.835,104.335,0.146823,C,0.179844,0.176033,0.176033,0.179937,0.390358,3.3674,4.41329,3.89035,0.522948
16,1.69737,121.139,104.335,0.149331,C,0.179748,0.18233,0.18233,0.17984,0.249007,3.58197,4.63874,4.11036,0.528384
16,1.69737,121.443,104.335,0.151839,C,0.179652,0.176615,0.176615,0.179744,0.312892,3.26775,4.30734,3.78755,0.519794
16,1.69737,121.748,104.335,0.154348,C,0.179556,0.17701,0.17701,0.179648,0.263802,3.22343,4.26002,3.74173,0.518296
16,1.69737,122.054,104.335,0.156856,C,0.179461,0.181851,0.181851,0.179552,0.229857,3.37187,4.41669,3.89428,0.522409
16,1.69737,122.36,104.335,0.159365,C,0.179365,0.180617,0.180617,0.179457,0.116038,3.25736,4.29519,3.77628,0.518914
16,1.69737,122.667,104.335,0.161873,C,0.179271,0.178642,0.178642,0.179361,0.0719417,3.11309,4.14157,3.62733,0.514241
16,1.69737,122.976,104.335,0.164381,C,0.179176,0.18064,0.18064,0.179267,0.137385,3.13891,4.16861,3.65376,0.514851
16,1.69737,123.284,104.335,0.16689,C,0.179082,0.177337,0.177337,0.179172,0.18355,2.94201,3.958,3.45,0.507996
16,1.69737,123.594,104.335,0.169398,C,0.178988,0.180179,0.180179,0.179078,0.110123,3.00338,4.02315,3.51326,0.509883
16,1.69737,123.904,104.335,0.171906,C,0.178894,0.177789,0.177789,0.178984,0.119467,2.84804,3.85611,3.35208,0.504035
16,1.69737,124.216,104.335,0.174415,C,0.178801,0.176182,0.176182,0.17889,0.270819,2.72758,3.72576,3.22667,0.499092
16,1.69737,124.528,104.335,0.176923,C,0.178708,0.177497,0.177497,0.178797,0.129976,2.72661,3.72409,3.22535,0.49874
16,1.69737,124.84,104.335,0.179431,C,0.178616,0.177081,0.177081,0.178704,0.162295,2.65643,3.64753,3.15198,0.495551
16,1.69737,125.154,104.335,0.18194,C,0.178524,0.175994,0.175994,0.178611,0.261711,2.56088,3.54313,3.05201,0.491123
16,1.69737,125.468,104.335,0.184448,C,0.178432,0.17983,0.17983,0.178518,0.131161,2.6605,3.65068,3.15559,0.495088
16,1.69737,125.783,104.335,0.186957,C,0.17834,0.182099,0.182099,0.178426,0.36735,2.69826,3.69102,3.19464,0.496377
16,1.69737,126.099,104.335,0.189465,C,0.178249,0.176348,0.176348,0.178334,0.198635,2.4224,3.38978,2.90609,0.483688
16,1.69737,126.416,104.335,0.191973,C,0.178158,0.179876,0.179876,0.178242,0.163396,2.50853,3.48332,2.99592,0.487393
16,1.69737,126.733,104.335,0.194482,C,0.178067,0.175967,0.175967,0.178151,0.218437,2.31024,3.26498,2.78761,0.477369
16,1.69737,127.052,104.335,0.19699,C,0.177977,0.178486,0.178486,0.17806,0.0425844,2.35708,3.31582,2.83645,0.479371
16,1.69737,127.371,104.335,0.199498,C,0.177887,0.17809,0.17809,0.177969,0.0121424,2.29452,3.24609,2.77031,0.475785
16,1.69737,127.691,104.335,0.202007,C,0.177797,0.178451,0.178451,0.177878,0.0572682,2.26094,3.2082,2.73457,0.473629
16,1.69737,128.011,104.335,0.204515,C,0.177708,0.181276,0.181276,0.177788,0.348841,2.31896,3.27162,2.79529,0.476328
16,1.69737,128.333,104.335,0.207023,C,0.177619,0.177404,0.177404,0.177698,0.0294512,2.1311,3.06236,2.59673,0.465628
16,1.69737,128.655,104.335,0.209532,C,0.17753,0.176443,0.176443,0.177608,0.116563,2.05236,2.97349,2.51292,0.460565
16,1.69737,128.978,104.335,0.21204,C,0.177442,0.178283,0.178283,0.177519,0.0763687,2.07396,2.99687,2.53542,0.461451
16,1.69737,129.302,104.335,0.214548,C,0.177354,0.174451,0.174451,0.17743,0.297845,1.89732,2.79707,2.3472,0.449879
16,1.69737,129.627,104.335,0.217057,C,0.177266,0.176985,0.176985,0.177341,0.0355928,1.94285,2.84769,2.39527,0.452423
16,1.69737,129.953,104.335,0.219565,C,0.177179,0.177852,0.177852,0.177252,0.0599693,1.93101,2.83345,2.38223,0.451221
16,1.69737,130.279,104.335,0.222074,C,0.177092,0.174873,0.174873,0.177164,0.229065,1.78957,2.67177,2.23067,0.441098
16,1.69737,130.606,104.335,0.224582,C,0.177005,0.174056,0.174056,0.177076,0.302002,1.72333,2.59494,2.15913,0.435808
16,1.69737,130.934,104.335,0.22709,C,0.176918,0.179765,0.179765,0.176988,0.277733,1.87351,2.76569,2.3196,0.44609
16,1.69737,131.263,104.335,0.229599,C,0.176832,0.177216,0.177216,0.1769,0.0315933,1.7495,2.62316,2.18633,0.436827
16,1.69737,131.593,104.335,0.232107,C,0.176747,0.177108,0.177108,0.176813,0.0294511,1.70772,2.57422,2.14097,0.433248
16,1.69737,131.923,104.335,0.234615,C,0.176661,0.1777,0.1777,0.176726,0.0974156,1.68914,2.55189,2.12051,0.431375
16,1.69737,132.255,104.335,0.237124,C,0.176576,0.179642,0.179642,0.176639,0.300273,1.71402,2.5797,2.14686,0.432841
16,1.69737,132.587,104.335,0.239632,C,0.176491,0.175772,0.175772,0.176553,0.0780916,1.55548,2.39488,1.97518,0.419701
16,1.69737,132.92,104.335,0.24214,C,0.176407,0.172151,0.172151,0.176467,0.431551,1.41145,2.22451,1.81798,0.40653
16,1.69737,133.253,104.335,0.244649,C,0.176322,0.176967,0.176967,0.176381,0.0585885,1.52199,2.35382,1.9379,0.415913
16,1.69737,133.588,104.335,0.247157,C,0.176239,0.176437,0.176437,0.176295,0.0141526,1.47175,2.29381,1.88278,0.411032
16,1.69737,133.924,104.335,0.249666,C,0.176155,0.175402,0.175402,0.17621,0.080759,1.40777,2.2172,1.81249,0.404712
16,1.69737,134.26,104.335,0.252174,C,0.176072,0.174729,0.174729,0.176125,0.139527,1.35583,2.15441,1.75512,0.399287
16,1.69737,134.597,104.335,0.254682,C,0.175989,0.173983,0.173983,0.17604,0.205708,1.30303,2.09019,1.69661,0.393581
16,1.69737,134.935,104.335,0.257191,C,0.175906,0.174456,0.174456,0.175955,0.14989,1.2854,2.068,1.6767,0.391301
16,1.69737,135.274,104.335,0.259699,C,0.175824,0.176523,0.176523,0.175871,0.0651992,1.31246,2.09958,1.70602,0.393563
16,1.69737,135.614,104.335,0.262207,C,0.175742,0.174704,0.174704,0.175787,0.10828,1.23188,2.00136,1.61662,0.384737
16,1.69737,135.954,104.335,0.264716,C,0.175661,0.175698,0.175698,0.175703,0.000553911,1.22933,1.99729,1.61331,0.383981
16,1.69737,136.296,104.335,0.267224,C,0.175579,0.175268,0.175268,0.17562,0.0351715,1.18869,1.94685,1.56777,0.379078
16,1.69737,136.638,104.335,0.269732,C,0.175499,0.174138,0.174138,0.175536,0.139822,1.13073,1.87481,1.50277,0.372041
16,1.69737,136.981,104.335,0.272241,C,0.175418,0.174792,0.174792,0.175453,0.0661624,1.12002,1.86064,1.49033,0.37031
16,1.69737,137.325,104.335,0.274749,C,0.175338,0.173924,0.173924,0.17537,0.144693,1.07088,1.79882,1.43485,0.36397
16,1.69737,137.67,104.335,0.277258,C,0.175258,0.17384,0.17384,0.175288,0.144761,1.04248,1.76246,1.40247,0.359988
16,1.69737,138.016,104.335,0.279766,C,0.175178,0.171525,0.171525,0.175206,0.368037,0.960905,1.65888,1.30989,0.348985
16,1.69737,138.363,104.335,0.282274,C,0.175099,0.175711,0.175711,0.175124,0.0586827,1.03688,1.75353,1.39521,0.358326
16,1.69737,138.71,104.335,0.284783,C,0.17502,0.172729,0.172729,0.175042,0.231301,0.940525,1.63103,1.28578,0.345251
16,1.69737,139.059,104.335,0.287291,C,0.174941,0.174343,0.174343,0.17496,0.0617207,0.954197,1.64744,1.30082,0.34662
16,1.69737,139.408,104.335,0.289799,C,0.174863,0.175804,0.175804,0.174879,0.0924918,0.9643,1.65931,1.3118,0.347504
16,1.69737,139.758,104.335,0.292308,C,0.174785,0.174785,0.174785,0.174798,0.00133381,0.916892,1.598,1.25745,0.340553
16,1.69737,140.109,104.335,0.294816,C,0.174707,0.17784,0.17784,0.174718,0.312209,0.963792,1.65682,1.31031,0.346513
16,1.69737,140.461,104.335,0.297324,C,0.17463,0.172265,0.172265,0.174637,0.237167,0.816176,1.46592,1.14105,0.324874
16,1.69737,140.814,104.335,0.299833,C,0.174553,0.174232,0.174232,0.174557,0.0325042,0.836948,1.49206,1.1645,0.327556
16,1.69737,141.167,104.335,0.302341,C,0.174476,0.176029,0.176029,0.174477,0.15522,0.854173,1.51351,1.18384,0.329668
16,1.69737,141.522,104.335,0.304849,C,0.174399,0.174893,0.174893,0.174397,0.0495711,0.808297,1.4528,1.13055,0.322251
16,1.69737,141.877,104.335,0.307358,C,0.174323,0.17578,0.17578,0.174318,0.1462,0.806014,1.4489,1.12746,0.321441
16,1.69737,142.234,104.335,0.309866,C,0.174247,0.173118,0.173118,0.174238,0.112087,0.731179,1.34898,1.04008,0.308903
16,1.69737,142.591,104.335,0.312375,C,0.174172,0.174194,0.174194,0.174159,0.00349814,0.733129,1.35067,1.0419,0.308772
16,1.69737,142.949,104.335,0.314883,C,0.174097,0.174364,0.174364,0.174081,0.0283551,0.71717,1.32842,1.02279,0.305625
16,1.69737,143.308,104.335,0.317391,C,0.174022,0.173865,0.173865,0.174002,0.0136792,0.688646,1.28913,0.988886,0.30024
16,1.69737,143.668,104.335,0.3199,C,0.173948,0.172647,0.172647,0.173924,0.127697,0.647545,1.23235,0.939948,0.292404
16,1.69737,144.029,104.335,0.322408,C,0.173874,0.176712,0.176712,0.173846,0.28662,0.706168,1.311,1.00858,0.302413
16,1.69737,144.39,104.335,0.324916,C,0.1738,0.175019,0.175019,0.173768,0.125095,0.655989,1.24212,0.949056,0.293067
16,1.69737,144.753,104.335,0.327425,C,0.173726,0.171735,0.171735,0.173691,0.195532,0.580232,1.1366,0.858417,0.278185
16,1.69737,145.117,104.335,0.329933,C,0.173653,0.173726,0.173726,0.173613,0.0112399,0.59847,1.16116,0.879816,0.281346
16,1.69737,145.481,104.335,0.332441,C,0.17358,0.174977,0.174977,0.173536,0.144098,0.603871,1.16781,0.885841,0.28197
16,1.69737,145.846,104.335,0.33495,C,0.173508,0.173245,0.173245,0.17346,0.0214192,0.558097,1.10292,0.830507,0.272411
16,1.69737,146.213,104.335,0.337458,C,0.173435,0.175638,0.175638,0.173383,0.225519,0.582775,1.13674,0.859756,0.276981
16,1.69737,146.58,104.335,0.339967,C,0.173363,0.172958,0.172958,0.173307,0.0348713,0.522942,1.05131,0.787127,0.264186
16,1.69737,146.948,104.335,0.342475,C,0.173292,0.173138,0.173138,0.173231,0.00927681,0.511137,1.03356,0.77235,0.261213
16,1.69737,147.317,104.335,0.344983,C,0.173221,0.173722,0.173722,0.173155,0.0567311,0.505892,1.0252,0.765545,0.259652
16,1.69737,147.687,104.335,0.347492,C,0.17315,0.173334,0.173334,0.173079,0.025447,0.485758,0.995266,0.740512,0.254754
16,1.69737,148.058,104.335,0.35,C,0.173079,0.172061,0.172061,0.173004,0.094247,0.453188,0.946806,0.699997,0.246809
17,1.79825,70.1143,104.598,-0.4,P,0.205838,0.206578,0.206578,0.206108,0.0470311,0.545229,0.984866,0.765048,0.219819
17,1.79825,70.2904,104.598,-0.397492,P,0.205677,0.205335,0.205335,0.205939,0.0604131,0.542364,0.982065,0.762214,0.21985
17,1.79825,70.4669,104.598,-0.394983,P,0.205516,0.208328,0.208328,0.205771,0.255719,0.596266,1.05468,0.825471,0.229204
17,1.79825,70.6439,104.598,-0.392475,P,0.205356,0.206299,0.206299,0.205603,0.0696122,0.582691,1.03782,0.810257,0.227566
17,1.79825,70.8213,104.598,-0.389967,P,0.205196,0.20452,0.20452,0.205436,0.0915452,0.572563,1.02548,0.79902,0.226457
17,1.79825,70.9992,104.598,-0.387458,P,0.205036,0.203743,0.203743,0.205269,0.152532,0.576067,1.0312,0.803635,0.227568
17,1.79825,71.1775,104.598,-0.38495,P,0.204876,0.20861,0.20861,0.205102,0.350803,0.659963,1.14218,0.901069,0.241107
17,1.79825,71.3562,104.598,-0.382441,P,0.204717,0.202452,0.202452,0.204936,0.248346,0.586863,1.04768,0.817272,0.230409
17,1.79825,71.5355,104.598,-0.379933,P,0.204558,0.202341,0.202341,0.20477,0.242934,0.599891,1.06598,0.832936,0.233045
17,1.79825,71.7151,104.598,-0.377425,P,0.2044,0.204879,0.204879,0.204604,0.0274559,0.651776,1.13494,0.893357,0.241582
17,1.79825,71.8952,104.598,-0.374916,P,0.204241,0.203844,0.203844,0.204439,0.0595184,0.652128,1.13654,0.894335,0.242207
17,1.79825,72.0758,104.598,-0.372408,P,0.204083,0.206664,0.206664,0.204274,0.238971,0.711243,1.21388,0.962562,0.251319
17,1.79825,72.2568,104.598,-0.3699,P,0.203926,0.203333,0.203333,0.20411,0.077671,0.676428,1.17032,0.923375,0.246947
17,1.79825,72.4383,104.598,-0.367391,P,0.203768,0.203554,0.203554,0.203946,0.0392397,0.696274,1.19706,0.946665,0.250391
17,1.79825,72.6202,104.598,-0.364883,P,0.203611,0.203859,0.203859,0.203783,0.00761579,0.717914,1.22598,0.971947,0.254032
17,1.79825,72.8026,104.598,-0.362375,P,0.203454,0.201127,0.201127,0.203619,0.249226,0.691886,1.19382,0.942854,0.250968
17,1.79825,72.9854,104.598,-0.359866,P,0.203298,0.203112,0.203112,0.203456,0.0344798,0.740605,1.25734,0.998973,0.258369
17,1.79825,73.1688,104.598,-0.357358,P,0.203142,0.202796,0.202796,0.203294,0.0498216,0.75318,1.27455,1.01386,0.260685
17,1.79825,73.3525,104.598,-0.354849,P,0.202986,0.199953,0.199953,0.203132,0.317894,0.724582,1.23941,0.981998,0.257416
17,1.79825,73.5367,104.598,-0.352341,P,0.20283,0.201127,0.201127,0.20297,0.184345,0.76165,1.2878,1.02472,0.263074
17,1.79825,73.7214,104.598,-0.349833,P,0.202675,0.199958,0.199958,0.202809,0.285133,0.760381,1.28747,1.02392,0.263543
17,1.79825,73.9066,104.598,-0.347324,P,0.20252,0.204186,0.204186,0.202648,0.153823,0.851974,1.40369,1.12783,0.275858
17,1.79825,74.0922,104.598,-0.344816,P,0.202366,0.203469,0.203469,0.202488,0.0981591,0.859065,1.41381,1.13644,0.277374
17,1.79825,74.2783,104.598,-0.342308,P,0.202211,0.203203,0.203203,0.202327,0.0875707,0.874373,1.43412,1.15425,0.279876
17,1.79825,74.4648,104.598,-0.339799,P,0.202057,0.200198,0.200198,0.202168,0.196986,0.840595,1.39349,1.11704,0.276446
17,1.79825,74.6519,104.598,-0.337291,P,0.201904,0.201466,0.201466,0.202008,0.0542678,0.883642,1.44828,1.16596,0.282321
17,1.79825,74.8393,104.598,-0.334783,P,0.20175,0.199809,0.199809,0.201849,0.204036,0.873936,1.43763,1.15578,0.281847
17,1.79825,75.0273,104.598,-0.332274,P,0.201597,0.197134,0.197134,0.201691,0.455643,0.845739,1.40398,1.12486,0.279119
17,1.79825,75.2157,104.598,-0.329766,P,0.201444,0.200789,0.200789,0.201533,0.0743491,0.934319,1.51482,1.22457,0.290253
17,1.79825,75.4046,104.598,-0.327258,P,0.201292,0.201851,0.201851,0.201375,0.047583,0.976688,1.56801,1.27235,0.295662
17,1.79825,75.594,104.598,-0.324749,P,0.20114,0.202656,0.202656,0.201217,0.143845,1.01518,1.61618,1.31568,0.300502
17,1.79825,75.7839,104.598,-0.322241,P,0.200988,0.197625,0.197625,0.20106,0.343535,0.939283,1.52517,1.23222,0.292942
17,1.79825,75.9742,104.598,-0.319732,P,0.200836,0.199411,0.199411,0.200904,0.149285,0.996709,1.59666,1.29669,0.299978
17,1.79825,76.165,104.598,-0.317224,P,0.200685,0.199829,0.199829,0.200747,0.0918541,1.02834,1.63645,1.33239,0.304055
17,1.79825,76.3563,104.598,-0.314716,P,0.200534,0.200655,0.200655,0.200591,0.00635925,1.0691,1.68706,1.37808,0.308978
17,1.79825,76.5481,104.598,-0.312207,P,0.200384,0.202234,0.202234,0.200436,0.1798,1.12684,1.75768,1.44226,0.315419
17,1.79825,76.7403,104.598,-0.309699,P,0.200233,0.198939,0.198939,0.200281,0.134148,1.08231,1.70592,1.39411,0.311802
17,1.79825,76.9331,104.598,-0.307191,P,0.200083,0.200615,0.200615,0.200126,0.0489335,1.14304,1.78,1.46152,0.318481
17,1.79825,77.1263,104.598,-0.304682,P,0.199934,0.200278,0.200278,0.199972,0.0305846,1.16154,1.80353,1.48254,0.320995
17,1.79825,77.32,104.598,-0.302174,P,0.199784,0.198921,0.198921,0.199818,0.0897009,1.15803,1.80091,1.47947,0.321439
17,1.79825,77.5142,104.598,-0.299666,P,0.199635,0.19932,0.19932,0.199664,0.0344611,1.19321,1.84417,1.51869,0.325482
17,1.79825,77.7088,104.598,-0.297157,P,0.199486,0.199523,0.199523,0.199511,0.00120025,1.22475,1.88299,1.55387,0.329121
17,1.79825,77.904,104.598,-0.294649,P,0.199338,0.202677,0.202677,0.199358,0.331927,1.32512,2.00224,1.66368,0.338557
17,1.79825,78.0997,104.598,-0.29214,P,0.19919,0.200283,0.200283,0.199206,0.107736,1.29794,1.9721,1.63502,0.337079
17,1.79825,78.2958,104.598,-0.289632,P,0.199042,0.200782,0.200782,0.199054,0.172796,1.3385,2.02104,1.67977,0.341267
17,1.79825,78.4925,104.598,-0.287124,P,0.198894,0.202958,0.202958,0.198902,0.405617,1.42051,2.11776,1.76913,0.348628
17,1.79825,78.6896,104.598,-0.284615,P,0.198747,0.196889,0.196889,0.198751,0.186154,1.30479,1.98499,1.64489,0.340103
17,1.79825,78.8872,104.598,-0.282107,P,0.1986,0.19638,0.19638,0.1986,0.221961,1.32197,2.00671,1.66434,0.34237
17,1.79825,79.0854,104.598,-0.279599,P,0.198454,0.197154,0.197154,0.198449,0.129515,1.37044,2.06476,1.7176,0.34716
17,1.79825,79.284,104.598,-0.27709,P,0.198307,0.198302,0.198302,0.198299,0.00030494,1.42931,2.13456,1.78193,0.352626
17,1.79825,79.4831,104.598,-0.274582,P,0.198161,0.201516,0.201516,0.19815,0.336632,1.54227,2.26595,1.90411,0.361842
17,1.79825,79.6827,104.598,-0.272074,P,0.198016,0.198092,0.198092,0.198,0.00917728,1.48741,2.20483,1.84612,0.358712
17,1.79825,79.8828,104.598,-0.269565,P,0.19787,0.195945,0.195945,0.197851,0.190602,1.46511,2.18095,1.82303,0.357917
17,1.79825,80.0835,104.598,-0.267057,P,0.197725,0.1983,0.1983,0.197703,0.0597748,1.55845,2.28958,1.92402,0.365566
17,1.79825,80.2846,104.598,-0.264548,P,0.19758,0.199593,0.199593,0.197554,0.203826,1.62643,2.36868,1.99755,0.37112
17,1.79825,80.4862,104.598,-0.26204,P,0.197436,0.196804,0.196804,0.197406,0.0602546,1.58678,2.32538,1.95608,0.369298
17,1.79825,80.6884,104.598,-0.259532,P,0.197292,0.195111,0.195111,0.197259,0.214773,1.57615,2.31505,1.9456,0.369454
17,1.79825,80.891,104.598,-0.257023,P,0.197148,0.198012,0.198012,0.197112,0.0900422,1.68923,2.44506,2.06715,0.377917
17,1.79825,81.0942,104.598,-0.254515,P,0.197004,0.195611,0.195611,0.196965,0.135471,1.65942,2.41318,2.0363,0.376878
17,1.79825,81.2979,104.598,-0.252007,P,0.196861,0.197421,0.197421,0.196819,0.0602357,1.74556,2.51214,2.12885,0.383292
17,1.79825,81.502,104.598,-0.249498,P,0.196718,0.196607,0.196607,0.196673,0.00664616,1.75982,2.52999,2.1449,0.385086
17,1.79825,81.7067,104.598,-0.24699,P,0.196575,0.196173,0.196173,0.196527,0.0354268,1.78507,2.56017,2.17262,0.387549
17,1.79825,81.9119,104.598,-0.244482,P,0.196433,0.199391,0.199391,0.196382,0.300865,1.91612,2.70833,2.31222,0.396105
17,1.79825,82.1177,104.598,-0.241973,P,0.196291,0.195688,0.195688,0.196237,0.0549559,1.84779,2.63405,2.24092,0.39313
17,1.79825,82.3239,104.598,-0.239465,P,0.196149,0.194779,0.194779,0.196093,0.131414,1.86048,2.65009,2.25529,0.394805
17,1.79825,82.5307,104.598,-0.236957,P,0.196008,0.195428,0.195428,0.195949,0.0521367,1.9192,2.71735,2.31828,0.399074
17,1.79825,82.7379,104.598,-0.234448,P,0.195867,0.195695,0.195695,0.195805,0.0109916,1.96769,2.77305,2.37037,0.40268
17,1.79825,82.9457,104.598,-0.23194,P,0.195726,0.197957,0.197957,0.195662,0.229464,2.07772,2.8965,2.48711,0.409386
17,1.79825,83.154,104.598,-0.229431,P,0.195586,0.196688,0.196688,0.195519,0.116917,2.08135,2.9024,2.49187,0.410521
17,1.79825,83.3629,104.598,-0.226923,P,0.195445,0.194305,0.194305,0.195377,0.107131,2.05075,2.8706,2.46068,0.409927
17,1.79825,83.5723,104.598,-0.224415,P,0.195306,0.193712,0.193712,0.195234,0.152293,2.07525,2.89954,2.48739,0.412144
17,1.79825,83.7821,104.598,-0.221906,P,0.195166,0.195381,0.195381,0.195093,0.028878,2.17116,3.0068,2.58898,0.417823
17,1.79825,83.9926,104.598,-0.219398,P,0.195027,0.195988,0.195988,0.194951,0.103643,2.23524,3.07884,2.65704,0.4218
17,1.79825,84.2035,104.598,-0.21689,P,0.194888,0.194476,0.194476,0.19481,0.0334322,2.23224,3.07752,2.65488,0.422641
17,1.79825,84.415,104.598,-0.214381,P,0.194749,0.194955,0.194955,0.19467,0.0285385,2.29369,3.1465,2.72009,0.426401
17,1.79825,84.627,104.598,-0.211873,P,0.194611,0.194578,0.194578,0.194529,0.00488021,2.32815,3.18596,2.75706,0.428902
17,1.79825,84.8395,104.598,-0.209365,P,0.194473,0.195346,0.195346,0.194389,0.0956688,2.40108,3.26708,2.83408,0.432998
17,1.79825,85.0526,104.598,-0.206856,P,0.194335,0.193919,0.193919,0.19425,0.0330511,2.40184,3.26988,2.83586,0.434024
17,1.79825,85.2662,104.598,-0.204348,P,0.194198,0.195619,0.195619,0.194111,0.150782,2.50807,3.3867,2.94738,0.439313
17,1.79825,85.4804,104.598,-0.201839,P,0.194061,0.193646,0.193646,0.193972,0.0325545,2.49091,3.37018,2.93055,0.439637
17,1.79825,85.6951,104.598,-0.199331,P,0.193924,0.194907,0.194907,0.193834,0.107373,2.58459,3.47308,3.02883,0.444245
17,1.79825,85.9103,104.598,-0.196823,P,0.193787,0.195396,0.195396,0.193695,0.17009,2.65314,3.54869,3.10091,0.447771
17,1.79825,86.1261,104.598,-0.194314,P,0.193651,0.193143,0.193143,0.193558,0.0414415,2.62657,3.5222,3.07439,0.447815
17,1.79825,86.3424,104.598,-0.191806,P,0.193515,0.192906,0.192906,0.193421,0.0514769,2.67074,3.57158,3.12116,0.45042
17,1.79825,86.5592,104.598,-0.189298,P,0.19338,0.192034,0.192034,0.193284,0.124993,2.69304,3.59749,3.14527,0.452227
17,1.79825,86.7766,104.598,-0.186789,P,0.193244,0.193282,0.193282,0.193147,0.0134613,2.79169,3.70491,3.2483,0.45661
17,1.79825,86.9945,104.598,-0.184281,P,0.193109,0.194037,0.194037,0.193011,0.102663,2.87428,3.7949,3.33459,0.460309
17,1.79825,87.213,104.598,-0.181773,P,0.192975,0.194718,0.194718,0.192875,0.184317,2.95552,3.88321,3.41937,0.463848
17,1.79825,87.4321,104.598,-0.179264,P,0.19284,0.192386,0.192386,0.19274,0.0353372,2.92654,3.85449,3.39051,0.463978
17,1.79825,87.6517,104.598,-0.176756,P,0.192706,0.191925,0.191925,0.192605,0.0679635,2.96679,3.89924,3.43301,0.466223
17,1.79825,87.8718,104.598,-0.174247,P,0.192573,0.192021,0.192021,0.19247,0.0448573,3.02854,3.96667,3.4976,0.469067
17,1.79825,88.0925,104.598,-0.171739,P,0.192439,0.192501,0.192501,0.192335,0.0165101,3.10574,4.0503,3.57802,0.472279
17,1.79825,88.3137,104.598,-0.169231,P,0.192306,0.187991,0.187991,0.192201,0.421067,2.99459,3.93491,3.46475,0.470161
17,1.79825,88.5355,104.598,-0.166722,P,0.192173,0.1897,0.1897,0.192068,0.236758,3.11935,4.06878,3.59407,0.474712
17,1.79825,88.7579,104.598,-0.164214,P,0.192041,0.192486,0.192486,0.191935,0.0551712,3.28826,4.24856,3.76841,0.480152
17,1.79825,88.9808,104.598,-0.161706,P,0.191909,0.192062,0.192062,0.191802,0.0259875,3.33448,4.2991,3.81679,0.482311
17,1.79825,89.2043,104.598,-0.159197,P,0.191777,0.188936,0.188936,0.191669,0.273321,3.27523,4.23899,3.75711,0.48188
17,1.79825,89.4283,104.598,-0.156689,P,0.191645,0.19176,0.19176,0.191537,0.0223244,3.45074,4.4249,3.93782,0.487083
17,1.79825,89.6529,104.598,-0.154181,P,0.191514,0.191789,0.191789,0.191405,0.0384138,3.51735,4.49652,4.00693,0.489585
17,1.79825,89.8781,104.598,-0.151672,P,0.191383,0.194542,0.194542,0.191274,0.326834,3.6953,4.68396,4.18963,0.494331
17,1.79825,90.1038,104.598,-0.149164,P,0.191252,0.18946,0.18946,0.191143,0.168263,3.55653,4.54145,4.04899,0.492458
17,1.79825,90.3301,104.598,-0.146656,P,0.191122,0.194912,0.194912,0.191012,0.389955,3.84799,4.84648,4.34724,0.499245
17,1.79825,90.557,104.598,-0.144147,P,0.190992,0.19152,0.19152,0.190882,0.0638354,3.77771,4.77552,4.27661,0.498906
17,1.79825,90.7844,104.598,-0.141639,P,0.190862,0.191158,0.191158,0.190752,0.0405952,3.83287,4.83472,4.3338,0.500923
17,1.79825,91.0124,104.598,-0.13913,P,0.190733,0.189726,0.189726,0.190622,0.0896293,3.84407,4.84831,4.34619,0.502118
17,1.79825,91.241,104.598,-0.136622,P,0.190604,0.190117,0.190117,0.190493,0.0376486,3.93223,4.94155,4.43689,0.504659
17,1.79825,91.4701,104.598,-0.134114,P,0.190475,0.192539,0.192539,0.190364,0.217451,4.1081,5.12515,4.61663,0.508527
17,1.79825,91.6999,104.598,-0.131605,P,0.190346,0.191629,0.191629,0.190236,0.139382,4.14371,5.16379,4.65375,0.510038
17,1.79825,91.9302,104.598,-0.129097,P,0.190218,0.190914,0.190914,0.190107,0.0806451,4.18822,5.21155,4.69988,0.511666
17,1.79825,92.1611,104.598,-0.126589,P,0.19009,0.188992,0.188992,0.18998,0.0988043,4.18111,5.20614,4.69362,0.512517
17,1.79825,92.3925,104.598,-0.12408,P,0.189963,0.192815,0.192815,0.189852,0.296291,4.42484,5.45855,4.94169,0.516852
17,1.79825,92.6246,104.598,-0.121572,P,0.189835,0.191263,0.191263,0.189725,0.153801,4.43533,5.47115,4.95324,0.517908
17,1.79825,92.8572,104.598,-0.119064,P,0.189708,0.19009,0.19009,0.189598,0.0491782,4.4629,5.50126,4.98208,0.519181
17,1.79825,93.0904,104.598,-0.116555,P,0.189582,0.190297,0.190297,0.189472,0.0824821,4.55231,5.59469,5.0735,0.521189
17,1.79825,93.3242,104.598,-0.114047,P,0.189455,0.189837,0.189837,0.189346,0.0491543,4.6131,5.65871,5.1359,0.522803
17,1.79825,93.5586,104.598,-0.111538,P,0.189329,0.187772,0.187772,0.18922,0.144841,4.60247,5.64964,5.12605,0.523586
17,1.79825,93.7936,104.598,-0.10903,P,0.189204,0.190539,0.190539,0.189095,0.144448,4.81069,5.8641,5.3374,0.526704
17,1.79825,94.0291,104.598,-0.106522,P,0.189078,0.19061,0.19061,0.18897,0.163978,4.89863,5.9555,5.42707,0.528436
17,1.79825,94.2653,104.598,-0.104013,P,0.188953,0.188177,0.188177,0.188845,0.0668585,4.87293,5.93103,5.40198,0.529047
17,1.79825,94.502,104.598,-0.101505,P,0.188828,0.189783,0.189783,0.188721,0.106175,5.03332,6.09604,5.56468,0.531358
17,1.79825,94.7394,104.598,-0.0989967,P,0.188704,0.192473,0.192473,0.188597,0.387544,5.24619,6.31405,5.78012,0.533932
17,1.79825,94.9773,104.598,-0.0964883,P,0.18858,0.190108,0.190108,0.188474,0.163448,5.22545,6.29458,5.76002,0.534564
17,1.79825,95.2158,104.598,-0.0939799,P,0.188456,0.189865,0.189865,0.18835,0.151492,5.30434,6.37623,5.84029,0.535944
17,1.79825,95.455,104.598,-0.0914716,P,0.188332,0.1872,0.1872,0.188228,0.102766,5.27011,6.34308,5.80659,0.536482
17,1.79825,95.6947,104.598,-0.0889632,P,0.188209,0.18656,0.18656,0.188105,0.154508,5.33171,6.4071,5.8694,0.537694
17,1.79825,95.9351,104.598,-0.0864548,P,0.188086,0.190237,0.190237,0.187983,0.225436,5.5997,6.67998,6.13984,0.540144
17,1.79825,96.176,104.598,-0.0839465,P,0.187963,0.1862,0.1862,0.187861,0.166137,5.50148,6.58206,6.04177,0.540291
17,1.79825,96.4175,104.598,-0.0814381,P,0.187841,0.187774,0.187774,0.18774,0.00343031,5.67233,6.75629,6.21431,0.541979
17,1.79825,96.6597,104.598,-0.0789298,P,0.187719,0.189859,0.189859,0.187619,0.224029,5.86989,6.95722,6.41355,0.543663
17,1.79825,96.9025,104.598,-0.0764214,P,0.187597,0.18912,0.18912,0.187498,0.162176,5.93245,7.02166,6.47705,0.544606
17,1.79825,97.1458,104.598,-0.073913,P,0.187476,0.189149,0.189149,0.187377,0.177176,6.0334,7.12475,6.57908,0.545672
17,1.79825,97.3898,104.598,-0.0714047,P,0.187354,0.191898,0.191898,0.187257,0.464101,6.26896,7.3633,6.81613,0.54717
17,1.79825,97.6344,104.598,-0.0688963,P,0.187234,0.190754,0.190754,0.187138,0.361608,6.31512,7.41091,6.86301,0.547895
17,1.79825,97.8796,104.598,-0.066388,P,0.187113,0.188653,0.188653,0.187018,0.163514,6.31479,7.41169,6.86324,0.548449
17,1.79825,98.1254,104.598,-0.0638796,P,0.186993,0.18491,0.18491,0.186899,0.198877,6.23347,7.33097,6.78222,0.548749
17,1.79825,98.3719,104.598,-0.0613712,P,0.186873,0.186166,0.186166,0.18678,0.0614445,6.4008,7.50034,6.95057,0.549767
17,1.79825,98.619,104.598,-0.0588629,P,0.186753,0.187604,0.187604,0.186662,0.094176,6.57905,7.68046,7.12976,0.550706
17,1.79825,98.8666,104.598,-0.0563545,P,0.186634,0.186606,0.186606,0.186544,0.00622075,6.63687,7.73946,7.18816,0.551297
17,1.79825,99.1149,104.598,-0.0538462,P,0.186515,0.187371,0.187371,0.186426,0.0945125,6.78441,7.88844,7.33642,0.552016
17,1.79825,99.3639,104.598,-0.0513378,P,0.186396,0.186341,0.186341,0.186309,0.00322131,6.84272,7.94775,7.39523,0.552517
17,1.79825,99.6134,104.598,-0.0488294,P,0.186278,0.184346,0.184346,0.186192,0.184576,6.85301,7.95884,7.40593,0.552915
17,1.79825,99.8636,104.598,-0.0463211,P,0.18616,0.187751,0.187751,0.186075,0.167611,7.13885,8.24607,7.69246,0.55361
17,1.79825,100.114,104.598,-0.0438127,P,0.186042,0.183307,0.183307,0.185959,0.265209,7.02617,8.13379,7.57998,0.553806
17,1.79825,100.366,104.598,-0.0413043,P,0.185925,0.186489,0.186489,0.185843,0.0646254,7.30416,8.4128,7.85848,0.554319
17,1.79825,100.618,104.598,-0.038796,P,0.185808,0.185445,0.185445,0.185727,0.0282204,7.36726,8.47644,7.92185,0.554592
17,1.79825,100.871,104.598,-0.0362876,P,0.185691,0.184553,0.184553,0.185612,0.105861,7.43922,8.54887,7.99405,0.554827
17,1.79825,101.124,104.598,-0.0337793,P,0.185574,0.18413,0.18413,0.185497,0.13672,7.53645,8.6465,8.09148,0.555022
17,1.79825,101.378,104.598,-0.0312709,P,0.185458,0.186484,0.186484,0.185382,0.110147,7.77891,8.88925,8.33408,0.555168
17,1.79825,101.633,104.598,-0.0287625,P,0.185342,0.186434,0.186434,0.185268,0.116577,7.8984,9.00887,8.45364,0.555234
17,1.79825,101.888,104.598,-0.0262542,P,0.185227,0.185402,0.185402,0.185154,0.0248064,7.96807,9.07858,8.52333,0.555253
17,1.79825,102.144,104.598,-0.0237458,P,0.185111,0.183245,0.183245,0.18504,0.179513,7.98006,9.09055,8.53531,0.555245
17,1.79825,102.4,104.598,-0.0212375,P,0.184996,0.186168,0.186168,0.184927,0.124043,8.25882,9.36898,8.8139,0.555081
17,1.79825,102.657,104.598,-0.0187291,P,0.184882,0.187111,0.187111,0.184814,0.229722,8.43581,9.54557,8.99069,0.554883
17,1.79825,102.915,104.598,-0.0162207,P,0.184767,0.182173,0.182173,0.184701,0.252799,8.30513,9.41475,8.85994,0.554813
17,1.79825,103.174,104.598,-0.0137124,P,0.184653,0.183437,0.183437,0.184589,0.115185,8.50152,9.61051,9.05601,0.554494
17,1.79825,103.433,104.598,-0.011204,P,0.184539,0.18309,0.18309,0.184477,0.138741,8.61451,9.72284,9.16867,0.554168
17,1.79825,103.693,104.598,-0.00869565,P,0.184426,0.187536,0.187536,0.184365,0.317059,8.98226,10.0894,9.53584,0.55358
17,1.79825,103.953,104.598,-0.00618729,P,0.184313,0.185189,0.185189,0.184254,0.0934926,8.99248,10.0989,9.5457,0.553217
17,1.79825,104.214,104.598,-0.00367893,P,0.1842,0.185721,0.185721,0.184143,0.157818,9.15639,10.2617,9.70906,0.552669
17,1.79825,104.476,104.598,-0.00117057,P,0.184087,0.184032,0.184032,0.184032,9.95406e-06,9.20383,10.3082,9.756,0.552164
17,1.79825,104.738,104.598,0.00133779,C,0.183975,0.185835,0.185835,0.183922,0.191287,9.3028,10.4085,9.85567,0.552861
17,1.79825,105.001,104.598,0.00384615,C,0.183863,0.181606,0.181606,0.183812,0.220625,8.96347,10.0735,9.51849,0.555021
17,1.79825,105.265,104.598,0.00635452,C,0.183752,0.18281,0.18281,0.183702,0.0892626,8.91397,10.0277,9.47085,0.556881
17,1.79825,105.529,104.598,0.00886288,C,0.18364,0.183003,0.183003,0.183593,0.0590197,8.81146,9.92893,9.3702,0.558731
17,1.79825,105.794,104.598,0.0113712,C,0.183529,0.179641,0.179641,0.183484,0.384227,8.52004,9.64137,9.08071,0.560664
17,1.79825,106.06,104.598,0.0138796,C,0.183419,0.181126,0.181126,0.183375,0.22493,8.48803,9.61273,9.05038,0.562348
17,1.79825,106.326,104.598,0.016388,C,0.183308,0.180341,0.180341,0.183267,0.292545,8.33567,9.46378,8.89972,0.564055
17,1.79825,106.594,104.598,0.0188963,C,0.183198,0.183509,0.183509,0.183158,0.0350913,8.39545,9.52662,8.96104,0.565587
17,1.79825,106.861,104.598,0.0214047,C,0.183089,0.184041,0.184041,0.183051,0.0990212,8.31513,9.44944,8.88229,0.567152
17,1.79825,107.13,104.598,0.023913,C,0.182979,0.183382,0.183382,0.182943,0.0438538,8.17195,9.30932,8.74064,0.568685
17,1.79825,107.399,104.598,0.0264214,C,0.18287,0.182732,0.182732,0.182836,0.0104066,8.03008,9.17038,8.60023,0.570151
17,1.79825,107.668,104.598,0.0289298,C,0.182761,0.182269,0.182269,0.182729,0.0460418,7.89901,9.0421,8.47055,0.571548
17,1.79825,107.939,104.598,0.0314381,C,0.182653,0.181974,0.181974,0.182623,0.0648969,7.77776,8.92352,8.35064,0.572878
17,1.79825,108.21,104.598,0.0339465,C,0.182544,0.180948,0.180948,0.182516,0.156804,7.61832,8.76658,8.19245,0.574131
17,1.79825,108.482,104.598,0.0364548,C,0.182436,0.181733,0.181733,0.182411,0.0677599,7.55648,8.70717,8.13183,0.575347
17,1.79825,108.754,104.598,0.0389632,C,0.182329,0.180966,0.180966,0.182305,0.133883,7.41257,8.5655,7.98904,0.576463
17,1.79825,109.027,104.598,0.0414716,C,0.182222,0.182684,0.182684,0.1822,0.048447,7.40221,8.55743,7.97982,0.577613
17,1.79825,109.301,104.598,0.0439799,C,0.182115,0.18344,0.18344,0.182095,0.13451,7.34122,8.49858,7.9199,0.578683
17,1.79825,109.576,104.598,0.0464883,C,0.182008,0.178639,0.178639,0.18199,0.33509,6.98493,8.14356,7.56424,0.579318
17,1.79825,109.851,104.598,0.0489967,C,0.181901,0.181926,0.181926,0.181886,0.0040023,7.06044,8.22134,7.64089,0.580451
17,1.79825,110.127,104.598,0.051505,C,0.181795,0.180031,0.180031,0.181782,0.175098,6.86096,8.02315,7.44206,0.581095
17,1.79825,110.403,104.598,0.0540134,C,0.18169,0.182078,0.182078,0.181678,0.0399805,6.8719,8.03603,7.45396,0.582066
17,1.79825,110.681,104.598,0.0565217,C,0.181584,0.181232,0.181232,0.181575,0.0342316,6.73001,7.89534,7.31267,0.582664
17,1.79825,110.959,104.598,0.0590301,C,0.181479,0.181526,0.181526,0.181472,0.00540616,6.6494,7.81607,7.23274,0.583335
17,1.79825,111.237,104.598,0.0615385,C,0.181374,0.181083,0.181083,0.181369,0.0285421,6.53072,7.69839,7.11456,0.583832
17,1.79825,111.517,104.598,0.0640468,C,0.18127,0.181014,0.181014,0.181266,0.0252391,6.43265,7.60128,7.01697,0.584315
17,1.79825,111.797,104.598,0.0665552,C,0.181165,0.182154,0.182154,0.181164,0.0990217,6.39918,7.56911,6.98414,0.584966
17,1.79825,112.077,104.598,0.0690635,C,0.181061,0.180014,0.180014,0.181062,0.104795,6.19392,7.36369,6.77881,0.58489
17,1.79825,112.359,104.598,0.0715719,C,0.180958,0.178514,0.178514,0.180961,0.244671,6.02361,7.19321,6.60841,0.584801
17,1.79825,112.641,104.598,0.0740803,C,0.180854,0.180069,0.180069,0.180859,0.079053,6.01422,7.18501,6.59961,0.585394
17,1.79825,112.924,104.598,0.0765886,C,0.180751,0.181916,0.181916,0.180758,0.115751,6.02064,7.19274,6.60669,0.586053
17,1.79825,113.208,104.598,0.079097,C,0.180649,0.181152,0.181152,0.180658,0.0494061,5.89148,7.06338,6.47743,0.585947
17,1.79825,113.492,104.598,0.0816054,C,0.180546,0.18137,0.18137,0.180557,0.0812085,5.81438,6.98649,6.40044,0.586055
17,1.79825,113.777,104.598,0.0841137,C,0.180444,0.178924,0.178924,0.180457,0.153357,5.60026,6.77061,6.18543,0.585178
17,1.79825,114.063,104.598,0.0866221,C,0.180343,0.178091,0.178091,0.180358,0.226636,5.47101,6.64043,6.05572,0.58471
17,1.79825,114.349,104.598,0.0891304,C,0.180241,0.177388,0.177388,0.180258,0.287009,5.34958,6.51795,5.93376,0.584183
17,1.79825,114.636,104.598,0.0916388,C,0.18014,0.179047,0.179047,0.180159,0.111187,5.35015,6.51933,5.93474,0.584591
17,1.79825,114.924,104.598,0.0941472,C,0.180039,0.174509,0.174509,0.18006,0.555132,5.03524,6.1994,5.61732,0.582077
17,1.79825,115.213,104.598,0.0966555,C,0.179938,0.180779,0.180779,0.179962,0.0817762,5.2717,6.44103,5.85636,0.584664
17,1.79825,115.502,104.598,0.0991639,C,0.179838,0.180259,0.180259,0.179863,0.0396019,5.16296,6.33091,5.74694,0.583974
17,1.79825,115.792,104.598,0.101672,C,0.179738,0.182557,0.182557,0.179765,0.279188,5.19792,6.36723,5.78257,0.584657
17,1.79825,116.083,104.598,0.104181,C,0.179639,0.180278,0.180278,0.179668,0.0609998,5.00198,6.16778,5.58488,0.5829
17,1.79825,116.375,104.598,0.106689,C,0.179539,0.177918,0.177918,0.17957,0.165264,4.80406,5.96576,5.38491,0.580847
17,1.79825,116.667,104.598,0.109197,C,0.17944,0.178723,0.178723,0.179473,0.0750656,4.76585,5.92702,5.34643,0.580584
17,1.79825,116.96,104.598,0.111706,C,0.179342,0.180369,0.180369,0.179377,0.0992445,4.77005,5.93174,5.3509,0.580845
17,1.79825,117.254,104.598,0.114214,C,0.179243,0.177584,0.177584,0.17928,0.169566,4.5552,5.71138,5.13329,0.578088
17,1.79825,117.548,104.598,0.116722,C,0.179145,0.179292,0.179292,0.179184,0.0107685,4.56351,5.72022,5.14187,0.578351
17,1.79825,117.843,104.598,0.119231,C,0.179047,0.177324,0.177324,0.179088,0.17637,4.39202,5.54373,4.96787,0.575855
17,1.79825,118.139,104.598,0.121739,C,0.17895,0.17809,0.17809,0.178992,0.0901961,4.35542,5.50612,4.93077,0.57535
17,1.79825,118.436,104.598,0.124247,C,0.178853,0.182497,0.182497,0.178897,0.360047,4.49657,5.65203,5.0743,0.577731
17,1.79825,118.734,104.598,0.126756,C,0.178756,0.180109,0.180109,0.178802,0.130723,4.30735,5.45672,4.88203,0.574688
17,1.79825,119.032,104.598,0.129264,C,0.178659,0.178292,0.178292,0.178707,0.0414828,4.14802,5.29174,4.71988,0.57186
17,1.79825,119.331,104.598,0.131773,C,0.178563,0.17872,0.17872,0.178613,0.0107352,4.09772,5.23955,4.66863,0.570915
17,1.79825,119.63,104.598,0.134281,C,0.178467,0.181241,0.181241,0.178519,0.272293,4.1478,5.29161,4.71971,0.571901
17,1.79825,119.931,104.598,0.136789,C,0.178371,0.177888,0.177888,0.178425,0.0536732,3.91931,5.05378,4.48655,0.567236
17,1.79825,120.232,104.598,0.139298,C,0.178276,0.180591,0.180591,0.178331,0.226027,3.97833,5.11526,4.54679,0.568463
17,1.79825,120.534,104.598,0.141806,C,0.178181,0.18067,0.18067,0.178238,0.2432,3.91401,5.04809,4.48105,0.567037
17,1.79825,120.837,104.598,0.144314,C,0.178086,0.178136,0.178136,0.178145,0.000895112,3.72901,4.85442,4.29171,0.562701
17,1.79825,121.14,104.598,0.146823,C,0.177992,0.177372,0.177372,0.178052,0.0679347,3.62822,4.74842,4.18832,0.5601
17,1.79825,121.445,104.598,0.149331,C,0.177898,0.173536,0.173536,0.177959,0.442366,3.38923,4.4963,3.94276,0.553531
17,1.79825,121.75,104.598,0.151839,C,0.177804,0.175115,0.175115,0.177867,0.275255,3.39764,4.50479,3.95121,0.553578
17,1.79825,122.055,104.598,0.154348,C,0.177711,0.174944,0.174944,0.177775,0.283164,3.32768,4.43036,3.87902,0.551343
17,1.79825,122.362,104.598,0.156856,C,0.177617,0.180962,0.180962,0.177684,0.327856,3.53624,4.65054,4.09339,0.55715
17,1.79825,122.669,104.598,0.159365,C,0.177525,0.180988,0.180988,0.177592,0.339577,3.47496,4.58553,4.03024,0.555286
17,1.79825,122.977,104.598,0.161873,C,0.177432,0.175533,0.175533,0.177501,0.196854,3.1717,4.26331,3.7175,0.545805
17,1.79825,123.286,104.598,0.164381,C,0.17734,0.178838,0.178838,0.17741,0.142759,3.25739,4.35409,3.80574,0.548353
17,1.79825,123.596,104.598,0.16689,C,0.177248,0.179166,0.179166,0.17732,0.184619,3.21233,4.30569,3.75901,0.546683
17,1.79825,123.906,104.598,0.169398,C,0.177156,0.178263,0.178263,0.177229,0.103306,3.11438,4.20069,3.65753,0.543156
17,1.79825,124.217,104.598,0.171906,C,0.177065,0.178106,0.178106,0.177139,0.0966588,3.04999,4.13128,3.59063,0.540644
17,1.79825,124.529,104.598,0.174415,C,0.176974,0.177999,0.177999,0.17705,0.0949386,2.9886,4.06489,3.52674,0.538145
17,1.79825,124.842,104.598,0.176923,C,0.176883,0.179838,0.179838,0.17696,0.28777,3.01068,4.08809,3.54939,0.538702
17,1.79825,125.156,104.598,0.179431,C,0.176793,0.177267,0.177267,0.176871,0.0396284,2.84666,3.91085,3.37876,0.5321
17,1.79825,125.47,104.598,0.18194,C,0.176703,0.176405,0.176405,0.176782,0.037727,2.75666,3.81285,3.28476,0.528092
17,1.79825,125.785,104.598,0.184448,C,0.176613,0.17471,0.17471,0.176694,0.198326,2.63418,3.67905,3.15662,0.522436
17,1.79825,126.101,104.598,0.186957,C,0.176523,0.177963,0.177963,0.176605,0.135728,2.7147,3.766,3.24035,0.525652
17,1.79825,126.418,104.598,0.189465,C,0.176434,0.176546,0.176546,0.176517,0.00291767,2.60514,3.64597,3.12556,0.520412
17,1.79825,126.735,104.598,0.191973,C,0.176345,0.17655,0.17655,0.176429,0.0121076,2.55436,3.58973,3.07204,0.517684
17,1.79825,127.053,104.598,0.194482,C,0.176257,0.178459,0.178459,0.176342,0.211679,2.58021,3.61732,3.09876,0.518556
17,1.79825,127.373,104.598,0.19699,C,0.176168,0.17369,0.17369,0.176255,0.256442,2.343,3.3556,2.8493,0.5063
17,1.79825,127.692,104.598,0.199498,C,0.17608,0.178088,0.178088,0.176167,0.19207,2.46611,3.49068,2.9784,0.512282
17,1.79825,128.013,104.598,0.202007,C,0.175993,0.175304,0.175304,0.176081,0.0776653,2.31001,3.31741,2.81371,0.503704
17,1.79825,128.335,104.598,0.204515,C,0.175905,0.176829,0.176829,0.175994,0.0834779,2.32136,3.32921,2.82528,0.503924
17,1.79825,128.657,104.598,0.207023,C,0.175818,0.175006,0.175006,0.175908,0.0902258,2.20587,3.19988,2.70287,0.497004
17,1.79825,128.98,104.598,0.209532,C,0.175732,0.177617,0.177617,0.175822,0.179527,2.25844,3.25768,2.75806,0.499619
17,1.79825,129.304,104.598,0.21204,C,0.175645,0.175825,0.175825,0.175736,0.00885552,2.14626,3.1315,2.63888,0.492617
17,1.79825,129.629,104.598,0.214548,C,0.175559,0.176812,0.176812,0.175651,0.116111,2.13835,3.12178,2.63007,0.491712
17,1.79825,129.954,104.598,0.217057,C,0.175473,0.172998,0.172998,0.175566,0.256823,1.95697,2.91622,2.4366,0.479621
17,1.79825,130.281,104.598,0.219565,C,0.175388,0.177609,0.177609,0.175481,0.212809,2.08021,3.0547,2.56745,0.487245
17,1.79825,130.608,104.598,0.222074,C,0.175303,0.173037,0.173037,0.175396,0.235885,1.87561,2.82169,2.34865,0.473037
17,1.79825,130.936,104.598,0.224582,C,0.175218,0.175138,0.175138,0.175312,0.0173955,1.90823,2.85797,2.3831,0.474873
17,1.79825,131.265,104.598,0.22709,C,0.175133,0.174983,0.174983,0.175228,0.0244816,1.86237,2.80466,2.33352,0.471145
17,1.79825,131.594,104.598,0.229599,C,0.175049,0.173598,0.173598,0.175144,0.154568,1.77548,2.70393,2.2397,0.464224
17,1.79825,131.925,104.598,0.232107,C,0.174965,0.175646,0.175646,0.17506,0.058538,1.80596,2.73807,2.27201,0.466056
17,1.79825,132.256,104.598,0.234615,C,0.174881,0.175981,0.175981,0.174977,0.100377,1.77852,2.70553,2.24202,0.463508
17,1.79825,132.588,104.598,0.237124,C,0.174798,0.174534,0.174534,0.174894,0.0359489,1.69242,2.60494,2.14868,0.45626
17,1.79825,132.921,104.598,0.239632,C,0.174715,0.174157,0.174157,0.174811,0.0654269,1.64315,2.5466,2.09487,0.451728
17,1.79825,133.255,104.598,0.24214,C,0.174632,0.174608,0.174608,0.174728,0.0119948,1.62145,2.52028,2.07086,0.449415
17,1.79825,133.59,104.598,0.244649,C,0.17455,0.175551,0.175551,0.174646,0.0904879,1.61578,2.51268,2.06423,0.448449
17,1.79825,133.925,104.598,0.247157,C,0.174468,0.174321,0.174321,0.174564,0.0243009,1.5415,2.42444,1.98297,0.441466
17,1.79825,134.262,104.598,0.249666,C,0.174386,0.173307,0.173307,0.174482,0.117475,1.4758,2.34571,1.91076,0.434951
17,1.79825,134.599,104.598,0.252174,C,0.174304,0.175491,0.175491,0.1744,0.109052,1.50925,2.38437,1.94681,0.437559
17,1.79825,134.937,104.598,0.254682,C,0.174223,0.173336,0.173336,0.174319,0.0982751,1.41042,2.26576,1.83809,0.427673
17,1.79825,135.276,104.598,0.257191,C,0.174142,0.174416,0.174416,0.174238,0.0178346,1.41028,2.26459,1.83743,0.427157
17,1.79825,135.616,104.598,0.259699,C,0.174062,0.172896,0.172896,0.174157,0.126146,1.33367,2.17148,1.75257,0.418907
17,1.79825,135.956,104.598,0.262207,C,0.173981,0.17308,0.17308,0.174076,0.0996311,1.30806,2.13948,1.72377,0.415711
17,1.79825,136.298,104.598,0.264716,C,0.173901,0.176938,0.176938,0.173996,0.294203,1.38908,2.23625,1.81267,0.423583
17,1.79825,136.64,104.598,0.267224,C,0.173822,0.177644,0.177644,0.173916,0.372824,1.37834,2.22238,1.80036,0.422019
17,1.79825,136.983,104.598,0.269732,C,0.173742,0.172549,0.172549,0.173836,0.128695,1.20389,2.00928,1.60658,0.402694
17,1.79825,137.327,104.598,0.272241,C,0.173663,0.175237,0.175237,0.173757,0.148089,1.24917,2.06379,1.65648,0.407309
17,1.79825,137.672,104.598,0.274749,C,0.173585,0.173502,0.173502,0.173677,0.0175062,1.17295,1.9691,1.57102,0.398077
17,1.79825,138.018,104.598,0.277258,C,0.173506,0.172885,0.172885,0.173598,0.0712633,1.12878,1.91333,1.52106,0.392274
17,1.79825,138.365,104.598,0.279766,C,0.173428,0.17528,0.17528,0.173519,0.17608,1.16493,1.95719,1.56106,0.39613
17,1.79825,138.712,104.598,0.282274,C,0.17335,0.176095,0.176095,0.173441,0.265419,1.15907,1.94895,1.55401,0.394943
17,1.79825,139.06,104.598,0.284783,C,0.173273,0.176188,0.176188,0.173362,0.282562,1.13432,1.91724,1.52578,0.391462
17,1.79825,139.41,104.598,0.287291,C,0.173196,0.174996,0.174996,0.173284,0.171234,1.07699,1.8446,1.46079,0.383805
17,1.79825,139.76,104.598,0.289799,C,0.173119,0.17366,0.17366,0.173206,0.0453425,1.01782,1.76894,1.39338,0.375559
17,1.79825,140.111,104.598,0.292308,C,0.173042,0.173025,0.173025,0.173128,0.0103093,0.977605,1.71674,1.34717,0.369569
17,1.79825,140.463,104.598,0.294816,C,0.172966,0.172583,0.172583,0.173051,0.0467541,0.943017,1.6714,1.30721,0.364191
17,1.79825,140.816,104.598,0.297324,C,0.17289,0.171771,0.171771,0.172974,0.120317,0.900671,1.61569,1.25818,0.357509
17,1.79825,141.169,104.598,0.299833,C,0.172814,0.175148,0.175148,0.172897,0.225134,0.956696,1.68702,1.32186,0.36516
17,1.79825,141.524,104.598,0.302341,C,0.172739,0.172519,0.172519,0.17282,0.0301466,0.872722,1.57732,1.22502,0.352298
17,1.79825,141.879,104.598,0.304849,C,0.172664,0.174419,0.174419,0.172744,0.167493,0.893644,1.60361,1.24863,0.354983
17,1.79825,142.236,104.598,0.307358,C,0.172589,0.169709,0.169709,0.172667,0.295849,0.768632,1.43779,1.10321,0.334577
17,1.79825,142.593,104.598,0.309866,C,0.172515,0.171314,0.171314,0.172591,0.127785,0.782288,1.45504,1.11866,0.336375
17,1.79825,142.951,104.598,0.312375,C,0.17244,0.1705,0.1705,0.172516,0.20153,0.745152,1.40428,1.07472,0.329566
17,1.79825,143.31,104.598,0.314883,C,0.172367,0.174502,0.174502,0.17244,0.206208,0.809327,1.48908,1.1492,0.339875
17,1.79825,143.67,104.598,0.317391,C,0.172293,0.174915,0.174915,0.172365,0.255045,0.797626,1.4726,1.13511,0.337486
17,1.79825,144.031,104.598,0.3199,C,0.17222,0.171229,0.171229,0.17229,0.106067,0.702293,1.3433,1.0228,0.320505
17,1.79825,144.392,104.598,0.322408,C,0.172147,0.171347,0.171347,0.172215,0.0867938,0.686094,1.32021,1.00315,0.317058
17,1.79825,144.755,104.598,0.324916,C,0.172074,0.170557,0.170557,0.17214,0.158307,0.652863,1.2735,0.963184,0.31032
17,1.79825,145.119,104.598,0.327425,C,0.172002,0.17089,0.17089,0.172066,0.117601,0.641614,1.25696,0.949288,0.307674
17,1.79825,145.483,104.598,0.329933,C,0.17193,0.170402,0.170402,0.171992,0.159002,0.615455,1.21953,0.917493,0.302038
17,1.79825,145.848,104.598,0.332441,C,0.171858,0.172627,0.172627,0.171918,0.0709247,0.639496,1.25217,0.945832,0.306336
17,1.79825,146.215,104.598,0.33495,C,0.171787,0.171589,0.171589,0.171844,0.0255006,0.603685,1.20116,0.902421,0.298736
17,1.79825,146.582,104.598,0.337458,C,0.171716,0.168348,0.168348,0.171771,0.34224,0.53165,1.09753,0.814593,0.282942
17,1.79825,146.95,104.598,0.339967,C,0.171645,0.167301,0.167301,0.171697,0.439638,0.499714,1.05015,0.774931,0.275217
17,1.79825,147.319,104.598,0.342475,C,0.171575,0.171179,0.171179,0.171624,0.0445409,0.548975,1.12068,0.834829,0.285855
17,1.79825,147.689,104.598,0.344983,C,0.171505,0.172384,0.172384,0.171551,0.0832436,0.554121,1.12718,0.840652,0.286532
17,1.79825,148.06,104.598,0.347492,C,0.171435,0.170346,0.170346,0.171479,0.113324,0.505703,1.05622,0.780963,0.27526
17,1.79825,148.432,104.598,0.35,C,0.171365,0.172041,0.172041,0.171407,0.0634891,0.518707,1.07431,0.79651,0.277803
18,1.89912,70.2913,104.862,-0.4,P,0.203155,0.201176,0.201176,0.203186,0.201008,0.538141,1.00012,0.769129,0.230988
18,1.89912,70.4679,104.862,-0.397492,P,0.203,0.201727,0.201727,0.203026,0.129868,0.558984,1.0294,0.79419,0.235207
18,1.89912,70.6448,104.862,-0.394983,P,0.202844,0.206059,0.206059,0.202866,0.319219,0.634306,1.1308,0.882554,0.248248
18,1.89912,70.8223,104.862,-0.392475,P,0.202689,0.204173,0.204173,0.202707,0.146525,0.621732,1.11537,0.86855,0.246818
18,1.89912,71.0001,104.862,-0.389967,P,0.202534,0.203765,0.203765,0.202549,0.121643,0.630668,1.12833,0.879497,0.248829
18,1.89912,71.1784,104.862,-0.387458,P,0.20238,0.204231,0.204231,0.20239,0.184096,0.652759,1.15854,0.905648,0.252889
18,1.89912,71.3572,104.862,-0.38495,P,0.202225,0.20136,0.20136,0.202232,0.0872051,0.625373,1.1237,0.874535,0.249161
18,1.89912,71.5364,104.862,-0.382441,P,0.202071,0.199341,0.199341,0.202074,0.273352,0.61074,1.10552,0.858129,0.247389
18,1.89912,71.7161,104.862,-0.379933,P,0.201918,0.200287,0.200287,0.201917,0.163021,0.639858,1.14519,0.892526,0.252667
18,1.89912,71.8962,104.862,-0.377425,P,0.201764,0.20216,0.20216,0.20176,0.0400132,0.68427,1.20451,0.944388,0.260118
18,1.89912,72.0768,104.862,-0.374916,P,0.201611,0.203198,0.203198,0.201603,0.15949,0.717118,1.24829,0.982705,0.265587
18,1.89912,72.2578,104.862,-0.372408,P,0.201458,0.203753,0.203753,0.201447,0.230641,0.74309,1.28295,1.01302,0.269933
18,1.89912,72.4393,104.862,-0.3699,P,0.201306,0.201017,0.201017,0.201291,0.0273231,0.715767,1.24907,0.982419,0.266652
18,1.89912,72.6212,104.862,-0.367391,P,0.201154,0.205128,0.205128,0.201135,0.399326,0.801572,1.36004,1.08081,0.279234
18,1.89912,72.8036,104.862,-0.364883,P,0.201002,0.198425,0.198425,0.20098,0.255506,0.707757,1.24129,0.974523,0.266766
18,1.89912,72.9864,104.862,-0.362375,P,0.20085,0.202518,0.202518,0.200825,0.169326,0.793507,1.35243,1.07297,0.279463
18,1.89912,73.1697,104.862,-0.359866,P,0.200699,0.200032,0.200032,0.20067,0.0637851,0.769317,1.32298,1.04615,0.276833
18,1.89912,73.3535,104.862,-0.357358,P,0.200548,0.202201,0.202201,0.200516,0.168562,0.825294,1.3953,1.1103,0.285005
18,1.89912,73.5377,104.862,-0.354849,P,0.200397,0.197574,0.197574,0.200362,0.278778,0.763703,1.3185,1.0411,0.277398
18,1.89912,73.7224,104.862,-0.352341,P,0.200246,0.199541,0.199541,0.200208,0.0666576,0.816392,1.38679,1.10159,0.285198
18,1.89912,73.9076,104.862,-0.349833,P,0.200096,0.197976,0.197976,0.200055,0.207845,0.807765,1.37726,1.09251,0.284746
18,1.89912,74.0932,104.862,-0.347324,P,0.199946,0.202541,0.202541,0.199902,0.263965,0.910545,1.50744,1.20899,0.298446
18,1.89912,74.2793,104.862,-0.344816,P,0.199797,0.200714,0.200714,0.199749,0.0964459,0.896904,1.4919,1.1944,0.297497
18,1.89912,74.4658,104.862,-0.342308,P,0.199647,0.197459,0.197459,0.199597,0.213809,0.85688,1.44334,1.15011,0.293228
18,1.89912,74.6529,104.862,-0.339799,P,0.199498,0.199933,0.199933,0.199445,0.0487946,0.92372,1.52805,1.22588,0.302165
18,1.89912,74.8404,104.862,-0.337291,P,0.19935,0.200573,0.200573,0.199293,0.127983,0.957424,1.57113,1.26428,0.306852
18,1.89912,75.0283,104.862,-0.334783,P,0.199201,0.201019,0.201019,0.199142,0.18767,0.988107,1.61029,1.2992,0.311093
18,1.89912,75.2168,104.862,-0.332274,P,0.199053,0.199535,0.199535,0.198991,0.0543571,0.980867,1.6029,1.29188,0.311015
18,1.89912,75.4057,104.862,-0.329766,P,0.198905,0.200875,0.200875,0.198841,0.203456,1.03042,1.66497,1.3477,0.317272
18,1.89912,75.595,104.862,-0.327258,P,0.198758,0.201496,0.201496,0.198691,0.280578,1.06651,1.71031,1.38841,0.321899
18,1.89912,75.7849,104.862,-0.324749,P,0.19861,0.19951,0.19951,0.198541,0.0969325,1.04889,1.69046,1.36967,0.320786
18,1.89912,75.9752,104.862,-0.322241,P,0.198463,0.194226,0.194226,0.198391,0.416552,0.964212,1.5885,1.27636,0.312146
18,1.89912,76.166,104.862,-0.319732,P,0.198317,0.198302,0.198302,0.198242,0.00595174,1.07118,1.72058,1.39588,0.324702
18,1.89912,76.3573,104.862,-0.317224,P,0.19817,0.19685,0.19685,0.198093,0.124316,1.06463,1.71422,1.38942,0.324796
18,1.89912,76.5491,104.862,-0.314716,P,0.198024,0.197668,0.197668,0.197945,0.0276511,1.10648,1.76637,1.43642,0.329944
18,1.89912,76.7414,104.862,-0.312207,P,0.197878,0.194904,0.194904,0.197797,0.289287,1.0718,1.72609,1.39894,0.327145
18,1.89912,76.9341,104.862,-0.309699,P,0.197733,0.197228,0.197228,0.197649,0.0421154,1.1472,1.81851,1.48286,0.335653
18,1.89912,77.1273,104.862,-0.307191,P,0.197588,0.198998,0.198998,0.197502,0.149609,1.21286,1.89849,1.55567,0.342812
18,1.89912,77.321,104.862,-0.304682,P,0.197443,0.195862,0.195862,0.197355,0.14924,1.16852,1.84729,1.50791,0.339385
18,1.89912,77.5152,104.862,-0.302174,P,0.197298,0.1999,0.1999,0.197208,0.269216,1.28808,1.99079,1.63943,0.351356
18,1.89912,77.7099,104.862,-0.299666,P,0.197154,0.194591,0.194591,0.197061,0.247009,1.19263,1.87938,1.536,0.34338
18,1.89912,77.9051,104.862,-0.297157,P,0.19701,0.195892,0.195892,0.196915,0.102371,1.2498,1.94894,1.59937,0.349575
18,1.89912,78.1007,104.862,-0.294649,P,0.196866,0.19869,0.198689,0.19677,0.19199,1.34454,2.06216,1.70335,0.358812
18,1.89912,78.2969,104.862,-0.29214,P,0.196723,0.193409,0.193409,0.196624,0.321507,1.24711,1.9492,1.59816,0.351042
18,1.89912,78.4935,104.862,-0.289632,P,0.196579,0.197618,0.197618,0.196479,0.11391,1.37716,2.10374,1.74045,0.36329
18,1.89912,78.6907,104.862,-0.287124,P,0.196437,0.19594,0.19594,0.196335,0.0394547,1.36561,2.09199,1.7288,0.363193
18,1.89912,78.8883,104.862,-0.284615,P,0.196294,0.195957,0.195957,0.19619,0.023268,1.39604,2.12925,1.76264,0.366607
18,1.89912,79.0864,104.862,-0.282107,P,0.196152,0.196661,0.196661,0.196046,0.0614887,1.44438,2.18719,1.81579,0.371409
18,1.89912,79.2851,104.862,-0.279599,P,0.19601,0.19227,0.19227,0.195903,0.363292,1.36458,2.09613,1.73036,0.365776
18,1.89912,79.4842,104.862,-0.27709,P,0.195868,0.195008,0.195008,0.195759,0.0751014,1.46482,2.21446,1.83964,0.37482
18,1.89912,79.6838,104.862,-0.274582,P,0.195727,0.195116,0.195116,0.195616,0.0500228,1.49954,2.25638,1.87796,0.378421
18,1.89912,79.8839,104.862,-0.272074,P,0.195585,0.195036,0.195036,0.195474,0.0437729,1.52993,2.29322,1.91157,0.381641
18,1.89912,80.0846,104.862,-0.269565,P,0.195445,0.19567,0.19567,0.195331,0.0338376,1.57995,2.35246,1.9662,0.386255
18,1.89912,80.2857,104.862,-0.267057,P,0.195304,0.196757,0.196757,0.195189,0.156748,1.64339,2.42678,2.03509,0.391695
18,1.89912,80.4873,104.862,-0.264548,P,0.195164,0.195642,0.195642,0.195048,0.0594232,1.64749,2.43332,2.0404,0.392913
18,1.89912,80.6895,104.862,-0.26204,P,0.195024,0.194388,0.194388,0.194906,0.0518223,1.64784,2.43559,2.04171,0.393878
18,1.89912,80.8921,104.862,-0.259532,P,0.194884,0.196543,0.196543,0.194765,0.177775,1.74357,2.54611,2.14484,0.40127
18,1.89912,81.0953,104.862,-0.257023,P,0.194745,0.193419,0.193419,0.194625,0.120631,1.69162,2.48918,2.0904,0.398777
18,1.89912,81.299,104.862,-0.254515,P,0.194606,0.194895,0.194895,0.194485,0.0409994,1.76988,2.57964,2.17476,0.404882
18,1.89912,81.5031,104.862,-0.252007,P,0.194467,0.194997,0.194997,0.194345,0.065275,1.81012,2.62692,2.21852,0.408397
18,1.89912,81.7078,104.862,-0.249498,P,0.194329,0.194784,0.194784,0.194205,0.0579153,1.84182,2.66448,2.25315,0.411331
18,1.89912,81.913,104.862,-0.24699,P,0.19419,0.195968,0.195968,0.194066,0.190165,1.9155,2.74895,2.33222,0.416725
18,1.89912,82.1188,104.862,-0.244482,P,0.194053,0.192369,0.192369,0.193927,0.155766,1.8476,2.6749,2.26125,0.413652
18,1.89912,82.325,104.862,-0.241973,P,0.193915,0.193069,0.193069,0.193788,0.0719017,1.9076,2.74407,2.32583,0.418234
18,1.89912,82.5318,104.862,-0.239465,P,0.193778,0.192231,0.192231,0.19365,0.141968,1.92209,2.76226,2.34218,0.420082
18,1.89912,82.7391,104.862,-0.236957,P,0.193641,0.190933,0.190933,0.193512,0.257902,1.92287,2.76514,2.344,0.421136
18,1.89912,82.9469,104.862,-0.234448,P,0.193504,0.194234,0.194234,0.193375,0.0858777,2.06563,2.92581,2.49572,0.430093
18,1.89912,83.1552,104.862,-0.23194,P,0.193367,0.194992,0.194992,0.193238,0.175437,2.13196,3.00112,2.56654,0.43458
18,1.89912,83.364,104.862,-0.229431,P,0.193231,0.191151,0.191151,0.193101,0.194985,2.05342,2.91637,2.4849,0.431477
18,1.89912,83.5734,104.862,-0.226923,P,0.193095,0.192992,0.192992,0.192964,0.0028188,2.15491,3.03048,2.5927,0.437785
18,1.89912,83.7833,104.862,-0.224415,P,0.19296,0.193909,0.193909,0.192828,0.108062,2.22872,3.11365,2.67118,0.442466
18,1.89912,83.9937,104.862,-0.221906,P,0.192825,0.191136,0.191136,0.192692,0.155583,2.18324,3.06578,2.62451,0.441271
18,1.89912,84.2047,104.862,-0.219398,P,0.19269,0.194627,0.194627,0.192557,0.207039,2.34352,3.24335,2.79344,0.449914
18,1.89912,84.4161,104.862,-0.21689,P,0.192555,0.190084,0.190084,0.192421,0.233731,2.23893,3.13109,2.68501,0.44608
18,1.89912,84.6282,104.862,-0.214381,P,0.192421,0.191874,0.191874,0.192286,0.04129,2.34484,3.24895,2.79689,0.452054
18,1.89912,84.8407,104.862,-0.211873,P,0.192287,0.192672,0.192672,0.192152,0.0519871,2.41935,3.33215,2.87575,0.4564
18,1.89912,85.0538,104.862,-0.209365,P,0.192153,0.19074,0.19074,0.192018,0.127796,2.40155,3.31492,2.85824,0.456683
18,1.89912,85.2674,104.862,-0.206856,P,0.192019,0.191327,0.191327,0.191884,0.055706,2.47033,3.3917,2.93102,0.460686
18,1.89912,85.4815,104.862,-0.204348,P,0.191886,0.188602,0.188602,0.19175,0.31479,2.42524,3.34494,2.88509,0.459849
18,1.89912,85.6962,104.862,-0.201839,P,0.191753,0.190421,0.190421,0.191617,0.119626,2.53824,3.46946,3.00385,0.465612
18,1.89912,85.9115,104.862,-0.199331,P,0.191621,0.190752,0.190752,0.191484,0.0731969,2.60077,3.53908,3.06993,0.469158
18,1.89912,86.1272,104.862,-0.196823,P,0.191488,0.19004,0.19004,0.191352,0.131199,2.62694,3.56943,3.09818,0.471244
18,1.89912,86.3435,104.862,-0.194314,P,0.191356,0.190576,0.190576,0.19122,0.0643367,2.69858,3.6486,3.17359,0.475009
18,1.89912,86.5604,104.862,-0.191806,P,0.191224,0.193383,0.193383,0.191088,0.229561,2.85481,3.81802,3.33642,0.481606
18,1.89912,86.7778,104.862,-0.189298,P,0.191093,0.192155,0.192155,0.190956,0.119918,2.86427,3.83026,3.34727,0.482992
18,1.89912,86.9957,104.862,-0.186789,P,0.190962,0.189058,0.189058,0.190825,0.176674,2.80453,3.7686,3.28657,0.482035
18,1.89912,87.2142,104.862,-0.184281,P,0.190831,0.190146,0.190146,0.190694,0.0548203,2.90049,3.87319,3.38684,0.48635
18,1.89912,87.4333,104.862,-0.181773,P,0.1907,0.188819,0.188819,0.190563,0.174414,2.9069,3.88219,3.39455,0.487648
18,1.89912,87.6528,104.862,-0.179264,P,0.19057,0.190496,0.190496,0.190433,0.0062428,3.02767,4.01276,3.52021,0.492546
18,1.89912,87.873,104.862,-0.176756,P,0.19044,0.187538,0.187538,0.190303,0.27658,2.9725,3.95636,3.46443,0.491934
18,1.89912,88.0937,104.862,-0.174247,P,0.19031,0.19129,0.19129,0.190174,0.111654,3.17613,4.17427,3.6752,0.499073
18,1.89912,88.3149,104.862,-0.171739,P,0.190181,0.190262,0.190262,0.190045,0.02173,3.19614,4.19757,3.69685,0.500712
18,1.89912,88.5367,104.862,-0.169231,P,0.190052,0.190885,0.190885,0.189916,0.0969861,3.28171,4.28996,3.78584,0.504121
18,1.89912,88.7591,104.862,-0.166722,P,0.189923,0.188459,0.188459,0.189787,0.132848,3.2472,4.25576,3.75148,0.50428
18,1.89912,88.982,104.862,-0.164214,P,0.189795,0.188644,0.188644,0.189659,0.101444,3.31677,4.33117,3.82397,0.507203
18,1.89912,89.2055,104.862,-0.161706,P,0.189666,0.190599,0.190599,0.189531,0.106851,3.45893,4.4826,3.97076,0.511835
18,1.89912,89.4295,104.862,-0.159197,P,0.189538,0.188258,0.188258,0.189403,0.114523,3.42823,4.45257,3.9404,0.512168
18,1.89912,89.6541,104.862,-0.156689,P,0.189411,0.19143,0.19143,0.189276,0.215374,3.62346,4.65899,4.14123,0.517765
18,1.89912,89.8793,104.862,-0.154181,P,0.189283,0.19176,0.19176,0.189149,0.261129,3.70405,4.74517,4.22461,0.520564
18,1.89912,90.105,104.862,-0.151672,P,0.189156,0.190364,0.190364,0.189022,0.134174,3.7135,4.75713,4.23532,0.521816
18,1.89912,90.3313,104.862,-0.149164,P,0.18903,0.189062,0.189062,0.188896,0.0166275,3.72716,4.77348,4.25032,0.523158
18,1.89912,90.5582,104.862,-0.146656,P,0.188903,0.18777,0.18777,0.18877,0.0999789,3.74152,4.79055,4.26604,0.524516
18,1.89912,90.7856,104.862,-0.144147,P,0.188777,0.189628,0.189628,0.188644,0.0983964,3.89022,4.94719,4.4187,0.528485
18,1.89912,91.0136,104.862,-0.141639,P,0.188651,0.187628,0.187628,0.188519,0.0890791,3.8755,4.93401,4.40475,0.529259
18,1.89912,91.2422,104.862,-0.13913,P,0.188525,0.186347,0.186347,0.188394,0.204708,3.89175,4.95299,4.42237,0.530621
18,1.89912,91.4714,104.862,-0.136622,P,0.1884,0.190985,0.190985,0.188269,0.271611,4.16579,5.23862,4.7022,0.536418
18,1.89912,91.7011,104.862,-0.134114,P,0.188275,0.185659,0.185659,0.188145,0.248578,4.00692,5.0765,4.54171,0.534789
18,1.89912,91.9314,104.862,-0.131605,P,0.18815,0.186673,0.186673,0.188021,0.13482,4.12541,5.20103,4.66322,0.53781
18,1.89912,92.1623,104.862,-0.129097,P,0.188026,0.187364,0.187364,0.187897,0.0533107,4.23133,5.31234,4.77184,0.540504
18,1.89912,92.3938,104.862,-0.126589,P,0.187902,0.185891,0.185891,0.187774,0.188259,4.24214,5.32552,4.78383,0.54169
18,1.89912,92.6258,104.862,-0.12408,P,0.187778,0.188405,0.188405,0.187651,0.0754164,4.43225,5.52311,4.97768,0.545426
18,1.89912,92.8585,104.862,-0.121572,P,0.187654,0.185363,0.185363,0.187528,0.216489,4.37361,5.46485,4.91923,0.54562
18,1.89912,93.0917,104.862,-0.119064,P,0.187531,0.18741,0.18741,0.187405,0.000442656,4.54583,5.64362,5.09472,0.548896
18,1.89912,93.3255,104.862,-0.116555,P,0.187408,0.186596,0.186596,0.187283,0.0686774,4.58934,5.69017,5.13975,0.550416
18,1.89912,93.5599,104.862,-0.114047,P,0.187286,0.187985,0.187985,0.187161,0.082387,4.73502,5.84122,5.28812,0.553099
18,1.89912,93.7948,104.862,-0.111538,P,0.187163,0.189141,0.189141,0.18704,0.210108,4.87184,5.98292,5.42738,0.555538
18,1.89912,94.0304,104.862,-0.10903,P,0.187041,0.187532,0.187532,0.186919,0.0613743,4.88118,5.99431,5.43774,0.556562
18,1.89912,94.2666,104.862,-0.106522,P,0.186919,0.184388,0.184388,0.186798,0.240949,4.81891,5.93261,5.37576,0.556852
18,1.89912,94.5033,104.862,-0.104013,P,0.186798,0.18883,0.18883,0.186677,0.215315,5.11402,6.23527,5.67465,0.560627
18,1.89912,94.7407,104.862,-0.101505,P,0.186677,0.189426,0.189426,0.186557,0.286953,5.23015,6.35518,5.79266,0.562516
18,1.89912,94.9786,104.862,-0.0989967,P,0.186556,0.188341,0.188341,0.186437,0.190386,5.26725,6.39462,5.83093,0.563684
18,1.89912,95.2171,104.862,-0.0964883,P,0.186435,0.185273,0.185273,0.186317,0.10447,5.20982,6.33798,5.7739,0.564083
18,1.89912,95.4563,104.862,-0.0939799,P,0.186315,0.186013,0.186013,0.186198,0.0184638,5.33577,6.46761,5.90169,0.565923
18,1.89912,95.696,104.862,-0.0914716,P,0.186195,0.184216,0.184216,0.186079,0.18632,5.34022,6.47382,5.90702,0.566801
18,1.89912,95.9364,104.862,-0.0889632,P,0.186075,0.186682,0.186682,0.18596,0.0721997,5.5527,6.69087,6.12179,0.569086
18,1.89912,96.1773,104.862,-0.0864548,P,0.185956,0.186994,0.186994,0.185842,0.115168,5.66203,6.80315,6.23259,0.570559
18,1.89912,96.4189,104.862,-0.0839465,P,0.185836,0.185462,0.185462,0.185724,0.0261461,5.68194,6.82485,6.25339,0.571451
18,1.89912,96.661,104.862,-0.0814381,P,0.185718,0.18436,0.18436,0.185606,0.124589,5.72357,6.86848,6.29602,0.572452
18,1.89912,96.9038,104.862,-0.0789298,P,0.185599,0.185965,0.185965,0.185489,0.0476212,5.90038,7.04861,6.4745,0.574112
18,1.89912,97.1472,104.862,-0.0764214,P,0.185481,0.185222,0.185222,0.185371,0.0148868,5.96196,7.1122,6.53708,0.575118
18,1.89912,97.3911,104.862,-0.073913,P,0.185363,0.188021,0.188021,0.185255,0.276648,6.2021,7.35576,6.77893,0.576828
18,1.89912,97.6357,104.862,-0.0714047,P,0.185245,0.186436,0.186436,0.185138,0.129813,6.2237,7.37883,6.80127,0.577562
18,1.89912,97.8809,104.862,-0.0688963,P,0.185128,0.18625,0.18625,0.185022,0.122797,6.31666,7.47371,6.89518,0.578529
18,1.89912,98.1268,104.862,-0.066388,P,0.185011,0.188324,0.188324,0.184906,0.341822,6.52571,7.6853,7.1055,0.579796
18,1.89912,98.3732,104.862,-0.0638796,P,0.184894,0.185927,0.185927,0.18479,0.1137,6.50857,7.6692,7.08888,0.580318
18,1.89912,98.6203,104.862,-0.0613712,P,0.184777,0.18645,0.18645,0.184675,0.177516,6.64133,7.80378,7.22255,0.581222
18,1.89912,98.868,104.862,-0.0588629,P,0.184661,0.182632,0.182632,0.18456,0.192765,6.55235,7.71543,7.13389,0.581539
18,1.89912,99.1163,104.862,-0.0563545,P,0.184545,0.188099,0.188099,0.184445,0.365368,6.94239,8.10812,7.52525,0.582869
18,1.89912,99.3652,104.862,-0.0538462,P,0.184429,0.183086,0.183086,0.184331,0.124495,6.79278,7.95889,7.37583,0.583058
18,1.89912,99.6148,104.862,-0.0513378,P,0.184314,0.185227,0.185227,0.184217,0.101039,7.01456,8.1823,7.59843,0.58387
18,1.89912,99.865,104.862,-0.0488294,P,0.184199,0.188134,0.188134,0.184103,0.403146,7.27843,8.44763,7.86303,0.584604
18,1.89912,100.116,104.862,-0.0463211,P,0.184084,0.184586,0.184586,0.183989,0.0596485,7.20657,8.37634,7.79145,0.584886
18,1.89912,100.367,104.862,-0.0438127,P,0.18397,0.183233,0.183233,0.183876,0.0642882,7.25015,8.42069,7.83542,0.585269
18,1.89912,100.619,104.862,-0.0413043,P,0.183856,0.184007,0.184007,0.183763,0.0244112,7.4066,8.57799,7.9923,0.585693
18,1.89912,100.872,104.862,-0.038796,P,0.183742,0.184111,0.184111,0.18365,0.0460054,7.52918,8.70123,8.1152,0.586025
18,1.89912,101.125,104.862,-0.0362876,P,0.183628,0.181992,0.181992,0.183538,0.154664,7.53534,8.70786,8.1216,0.58626
18,1.89912,101.379,104.862,-0.0337793,P,0.183515,0.180206,0.180206,0.183426,0.32202,7.55992,8.73285,8.14638,0.586469
18,1.89912,101.634,104.862,-0.0312709,P,0.183402,0.18322,0.18322,0.183314,0.00945244,7.84101,9.01431,8.42766,0.586649
18,1.89912,101.889,104.862,-0.0287625,P,0.183289,0.181602,0.181602,0.183203,0.160083,7.87689,9.0504,8.46364,0.586756
18,1.89912,102.145,104.862,-0.0262542,P,0.183177,0.182273,0.182273,0.183092,0.0818603,8.03624,9.20982,8.62303,0.58679
18,1.89912,102.402,104.862,-0.0237458,P,0.183065,0.182553,0.182553,0.182981,0.0427596,8.17613,9.34965,8.76289,0.58676
18,1.89912,102.659,104.862,-0.0212375,P,0.182953,0.18445,0.18445,0.182871,0.157916,8.40439,9.57763,8.99101,0.58662
18,1.89912,102.917,104.862,-0.0187291,P,0.182841,0.181891,0.181891,0.18276,0.0869656,8.39424,9.56733,8.98079,0.586547
18,1.89912,103.175,104.862,-0.0162207,P,0.18273,0.183092,0.183092,0.18265,0.0441688,8.58804,9.76063,9.17434,0.586295
18,1.89912,103.434,104.862,-0.0137124,P,0.182619,0.182559,0.182559,0.182541,0.00180004,8.68956,9.86165,9.27561,0.586044
18,1.89912,103.694,104.862,-0.011204,P,0.182508,0.18226,0.18226,0.182431,0.0171673,8.80506,9.97651,9.39078,0.585724
18,1.89912,103.954,104.862,-0.00869565,P,0.182398,0.184595,0.184595,0.182322,0.227328,9.065,10.2354,9.65022,0.585221
18,1.89912,104.216,104.862,-0.00618729,P,0.182288,0.181409,0.181409,0.182213,0.0804462,9.02629,10.1961,9.61121,0.584917
18,1.89912,104.477,104.862,-0.00367893,P,0.182178,0.17856,0.17856,0.182105,0.354469,9.00681,10.1759,9.59136,0.584542
18,1.89912,104.74,104.862,-0.00117057,P,0.182069,0.178578,0.178578,0.181997,0.341841,9.14476,10.3127,9.72873,0.583966
18,1.89912,105.003,104.862,0.00133779,C,0.181959,0.180324,0.180324,0.181889,0.156497,9.2432,10.4126,9.8279,0.584702
18,1.89912,105.266,104.862,0.00384615,C,0.18185,0.186106,0.186106,0.181781,0.43246,9.44509,10.618,10.0315,0.586454
18,1.89912,105.531,104.862,0.00635452,C,0.181742,0.179154,0.179154,0.181674,0.251968,8.9513,10.1289,9.54009,0.588787
18,1.89912,105.796,104.862,0.00886288,C,0.181633,0.182163,0.182163,0.181567,0.0595897,9.00339,10.1845,9.59396,0.590575
18,1.89912,106.062,104.862,0.0113712,C,0.181525,0.179407,0.179407,0.18146,0.205262,8.74039,9.92554,9.33297,0.592573
18,1.89912,106.328,104.862,0.0138796,C,0.181418,0.180591,0.180591,0.181354,0.0762105,8.69419,9.88286,9.28853,0.594336
18,1.89912,106.595,104.862,0.016388,C,0.18131,0.180528,0.180528,0.181247,0.0719363,8.58035,9.77254,9.17645,0.596095
18,1.89912,106.863,104.862,0.0188963,C,0.181203,0.179916,0.179916,0.181141,0.122504,8.43719,9.63282,9.035,0.597811
18,1.89912,107.131,104.862,0.0214047,C,0.181096,0.181617,0.181617,0.181036,0.0581226,8.42189,9.62069,9.02129,0.5994
18,1.89912,107.4,104.862,0.023913,C,0.18099,0.18114,0.18114,0.18093,0.0209954,8.28776,9.48975,8.88875,0.600995
18,1.89912,107.67,104.862,0.0264214,C,0.180883,0.182144,0.182144,0.180825,0.131904,8.23581,9.44082,8.83832,0.602501
18,1.89912,107.94,104.862,0.0289298,C,0.180777,0.178651,0.178651,0.180721,0.207003,7.9374,9.14538,8.54139,0.603991
18,1.89912,108.211,104.862,0.0314381,C,0.180672,0.181434,0.181434,0.180616,0.0817471,7.98487,9.19563,8.59025,0.605377
18,1.89912,108.483,104.862,0.0339465,C,0.180566,0.180846,0.180846,0.180512,0.0334026,7.84786,9.06128,8.45457,0.606712
18,1.89912,108.756,104.862,0.0364548,C,0.180461,0.177759,0.177759,0.180408,0.264907,7.57439,8.79022,8.1823,0.607916
18,1.89912,109.029,104.862,0.0389632,C,0.180356,0.179706,0.179706,0.180304,0.0598638,7.57827,8.79659,8.18743,0.609161
18,1.89912,109.303,104.862,0.0414716,C,0.180252,0.176937,0.176937,0.180201,0.326418,7.32414,8.54447,7.93431,0.610168
18,1.89912,109.577,104.862,0.0439799,C,0.180148,0.181795,0.181795,0.180098,0.169777,7.48926,8.71222,8.10074,0.611481
18,1.89912,109.852,104.862,0.0464883,C,0.180044,0.179353,0.179353,0.179995,0.0641706,7.25478,8.47949,7.86714,0.612352
18,1.89912,110.128,104.862,0.0489967,C,0.17994,0.180665,0.180665,0.179892,0.0772372,7.22685,8.45365,7.84025,0.613397
18,1.89912,110.405,104.862,0.051505,C,0.179837,0.180981,0.180981,0.17979,0.119058,7.14518,8.37381,7.75949,0.614317
18,1.89912,110.682,104.862,0.0540134,C,0.179734,0.180936,0.180936,0.179688,0.124779,7.04458,8.27487,7.65972,0.615144
18,1.89912,110.96,104.862,0.0565217,C,0.179631,0.182394,0.182394,0.179586,0.280821,7.02685,8.25903,7.64294,0.616087
18,1.89912,111.239,104.862,0.0590301,C,0.179529,0.180492,0.180492,0.179485,0.100701,6.82659,8.05969,7.44314,0.61655
18,1.89912,111.518,104.862,0.0615385,C,0.179426,0.179601,0.179601,0.179384,0.0217596,6.68254,7.91662,7.29958,0.617037
18,1.89912,111.798,104.862,0.0640468,C,0.179324,0.181063,0.181063,0.179283,0.178016,6.66719,7.90288,7.28504,0.617843
18,1.89912,112.079,104.862,0.0665552,C,0.179223,0.178049,0.178049,0.179182,0.113307,6.4099,7.64541,7.02766,0.617753
18,1.89912,112.36,104.862,0.0690635,C,0.179122,0.178068,0.178068,0.179082,0.101323,6.31809,7.55438,6.93624,0.618142
18,1.89912,112.643,104.862,0.0715719,C,0.179021,0.179511,0.179511,0.178982,0.0529825,6.30392,7.54154,6.92273,0.618808
18,1.89912,112.926,104.862,0.0740803,C,0.17892,0.177066,0.177066,0.178882,0.181583,6.081,7.31787,6.69944,0.618438
18,1.89912,113.209,104.862,0.0765886,C,0.178819,0.182401,0.182401,0.178782,0.361922,6.27748,7.51766,6.89757,0.620088
18,1.89912,113.493,104.862,0.079097,C,0.178719,0.180332,0.180332,0.178683,0.164917,6.07645,7.31584,6.69614,0.619694
18,1.89912,113.779,104.862,0.0816054,C,0.178619,0.177249,0.177249,0.178584,0.133532,5.82277,7.06032,6.44155,0.618773
18,1.89912,114.064,104.862,0.0841137,C,0.17852,0.17789,0.17789,0.178485,0.059503,5.7693,7.00722,6.38826,0.618964
18,1.89912,114.351,104.862,0.0866221,C,0.178421,0.178227,0.178227,0.178387,0.015979,5.70031,6.9383,6.31931,0.618999
18,1.89912,114.638,104.862,0.0891304,C,0.178322,0.180788,0.180788,0.178288,0.249948,5.75001,6.98974,6.36988,0.619866
18,1.89912,114.926,104.862,0.0916388,C,0.178223,0.180582,0.180582,0.17819,0.239191,5.6535,6.89275,6.27313,0.619625
18,1.89912,115.214,104.862,0.0941472,C,0.178125,0.178346,0.178346,0.178093,0.0253753,5.45092,6.6877,6.06931,0.61839
18,1.89912,115.504,104.862,0.0966555,C,0.178027,0.175553,0.175553,0.177995,0.244192,5.22104,6.45432,5.83768,0.616638
18,1.89912,115.794,104.862,0.0991639,C,0.177929,0.174123,0.174123,0.177898,0.377457,5.06437,6.29507,5.67972,0.61535
18,1.89912,116.085,104.862,0.101672,C,0.177831,0.175715,0.175715,0.177801,0.208633,5.06591,6.29723,5.68157,0.61566
18,1.89912,116.376,104.862,0.104181,C,0.177734,0.181208,0.181208,0.177704,0.35038,5.27059,6.50694,5.88877,0.618175
18,1.89912,116.669,104.862,0.106689,C,0.177637,0.176159,0.176159,0.177608,0.144931,4.92865,6.15786,5.54325,0.614606
18,1.89912,116.962,104.862,0.109197,C,0.177541,0.177512,0.177512,0.177512,5.06418e-05,4.91936,6.14882,5.53409,0.614732
18,1.89912,117.255,104.862,0.111706,C,0.177444,0.178883,0.178883,0.177416,0.146652,4.91132,6.14105,5.52619,0.614866
18,1.89912,117.55,104.862,0.114214,C,0.177348,0.178022,0.178022,0.17732,0.0701564,4.78958,6.01651,5.40305,0.613464
18,1.89912,117.845,104.862,0.116722,C,0.177253,0.179128,0.179128,0.177225,0.190336,4.76914,5.99589,5.38252,0.613371
18,1.89912,118.141,104.862,0.119231,C,0.177157,0.180327,0.180327,0.17713,0.31966,4.7538,5.98048,5.36714,0.613337
18,1.89912,118.438,104.862,0.121739,C,0.177062,0.176933,0.176933,0.177035,0.0101745,4.50705,5.72645,5.11675,0.6097
18,1.89912,118.735,104.862,0.124247,C,0.176967,0.17499,0.17499,0.176941,0.195082,4.33593,5.54971,4.94282,0.606892
18,1.89912,119.033,104.862,0.126756,C,0.176873,0.176515,0.176515,0.176846,0.0331514,4.33907,5.55308,4.94608,0.607004
18,1.89912,119.332,104.862,0.129264,C,0.176778,0.177459,0.177459,0.176752,0.0707245,4.3137,5.5269,4.9203,0.606598
18,1.89912,119.632,104.862,0.131773,C,0.176684,0.177569,0.177569,0.176658,0.0910194,4.24747,5.45827,4.85287,0.605397
18,1.89912,119.933,104.862,0.134281,C,0.176591,0.178712,0.178712,0.176565,0.214713,4.23288,5.44317,4.83803,0.605144
18,1.89912,120.234,104.862,0.136789,C,0.176497,0.17894,0.17894,0.176471,0.246869,4.17378,5.38175,4.77776,0.603986
18,1.89912,120.536,104.862,0.139298,C,0.176404,0.177158,0.177158,0.176378,0.0779503,4.01754,5.2189,4.61822,0.60068
18,1.89912,120.838,104.862,0.141806,C,0.176311,0.177665,0.177665,0.176286,0.137906,3.97377,5.17311,4.57344,0.599667
18,1.89912,121.142,104.862,0.144314,C,0.176219,0.176728,0.176728,0.176193,0.0534639,3.86122,5.05521,4.45822,0.596992
18,1.89912,121.446,104.862,0.146823,C,0.176127,0.177599,0.177599,0.176101,0.149881,3.83633,5.02895,4.43264,0.59631
18,1.89912,121.751,104.862,0.149331,C,0.176035,0.175887,0.175887,0.176009,0.0121995,3.68923,4.8742,4.28171,0.592482
18,1.89912,122.057,104.862,0.151839,C,0.175943,0.173096,0.173096,0.175917,0.282089,3.49397,4.66791,4.08094,0.586972
18,1.89912,122.363,104.862,0.154348,C,0.175852,0.178132,0.178132,0.175825,0.230662,3.66593,4.84915,4.25754,0.591609
18,1.89912,122.671,104.862,0.156856,C,0.175761,0.174212,0.174212,0.175734,0.152187,3.42027,4.58909,4.00468,0.584414
18,1.89912,122.979,104.862,0.159365,C,0.17567,0.176728,0.176728,0.175643,0.108524,3.47436,4.64606,4.06021,0.58585
18,1.89912,123.288,104.862,0.161873,C,0.175579,0.172882,0.172882,0.175552,0.267026,3.23722,4.39353,3.81538,0.578155
18,1.89912,123.597,104.862,0.164381,C,0.175489,0.172531,0.172531,0.175461,0.293025,3.16178,4.31244,3.73711,0.575331
18,1.89912,123.908,104.862,0.16689,C,0.175399,0.174937,0.174937,0.175371,0.0434196,3.21084,4.36436,3.7876,0.576763
18,1.89912,124.219,104.862,0.169398,C,0.17531,0.175006,0.175006,0.175281,0.0274869,3.15518,4.30431,3.72974,0.574568
18,1.89912,124.531,104.862,0.171906,C,0.175221,0.175968,0.175968,0.175191,0.0777112,3.13994,4.28746,3.7137,0.573763
18,1.89912,124.844,104.862,0.174415,C,0.175132,0.174466,0.174466,0.175101,0.0635045,3.01624,4.15402,3.58513,0.568893
18,1.89912,125.157,104.862,0.176923,C,0.175043,0.178078,0.178078,0.175012,0.306631,3.11854,4.26348,3.69101,0.572469
18,1.89912,125.472,104.862,0.179431,C,0.174954,0.179165,0.179165,0.174923,0.424246,3.10962,4.25339,3.6815,0.571885
18,1.89912,125.787,104.862,0.18194,C,0.174866,0.175712,0.175712,0.174834,0.0878038,2.90338,4.03038,3.46688,0.563502
18,1.89912,126.103,104.862,0.184448,C,0.174778,0.174209,0.174209,0.174745,0.0535956,2.78488,3.90118,3.34303,0.558147
18,1.89912,126.419,104.862,0.186957,C,0.174691,0.175318,0.175318,0.174657,0.0661113,2.77865,3.89371,3.33618,0.557533
18,1.89912,126.737,104.862,0.189465,C,0.174604,0.173482,0.173482,0.174569,0.108638,2.64905,3.75157,3.20031,0.551264
18,1.89912,127.055,104.862,0.191973,C,0.174517,0.17393,0.17393,0.174481,0.0551099,2.6162,3.71485,3.16553,0.549324
18,1.89912,127.374,104.862,0.194482,C,0.17443,0.173222,0.173222,0.174393,0.11714,2.53641,3.62643,3.08142,0.54501
18,1.89912,127.694,104.862,0.19699,C,0.174344,0.172946,0.172946,0.174306,0.135998,2.47544,3.55841,3.01693,0.541487
18,1.89912,128.015,104.862,0.199498,C,0.174258,0.173246,0.173246,0.174218,0.0972839,2.43855,3.51681,2.97768,0.539133
18,1.89912,128.336,104.862,0.202007,C,0.174172,0.173485,0.173485,0.174131,0.0646701,2.39976,3.47301,2.93638,0.536624
18,1.89912,128.659,104.862,0.204515,C,0.174086,0.175189,0.175189,0.174045,0.114473,2.41974,3.49435,2.95704,0.537305
18,1.89912,128.982,104.862,0.207023,C,0.174001,0.171141,0.171141,0.173958,0.281714,2.21392,3.26404,2.73898,0.52506
18,1.89912,129.306,104.862,0.209532,C,0.173916,0.17358,0.17358,0.173872,0.0291503,2.26254,3.31759,2.79007,0.527524
18,1.89912,129.631,104.862,0.21204,C,0.173832,0.17186,0.17186,0.173786,0.192564,2.15117,3.19168,2.67143,0.520256
18,1.89912,129.956,104.862,0.214548,C,0.173747,0.171794,0.171794,0.1737,0.190605,2.10443,3.13802,2.62123,0.516795
18,1.89912,130.282,104.862,0.217057,C,0.173663,0.176224,0.176224,0.173614,0.260966,2.22824,3.27656,2.7524,0.524161
18,1.89912,130.61,104.862,0.219565,C,0.17358,0.174983,0.174983,0.173529,0.145398,2.13689,3.17285,2.65487,0.517979
18,1.89912,130.938,104.862,0.222074,C,0.173496,0.170687,0.170687,0.173444,0.275669,1.93567,2.94327,2.43947,0.503799
18,1.89912,131.267,104.862,0.224582,C,0.173413,0.175629,0.175629,0.173359,0.227036,2.07473,3.10071,2.58772,0.512992
18,1.89912,131.596,104.862,0.22709,C,0.17333,0.172788,0.172788,0.173274,0.0485885,1.92932,2.93403,2.43168,0.502353
18,1.89912,131.927,104.862,0.229599,C,0.173248,0.173292,0.173292,0.17319,0.0101887,1.90675,2.90717,2.40696,0.500211
18,1.89912,132.258,104.862,0.232107,C,0.173165,0.173606,0.173606,0.173106,0.0500573,1.87782,2.87295,2.37539,0.497563
18,1.89912,132.59,104.862,0.234615,C,0.173083,0.172562,0.172562,0.173021,0.0459851,1.80186,2.78427,2.29306,0.491204
18,1.89912,132.923,104.862,0.237124,C,0.173002,0.173739,0.173739,0.172938,0.0801586,1.80405,2.78581,2.29493,0.490882
18,1.89912,133.257,104.862,0.239632,C,0.17292,0.172937,0.172937,0.172854,0.00833205,1.73835,2.7085,2.22343,0.485074
18,1.89912,133.592,104.862,0.24214,C,0.172839,0.175478,0.175478,0.172771,0.270739,1.78745,2.76462,2.27603,0.488586
18,1.89912,133.927,104.862,0.244649,C,0.172758,0.174585,0.174585,0.172688,0.189689,1.71951,2.68454,2.20203,0.482512
18,1.89912,134.264,104.862,0.247157,C,0.172678,0.174371,0.174371,0.172605,0.176594,1.67566,2.63222,2.15394,0.478282
18,1.89912,134.601,104.862,0.249666,C,0.172598,0.172195,0.172195,0.172522,0.0327095,1.56863,2.50505,2.03684,0.468212
18,1.89912,134.939,104.862,0.252174,C,0.172518,0.172561,0.172561,0.17244,0.0121226,1.54576,2.47688,2.01132,0.465563
18,1.89912,135.278,104.862,0.254682,C,0.172438,0.171881,0.171881,0.172358,0.0476723,1.49015,2.40959,1.94987,0.459719
18,1.89912,135.618,104.862,0.257191,C,0.172359,0.171923,0.171923,0.172276,0.0352379,1.4582,2.37028,1.91424,0.456042
18,1.89912,135.958,104.862,0.259699,C,0.17228,0.172545,0.172545,0.172194,0.0351083,1.44466,2.35298,1.89882,0.454159
18,1.89912,136.3,104.862,0.262207,C,0.172201,0.170815,0.170815,0.172112,0.129683,1.35995,2.24961,1.80478,0.444832
18,1.89912,136.642,104.862,0.264716,C,0.172122,0.171627,0.171627,0.172031,0.040376,1.353,2.2401,1.79655,0.443551
18,1.89912,136.985,104.862,0.267224,C,0.172044,0.17277,0.17277,0.17195,0.0819794,1.35601,2.2427,1.79936,0.443348
18,1.89912,137.329,104.862,0.269732,C,0.171966,0.174487,0.174487,0.171869,0.261798,1.3762,2.26619,1.8212,0.444997
18,1.89912,137.674,104.862,0.272241,C,0.171889,0.171287,0.171287,0.171788,0.0500864,1.25236,2.11376,1.68306,0.4307
18,1.89912,138.02,104.862,0.274749,C,0.171812,0.171071,0.171071,0.171708,0.0636909,1.2172,2.06925,1.64322,0.426025
18,1.89912,138.366,104.862,0.277258,C,0.171735,0.17304,0.17304,0.171627,0.141271,1.24405,2.10139,1.67272,0.428674
18,1.89912,138.714,104.862,0.279766,C,0.171658,0.172113,0.172113,0.171547,0.0565244,1.18957,2.03283,1.6112,0.421627
18,1.89912,139.062,104.862,0.282274,C,0.171581,0.170228,0.170228,0.171468,0.123936,1.11081,1.93316,1.52198,0.411175
18,1.89912,139.412,104.862,0.284783,C,0.171505,0.171,0.171,0.171388,0.0387565,1.10475,1.92445,1.5146,0.40985
18,1.89912,139.762,104.862,0.287291,C,0.17143,0.173078,0.173078,0.171308,0.176904,1.1336,1.95972,1.54666,0.413057
18,1.89912,140.113,104.862,0.289799,C,0.171354,0.170381,0.170381,0.171229,0.084796,1.03667,1.83594,1.43631,0.399635
18,1.89912,140.465,104.862,0.292308,C,0.171279,0.167644,0.167644,0.17115,0.350598,0.943389,1.71477,1.32908,0.385693
18,1.89912,140.817,104.862,0.294816,C,0.171204,0.171979,0.171979,0.171072,0.0907555,1.02726,1.82181,1.42453,0.397272
18,1.89912,141.171,104.862,0.297324,C,0.171129,0.168763,0.168763,0.170993,0.222973,0.923537,1.68675,1.30514,0.381608
18,1.89912,141.526,104.862,0.299833,C,0.171055,0.172151,0.172151,0.170915,0.123645,0.982626,1.76237,1.3725,0.389874
18,1.89912,141.881,104.862,0.302341,C,0.170981,0.171071,0.171071,0.170836,0.0234325,0.932684,1.69656,1.31462,0.381939
18,1.89912,142.237,104.862,0.304849,C,0.170907,0.169381,0.169381,0.170759,0.137785,0.870149,1.61347,1.24181,0.371658
18,1.89912,142.595,104.862,0.307358,C,0.170833,0.169855,0.169855,0.170681,0.0825712,0.859159,1.59788,1.22852,0.36936
18,1.89912,142.953,104.862,0.309866,C,0.17076,0.169347,0.169347,0.170603,0.125648,0.826138,1.55293,1.18953,0.363394
18,1.89912,143.312,104.862,0.312375,C,0.170687,0.169211,0.169211,0.170526,0.131455,0.802206,1.51984,1.16102,0.358817
18,1.89912,143.672,104.862,0.314883,C,0.170615,0.170661,0.170661,0.170449,0.0212325,0.813519,1.53398,1.17375,0.360233
18,1.89912,144.033,104.862,0.317391,C,0.170542,0.167289,0.167289,0.170372,0.308268,0.721251,1.40788,1.06457,0.343314
18,1.89912,144.394,104.862,0.3199,C,0.17047,0.166772,0.166772,0.170295,0.352294,0.691809,1.36626,1.02903,0.337224
18,1.89912,144.757,104.862,0.322408,C,0.170399,0.169391,0.169391,0.170219,0.0827528,0.726652,1.41323,1.06994,0.343288
18,1.89912,145.121,104.862,0.324916,C,0.170327,0.171387,0.171387,0.170143,0.12447,0.74904,1.44283,1.09594,0.346897
18,1.89912,145.485,104.862,0.327425,C,0.170256,0.169816,0.169816,0.170066,0.0250039,0.697922,1.37166,1.03479,0.336868
18,1.89912,145.85,104.862,0.329933,C,0.170185,0.17052,0.17052,0.169991,0.0529577,0.693755,1.3649,1.02933,0.335573
18,1.89912,146.217,104.862,0.332441,C,0.170115,0.172151,0.172151,0.169915,0.223586,0.708212,1.38391,1.04606,0.337849
18,1.89912,146.584,104.862,0.33495,C,0.170044,0.171617,0.171617,0.169839,0.177718,0.679492,1.34315,1.01132,0.33183
18,1.89912,146.952,104.862,0.337458,C,0.169974,0.173166,0.173166,0.169764,0.340229,0.6922,1.35985,1.02603,0.333826
18,1.89912,147.321,104.862,0.339967,C,0.169905,0.168201,0.168201,0.169689,0.148842,0.581463,1.2026,0.892031,0.310568
18,1.89912,147.691,104.862,0.342475,C,0.169835,0.167505,0.167505,0.169614,0.210911,0.553502,1.1612,0.85735,0.303849
18,1.89912,148.062,104.862,0.344983,C,0.169766,0.166293,0.166293,0.169539,0.324643,0.51778,1.10792,0.812851,0.29507
18,1.89912,148.434,104.862,0.347492,C,0.169698,0.168622,0.168622,0.169465,0.0842915,0.542504,1.14326,0.842884,0.30038
18,1.89912,148.807,104.862,0.35,C,0.169629,0.170206,0.170206,0.169391,0.0815538,0.55473,1.16015,0.85744,0.302709
19,2,70.4688,105.127,-0.4,P,0.200526,0.199468,0.199468,0.200726,0.125864,0.57638,1.07745,0.826917,0.250537
19,2,70.6458,105.127,-0.397492,P,0.200375,0.200154,0.200154,0.20057,0.0415953,0.600296,1.11091,0.855605,0.255309
19,2,70.8232,105.127,-0.394983,P,0.200225,0.200455,0.200455,0.200415,0.00401596,0.619187,1.13745,0.878317,0.25913
19,2,71.0011,105.127,-0.392475,P,0.200074,0.199003,0.199003,0.20026,0.125672,0.612396,1.1296,0.870997,0.2586
19,2,71.1794,105.127,-0.389967,P,0.199924,0.199335,0.199335,0.200105,0.0769263,0.632175,1.15725,0.894714,0.26254
19,2,71.3582,105.127,-0.387458,P,0.199775,0.196314,0.196314,0.19995,0.363632,0.601957,1.11809,0.860023,0.258066
19,2,71.5374,105.127,-0.38495,P,0.199625,0.19993,0.19993,0.199796,0.0134576,0.672098,1.21266,0.942379,0.270281
19,2,71.7171,105.127,-0.382441,P,0.199476,0.19893,0.19893,0.199642,0.0711926,0.672229,1.21412,0.943176,0.270947
19,2,71.8972,105.127,-0.379933,P,0.199327,0.202751,0.202751,0.199488,0.326224,0.750538,1.31756,1.03405,0.283513
19,2,72.0778,105.127,-0.377425,P,0.199178,0.198616,0.198616,0.199335,0.0719386,0.699494,1.25254,0.976016,0.276522
19,2,72.2588,105.127,-0.374916,P,0.19903,0.202221,0.202221,0.199182,0.303852,0.776401,1.35355,1.06498,0.288576
19,2,72.4403,105.127,-0.372408,P,0.198882,0.199468,0.199468,0.19903,0.0438946,0.747277,1.31737,1.03232,0.285046
19,2,72.6222,105.127,-0.3699,P,0.198734,0.196896,0.196896,0.198877,0.19809,0.72146,1.28524,1.00335,0.281889
19,2,72.8046,105.127,-0.367391,P,0.198587,0.197971,0.197971,0.198725,0.0754372,0.756841,1.33247,1.04465,0.287813
19,2,72.9874,105.127,-0.364883,P,0.198439,0.196275,0.196275,0.198574,0.229902,0.745528,1.31923,1.03238,0.286854
19,2,73.1707,105.127,-0.362375,P,0.198292,0.20038,0.20038,0.198423,0.195788,0.83566,1.43613,1.1359,0.300236
19,2,73.3545,105.127,-0.359866,P,0.198146,0.200001,0.200001,0.198272,0.172957,0.847881,1.45305,1.15046,0.302584
19,2,73.5387,105.127,-0.357358,P,0.197999,0.196626,0.196626,0.198121,0.149507,0.805951,1.40117,1.10356,0.297609
19,2,73.7234,105.127,-0.354849,P,0.197853,0.201278,0.201278,0.197971,0.330707,0.911171,1.5356,1.22338,0.312214
19,2,73.9086,105.127,-0.352341,P,0.197707,0.197825,0.197825,0.197821,0.000430755,0.866276,1.48066,1.17347,0.307193
19,2,74.0942,105.127,-0.349833,P,0.197562,0.199594,0.199594,0.197671,0.192231,0.919945,1.54953,1.23474,0.314791
19,2,74.2803,105.127,-0.347324,P,0.197416,0.194953,0.194953,0.197522,0.256873,0.852278,1.46595,1.15911,0.306836
19,2,74.4669,105.127,-0.344816,P,0.197271,0.195723,0.195723,0.197373,0.165002,0.886833,1.51104,1.19894,0.312104
19,2,74.6539,105.127,-0.342308,P,0.197127,0.195939,0.195939,0.197225,0.128525,0.911565,1.54359,1.22758,0.316011
19,2,74.8414,105.127,-0.339799,P,0.196982,0.194332,0.194332,0.197076,0.274399,0.901216,1.53216,1.21669,0.315474
19,2,75.0293,105.127,-0.337291,P,0.196838,0.193945,0.193945,0.196929,0.298347,0.914577,1.55045,1.23251,0.317938
19,2,75.2178,105.127,-0.334783,P,0.196694,0.196441,0.196441,0.196781,0.0339962,0.985989,1.6408,1.31339,0.327404
19,2,75.4067,105.127,-0.332274,P,0.196551,0.196631,0.196631,0.196634,0.00027609,1.0123,1.67483,1.34356,0.331264
19,2,75.5961,105.127,-0.329766,P,0.196407,0.193977,0.193977,0.196487,0.250945,0.980255,1.6369,1.30858,0.328322
19,2,75.7859,105.127,-0.327258,P,0.196264,0.193208,0.193208,0.19634,0.313251,0.986877,1.6467,1.31679,0.329913
19,2,75.9763,105.127,-0.324749,P,0.196122,0.1961,0.1961,0.196194,0.00944061,1.07081,1.75136,1.41108,0.340275
19,2,76.1671,105.127,-0.322241,P,0.195979,0.195639,0.195639,0.196048,0.04096,1.08484,1.7701,1.42747,0.342632
19,2,76.3584,105.127,-0.319732,P,0.195837,0.196719,0.196719,0.195903,0.0816747,1.13301,1.8302,1.4816,0.348596
19,2,76.5502,105.127,-0.317224,P,0.195695,0.19625,0.19625,0.195757,0.0492223,1.14761,1.84952,1.49856,0.350954
19,2,76.7424,105.127,-0.314716,P,0.195553,0.196236,0.196236,0.195613,0.0623201,1.17274,1.88148,1.52711,0.354374
19,2,76.9351,105.127,-0.312207,P,0.195412,0.194411,0.194411,0.195468,0.105741,1.15705,1.86431,1.51068,0.35363
19,2,77.1284,105.127,-0.309699,P,0.195271,0.194454,0.194454,0.195324,0.0869526,1.18388,1.89832,1.5411,0.357217
19,2,77.3221,105.127,-0.307191,P,0.19513,0.197241,0.197241,0.19518,0.206145,1.2757,2.0097,1.6427,0.367002
19,2,77.5163,105.127,-0.304682,P,0.194989,0.195312,0.195312,0.195036,0.0275345,1.25727,1.98955,1.62341,0.366139
19,2,77.711,105.127,-0.302174,P,0.194849,0.198475,0.198475,0.194893,0.358215,1.36174,2.11492,1.73833,0.376594
19,2,77.9061,105.127,-0.299666,P,0.194709,0.194727,0.194727,0.19475,0.00234816,1.29871,2.0423,1.6705,0.371798
19,2,78.1018,105.127,-0.297157,P,0.19457,0.192908,0.192908,0.194608,0.169964,1.28276,2.02521,1.65398,0.371221
19,2,78.2979,105.127,-0.294649,P,0.19443,0.19784,0.19784,0.194466,0.337404,1.43424,2.20529,1.81977,0.385525
19,2,78.4946,105.127,-0.29214,P,0.194291,0.193189,0.193189,0.194324,0.113497,1.34691,2.1047,1.72581,0.378892
19,2,78.6917,105.127,-0.289632,P,0.194152,0.194547,0.194547,0.194182,0.036439,1.41078,2.18153,1.79616,0.385376
19,2,78.8894,105.127,-0.287124,P,0.194014,0.197321,0.197321,0.194041,0.328019,1.51342,2.30292,1.90817,0.394748
19,2,79.0875,105.127,-0.284615,P,0.193875,0.191531,0.191531,0.1939,0.236936,1.39426,2.16592,1.78009,0.385834
19,2,79.2861,105.127,-0.282107,P,0.193737,0.193001,0.193001,0.19376,0.0758553,1.46305,2.24817,1.85561,0.392559
19,2,79.4853,105.127,-0.279599,P,0.1936,0.196592,0.196592,0.193619,0.297228,1.59083,2.39796,1.99439,0.403564
19,2,79.6849,105.127,-0.27709,P,0.193462,0.191155,0.191155,0.193479,0.232424,1.47756,2.26888,1.87322,0.395661
19,2,79.885,105.127,-0.274582,P,0.193325,0.194233,0.194233,0.19334,0.0893226,1.593,2.40429,1.99865,0.405647
19,2,80.0856,105.127,-0.272074,P,0.193188,0.193988,0.193988,0.193201,0.0787116,1.61989,2.43713,2.02851,0.408624
19,2,80.2868,105.127,-0.269565,P,0.193051,0.193611,0.193611,0.193062,0.0549537,1.64354,2.46622,2.05488,0.411338
19,2,80.4884,105.127,-0.267057,P,0.192915,0.193362,0.193362,0.192923,0.0438302,1.67113,2.49976,2.08544,0.414314
19,2,80.6906,105.127,-0.264548,P,0.192779,0.19183,0.19183,0.192785,0.0955372,1.66278,2.49221,2.0775,0.414712
19,2,80.8932,105.127,-0.26204,P,0.192643,0.191676,0.191676,0.192647,0.0971066,1.69363,2.52945,2.11154,0.417907
19,2,81.0964,105.127,-0.259532,P,0.192508,0.193066,0.193066,0.19251,0.0556769,1.76979,2.61808,2.19393,0.424145
19,2,81.3001,105.127,-0.257023,P,0.192373,0.194954,0.194954,0.192372,0.258138,1.8626,2.72502,2.29381,0.431211
19,2,81.5042,105.127,-0.254515,P,0.192238,0.192944,0.192944,0.192235,0.0708795,1.84053,2.70217,2.27135,0.430819
19,2,81.7089,105.127,-0.252007,P,0.192103,0.193443,0.193443,0.192099,0.134362,1.89366,2.76406,2.32886,0.4352
19,2,81.9142,105.127,-0.249498,P,0.191969,0.188707,0.188707,0.191963,0.325557,1.78974,2.64891,2.21932,0.429588
19,2,82.1199,105.127,-0.24699,P,0.191835,0.192435,0.192435,0.191827,0.0607897,1.94107,2.82141,2.38124,0.44017
19,2,82.3261,105.127,-0.244482,P,0.191701,0.191114,0.191114,0.191691,0.0576736,1.94006,2.82237,2.38122,0.441155
19,2,82.5329,105.127,-0.241973,P,0.191567,0.191844,0.191844,0.191556,0.0288317,2.00295,2.8948,2.44888,0.445926
19,2,82.7402,105.127,-0.239465,P,0.191434,0.191242,0.191242,0.191421,0.0179014,2.02491,2.92141,2.47316,0.448249
19,2,82.948,105.127,-0.236957,P,0.191301,0.193487,0.193487,0.191286,0.22009,2.1384,3.0496,2.594,0.455601
19,2,83.1563,105.127,-0.234448,P,0.191168,0.189665,0.189665,0.191152,0.148714,2.05786,2.96237,2.51012,0.452254
19,2,83.3652,105.127,-0.23194,P,0.191036,0.18921,0.18921,0.191018,0.180853,2.08545,2.99518,2.54031,0.454867
19,2,83.5745,105.127,-0.229431,P,0.190904,0.193326,0.193326,0.190885,0.244165,2.26388,3.19447,2.72918,0.465295
19,2,83.7844,105.127,-0.226923,P,0.190772,0.192529,0.192529,0.190751,0.177781,2.28212,3.21667,2.74939,0.467276
19,2,83.9948,105.127,-0.224415,P,0.19064,0.187207,0.187207,0.190618,0.341112,2.14967,3.0729,2.61129,0.461617
19,2,84.2058,105.127,-0.221906,P,0.190509,0.190267,0.190267,0.190486,0.0219233,2.29674,3.23708,2.76691,0.470171
19,2,84.4173,105.127,-0.219398,P,0.190378,0.19168,0.19168,0.190354,0.132675,2.39128,3.34279,2.86703,0.475755
19,2,84.6293,105.127,-0.21689,P,0.190247,0.190647,0.190647,0.190222,0.0425296,2.40278,3.35755,2.88017,0.477384
19,2,84.8418,105.127,-0.214381,P,0.190117,0.188301,0.188301,0.19009,0.178901,2.36895,3.32282,2.84588,0.476935
19,2,85.0549,105.127,-0.211873,P,0.189987,0.190857,0.190857,0.189959,0.0898419,2.50635,3.47477,2.99056,0.484212
19,2,85.2685,105.127,-0.209365,P,0.189857,0.188205,0.188205,0.189828,0.162309,2.46159,3.42834,2.94496,0.483376
19,2,85.4827,105.127,-0.206856,P,0.189727,0.189488,0.189488,0.189697,0.0209093,2.55655,3.53372,3.04514,0.488584
19,2,85.6974,105.127,-0.204348,P,0.189598,0.19075,0.19075,0.189567,0.118368,2.65265,3.63992,3.14629,0.493633
19,2,85.9126,105.127,-0.201839,P,0.189469,0.190329,0.190329,0.189437,0.0892294,2.6888,3.68116,3.18498,0.49618
19,2,86.1284,105.127,-0.199331,P,0.18934,0.187018,0.187018,0.189307,0.2289,2.61943,3.60856,3.114,0.494567
19,2,86.3447,105.127,-0.196823,P,0.189211,0.190703,0.190703,0.189178,0.152591,2.80805,3.81392,3.31098,0.502934
19,2,86.5616,105.127,-0.194314,P,0.189083,0.190341,0.190341,0.189048,0.129222,2.84837,3.8594,3.35388,0.505518
19,2,86.779,105.127,-0.191806,P,0.188955,0.187676,0.187676,0.18892,0.124391,2.80228,3.81227,3.30728,0.504993
19,2,86.9969,105.127,-0.189298,P,0.188828,0.188535,0.188535,0.188791,0.0256642,2.88954,3.90801,3.39877,0.509237
19,2,87.2154,105.127,-0.186789,P,0.1887,0.189706,0.189706,0.188663,0.104271,2.99035,4.01793,3.50414,0.513789
19,2,87.4344,105.127,-0.184281,P,0.188573,0.188304,0.188304,0.188536,0.0231612,2.99286,4.02288,3.50787,0.51501
19,2,87.654,105.127,-0.181773,P,0.188446,0.189226,0.189226,0.188408,0.0817789,3.08628,4.12457,3.60543,0.519142
19,2,87.8742,105.127,-0.179264,P,0.18832,0.188913,0.188913,0.188281,0.0632485,3.13244,4.17585,3.65414,0.521705
19,2,88.0949,105.127,-0.176756,P,0.188193,0.186231,0.186231,0.188154,0.192363,3.08521,4.12802,3.60662,0.521405
19,2,88.3161,105.127,-0.174247,P,0.188067,0.186982,0.186982,0.188028,0.104572,3.17444,4.22495,3.6997,0.525255
19,2,88.5379,105.127,-0.171739,P,0.187942,0.186259,0.186259,0.187902,0.164257,3.2057,4.26035,3.73303,0.527323
19,2,88.7603,105.127,-0.169231,P,0.187816,0.188806,0.188806,0.187776,0.103031,3.3704,4.4365,3.90345,0.533049
19,2,88.9832,105.127,-0.166722,P,0.187691,0.188828,0.188828,0.18765,0.11782,3.4341,4.50581,3.96996,0.535857
19,2,89.2067,105.127,-0.164214,P,0.187566,0.189738,0.189738,0.187525,0.221329,3.5356,4.61468,4.07514,0.539541
19,2,89.4307,105.127,-0.161706,P,0.187442,0.188773,0.188773,0.1874,0.137329,3.56011,4.64263,4.10137,0.541261
19,2,89.6553,105.127,-0.159197,P,0.187317,0.187143,0.187143,0.187276,0.0132338,3.55703,4.64167,4.09935,0.542319
19,2,89.8805,105.127,-0.156689,P,0.187193,0.184991,0.184991,0.187151,0.216057,3.53206,4.61779,4.07492,0.542865
19,2,90.1063,105.127,-0.154181,P,0.18707,0.186525,0.186525,0.187027,0.0502101,3.66347,4.75759,4.21053,0.547062
19,2,90.3326,105.127,-0.151672,P,0.186946,0.187619,0.187619,0.186904,0.0715166,3.77807,4.87947,4.32877,0.550696
19,2,90.5594,105.127,-0.149164,P,0.186823,0.185526,0.185526,0.186781,0.125474,3.75646,4.85918,4.30782,0.551363
19,2,90.7869,105.127,-0.146656,P,0.1867,0.188921,0.188921,0.186658,0.226346,3.97381,5.08756,4.53068,0.556874
19,2,91.0149,105.127,-0.144147,P,0.186577,0.187368,0.187368,0.186535,0.083274,3.97669,5.09276,4.53472,0.55803
19,2,91.2435,105.127,-0.141639,P,0.186455,0.18583,0.185831,0.186413,0.0582039,3.98049,5.09892,4.5397,0.559211
19,2,91.4726,105.127,-0.13913,P,0.186333,0.184148,0.184148,0.186291,0.214273,3.97804,5.09861,4.53833,0.560283
19,2,91.7024,105.127,-0.136622,P,0.186211,0.187647,0.187647,0.186169,0.147846,4.20753,5.33839,4.77296,0.565432
19,2,91.9327,105.127,-0.134114,P,0.18609,0.188429,0.188429,0.186047,0.238166,4.31775,5.45435,4.88605,0.568298
19,2,92.1636,105.127,-0.131605,P,0.185968,0.184117,0.184117,0.185926,0.180897,4.19794,5.33284,4.76539,0.567452
19,2,92.395,105.127,-0.129097,P,0.185847,0.182021,0.182021,0.185805,0.378458,4.17831,5.31478,4.74655,0.568236
19,2,92.6271,105.127,-0.126589,P,0.185727,0.188327,0.188327,0.185685,0.264149,4.54437,5.694,5.11919,0.574815
19,2,92.8597,105.127,-0.12408,P,0.185606,0.187773,0.187773,0.185565,0.220804,4.5978,5.75096,5.17438,0.576579
19,2,93.0929,105.127,-0.121572,P,0.185486,0.184971,0.184971,0.185445,0.0474409,4.5471,5.70099,5.12404,0.57694
19,2,93.3267,105.127,-0.119064,P,0.185366,0.185475,0.185475,0.185325,0.0149441,4.651,5.80967,5.23034,0.579338
19,2,93.5611,105.127,-0.116555,P,0.185247,0.18097,0.18097,0.185206,0.423654,4.52052,5.67792,5.09922,0.578703
19,2,93.7961,105.127,-0.114047,P,0.185128,0.190115,0.190115,0.185087,0.502746,5.03583,6.20741,5.62162,0.585791
19,2,94.0317,105.127,-0.111538,P,0.185009,0.187762,0.187762,0.184969,0.279298,5.00797,6.1809,5.59444,0.586465
19,2,94.2678,105.127,-0.10903,P,0.18489,0.183933,0.183933,0.18485,0.0916976,4.90937,6.08219,5.49578,0.586409
19,2,94.5046,105.127,-0.106522,P,0.184771,0.186548,0.186548,0.184732,0.181534,5.12102,6.30007,5.71055,0.589525
19,2,94.7419,105.127,-0.104013,P,0.184653,0.184769,0.184769,0.184615,0.0153989,5.12178,6.30275,5.71226,0.590488
19,2,94.9799,105.127,-0.101505,P,0.184535,0.17966,0.17966,0.184497,0.483763,4.96075,6.14059,5.55067,0.58992
19,2,95.2184,105.127,-0.0989967,P,0.184418,0.187304,0.187304,0.18438,0.292341,5.42315,6.61306,6.01811,0.594952
19,2,95.4576,105.127,-0.0964883,P,0.184301,0.182755,0.182755,0.184263,0.150843,5.28934,6.47891,5.88412,0.594785
19,2,95.6973,105.127,-0.0939799,P,0.184184,0.183749,0.183749,0.184147,0.0397931,5.42929,6.62288,6.02609,0.596795
19,2,95.9377,105.127,-0.0914716,P,0.184067,0.184501,0.184501,0.184031,0.0470521,5.5589,6.75614,6.15752,0.598618
19,2,96.1786,105.127,-0.0889632,P,0.18395,0.183079,0.183079,0.183915,0.0835954,5.58109,6.78036,6.18073,0.599637
19,2,96.4202,105.127,-0.0864548,P,0.183834,0.180621,0.180621,0.183799,0.317803,5.55176,6.75238,6.15207,0.60031
19,2,96.6623,105.127,-0.0839465,P,0.183718,0.184114,0.184114,0.183684,0.042952,5.8231,7.02872,6.42591,0.60281
19,2,96.9051,105.127,-0.0814381,P,0.183603,0.183294,0.183294,0.183569,0.0275156,5.87829,7.08612,6.48221,0.603919
19,2,97.1485,105.127,-0.0789298,P,0.183487,0.184931,0.184931,0.183455,0.147616,6.05973,7.27096,6.66535,0.605617
19,2,97.3925,105.127,-0.0764214,P,0.183372,0.182832,0.182832,0.18334,0.0507749,6.05148,7.26415,6.65781,0.606335
19,2,97.6371,105.127,-0.073913,P,0.183257,0.184899,0.184899,0.183226,0.167247,6.25809,7.47401,6.86605,0.60796
19,2,97.8823,105.127,-0.0714047,P,0.183143,0.184874,0.184874,0.183112,0.176175,6.35861,7.57671,6.96766,0.609046
19,2,98.1281,105.127,-0.0688963,P,0.183029,0.18311,0.18311,0.182999,0.0111322,6.36991,7.58944,6.97968,0.609765
19,2,98.3746,105.127,-0.066388,P,0.182915,0.181818,0.181818,0.182886,0.106792,6.40631,7.62742,7.01686,0.610553
19,2,98.6216,105.127,-0.0638796,P,0.182801,0.185277,0.185277,0.182773,0.250368,6.69234,7.9164,7.30437,0.61203
19,2,98.8693,105.127,-0.0613712,P,0.182687,0.181734,0.181734,0.18266,0.0926813,6.61268,7.83751,7.22509,0.612416
19,2,99.1176,105.127,-0.0588629,P,0.182574,0.182961,0.182961,0.182548,0.0413201,6.78474,8.01157,7.39815,0.613413
19,2,99.3666,105.127,-0.0563545,P,0.182461,0.183437,0.183437,0.182436,0.100103,6.91871,8.14717,7.53294,0.614232
19,2,99.6161,105.127,-0.0538462,P,0.182349,0.183263,0.183263,0.182325,0.0938215,7.01951,8.24935,7.63443,0.61492
19,2,99.8663,105.127,-0.0513378,P,0.182237,0.181939,0.181939,0.182213,0.0274348,7.06016,8.29109,7.67563,0.615463
19,2,100.117,105.127,-0.0488294,P,0.182125,0.182303,0.182303,0.182102,0.0200811,7.192,8.42418,7.80809,0.61609
19,2,100.369,105.127,-0.0463211,P,0.182013,0.179764,0.179764,0.181991,0.222698,7.1693,8.40227,7.78579,0.616483
19,2,100.621,105.127,-0.0438127,P,0.181901,0.181805,0.181805,0.181881,0.00760294,7.39379,8.62795,8.01087,0.617081
19,2,100.873,105.127,-0.0413043,P,0.18179,0.179237,0.179237,0.181771,0.253403,7.37112,8.60594,7.98853,0.617412
19,2,101.127,105.127,-0.038796,P,0.181679,0.177925,0.177925,0.181661,0.37357,7.41705,8.65258,8.03482,0.617762
19,2,101.381,105.127,-0.0362876,P,0.181569,0.183375,0.183375,0.181551,0.182386,7.83157,9.06792,8.44975,0.618173
19,2,101.635,105.127,-0.0337793,P,0.181458,0.180452,0.180452,0.181442,0.098937,7.7925,9.02927,8.41088,0.618385
19,2,101.891,105.127,-0.0312709,P,0.181348,0.182937,0.182937,0.181333,0.160377,8.04952,9.28663,8.66807,0.618555
19,2,102.146,105.127,-0.0287625,P,0.181239,0.178659,0.178659,0.181224,0.256513,7.93788,9.1753,8.55659,0.618709
19,2,102.403,105.127,-0.0262542,P,0.181129,0.181,0.181,0.181116,0.0115827,8.19012,9.42759,8.80886,0.618736
19,2,102.66,105.127,-0.0237458,P,0.18102,0.178591,0.178591,0.181007,0.241658,8.18268,9.42026,8.80147,0.618789
19,2,102.918,105.127,-0.0212375,P,0.180911,0.182223,0.182223,0.1809,0.132368,8.50951,9.74674,9.12812,0.618616
19,2,103.176,105.127,-0.0187291,P,0.180802,0.180231,0.180231,0.180792,0.0560936,8.52737,9.76447,9.14592,0.61855
19,2,103.436,105.127,-0.0162207,P,0.180694,0.181003,0.181003,0.180685,0.0318571,8.69938,9.93603,9.31771,0.618324
19,2,103.695,105.127,-0.0137124,P,0.180586,0.180903,0.180903,0.180578,0.0324881,8.82443,10.0606,9.4425,0.618069
19,2,103.956,105.127,-0.011204,P,0.180478,0.182254,0.182254,0.180471,0.178352,9.03164,10.267,9.64932,0.61768
19,2,104.217,105.127,-0.00869565,P,0.180371,0.182894,0.182894,0.180365,0.252986,9.20078,10.4353,9.81804,0.617258
19,2,104.479,105.127,-0.00618729,P,0.180263,0.183963,0.183963,0.180258,0.370428,9.3953,10.6288,10.0121,0.616749
19,2,104.741,105.127,-0.00367893,P,0.180156,0.179956,0.179956,0.180152,0.0196314,9.3077,10.5406,9.92415,0.616457
19,2,105.004,105.127,-0.00117057,P,0.18005,0.180945,0.180945,0.180047,0.089859,9.50049,10.7322,10.1163,0.615831
19,2,105.268,105.127,0.00133779,C,0.179943,0.179848,0.179848,0.179942,0.00940082,9.44245,10.676,10.0592,0.616757
19,2,105.532,105.127,0.00384615,C,0.179837,0.179019,0.179019,0.179837,0.0817164,9.28185,10.5197,9.90077,0.61892
19,2,105.797,105.127,0.00635452,C,0.179731,0.180981,0.180981,0.179732,0.124921,9.27864,10.5204,9.89951,0.620875
19,2,106.063,105.127,0.00886288,C,0.179626,0.179155,0.179155,0.179627,0.0472304,9.06343,10.3094,9.6864,0.622976
19,2,106.329,105.127,0.0113712,C,0.17952,0.17912,0.17912,0.179523,0.0403277,8.94959,10.1994,9.57451,0.624923
19,2,106.596,105.127,0.0138796,C,0.179415,0.181586,0.181586,0.179419,0.216707,8.97739,10.2308,9.60409,0.626695
19,2,106.864,105.127,0.016388,C,0.179311,0.178109,0.178109,0.179316,0.120664,8.67123,9.92859,9.29991,0.628677
19,2,107.133,105.127,0.0188963,C,0.179206,0.177603,0.177603,0.179212,0.160955,8.53314,9.79405,9.1636,0.630456
19,2,107.402,105.127,0.0214047,C,0.179102,0.183384,0.183384,0.179109,0.427476,8.75039,10.0143,9.38236,0.631968
19,2,107.671,105.127,0.023913,C,0.178998,0.177591,0.177591,0.179006,0.141524,8.31575,9.58332,8.94954,0.63379
19,2,107.942,105.127,0.0264214,C,0.178895,0.182334,0.182334,0.178904,0.343036,8.47616,9.74671,9.11144,0.635273
19,2,108.213,105.127,0.0289298,C,0.178791,0.177697,0.177697,0.178802,0.11048,8.10816,9.38191,8.74504,0.636871
19,2,108.485,105.127,0.0314381,C,0.178688,0.181013,0.181013,0.1787,0.231301,8.18966,9.46628,8.82797,0.638311
19,2,108.757,105.127,0.0339465,C,0.178585,0.17863,0.17863,0.178598,0.0032259,7.95048,9.2299,8.59019,0.63971
19,2,109.03,105.127,0.0364548,C,0.178483,0.179249,0.179249,0.178497,0.0752724,7.88142,9.16352,8.52247,0.641049
19,2,109.304,105.127,0.0389632,C,0.178381,0.17648,0.17648,0.178395,0.191525,7.62219,8.90666,8.26443,0.642236
19,2,109.579,105.127,0.0414716,C,0.178279,0.180653,0.180653,0.178295,0.235815,7.75493,9.04209,8.39851,0.64358
19,2,109.854,105.127,0.0439799,C,0.178177,0.177151,0.177151,0.178194,0.104321,7.45618,8.7453,8.10074,0.644558
19,2,110.13,105.127,0.0464883,C,0.178076,0.180373,0.180373,0.178094,0.22796,7.53677,8.8284,8.18259,0.645819
19,2,110.406,105.127,0.0489967,C,0.177975,0.180693,0.180693,0.177994,0.269943,7.45473,8.74848,8.10161,0.646872
19,2,110.684,105.127,0.051505,C,0.177874,0.176772,0.176772,0.177894,0.112228,7.13536,8.43031,7.78283,0.647472
19,2,110.962,105.127,0.0540134,C,0.177773,0.175961,0.175961,0.177794,0.183367,6.99174,8.28819,7.63996,0.648222
19,2,111.24,105.127,0.0565217,C,0.177673,0.178858,0.178858,0.177695,0.116324,7.05669,8.35542,7.70605,0.649361
19,2,111.52,105.127,0.0590301,C,0.177573,0.177078,0.177078,0.177596,0.0517704,6.86049,8.16018,7.51033,0.649848
19,2,111.8,105.127,0.0615385,C,0.177473,0.178972,0.178972,0.177497,0.147447,6.87051,8.17211,7.52131,0.650802
19,2,112.08,105.127,0.0640468,C,0.177374,0.178068,0.178068,0.177399,0.0668825,6.72505,8.02755,7.3763,0.651254
19,2,112.362,105.127,0.0665552,C,0.177275,0.175888,0.175888,0.177301,0.14126,6.50965,7.81233,7.16099,0.651336
19,2,112.644,105.127,0.0690635,C,0.177176,0.175679,0.175679,0.177203,0.15234,6.40498,7.70839,7.05668,0.651705
19,2,112.927,105.127,0.0715719,C,0.177077,0.177637,0.177637,0.177105,0.0531689,6.42121,7.72628,7.07374,0.652534
19,2,113.211,105.127,0.0740803,C,0.176979,0.175021,0.175021,0.177008,0.198632,6.18501,7.48929,6.83715,0.65214
19,2,113.495,105.127,0.0765886,C,0.176881,0.178681,0.178681,0.176911,0.177031,6.29646,7.60325,6.94985,0.653396
19,2,113.78,105.127,0.079097,C,0.176783,0.175202,0.175202,0.176814,0.161202,6.01485,7.31987,6.66736,0.652507
19,2,114.066,105.127,0.0816054,C,0.176686,0.174484,0.174484,0.176717,0.223266,5.88673,7.19134,6.53904,0.652307
19,2,114.352,105.127,0.0841137,C,0.176589,0.177755,0.177755,0.176621,0.113429,5.97792,7.28487,6.63139,0.653478
19,2,114.639,105.127,0.0866221,C,0.176492,0.178671,0.178671,0.176525,0.21458,5.94049,7.24809,6.59429,0.653803
19,2,114.927,105.127,0.0891304,C,0.176395,0.176685,0.176685,0.176429,0.0256335,5.74549,7.05134,6.39842,0.652925
19,2,115.216,105.127,0.0916388,C,0.176299,0.181683,0.181683,0.176333,0.534976,5.93178,7.24148,6.58663,0.654851
19,2,115.505,105.127,0.0941472,C,0.176203,0.176723,0.176723,0.176238,0.0484547,5.57704,6.88204,6.22954,0.6525
19,2,115.796,105.127,0.0966555,C,0.176107,0.178023,0.178023,0.176143,0.188026,5.56328,6.86891,6.2161,0.652817
19,2,116.086,105.127,0.0991639,C,0.176011,0.172996,0.172996,0.176048,0.305204,5.20985,6.50934,5.85959,0.649746
19,2,116.378,105.127,0.101672,C,0.175916,0.178691,0.178691,0.175954,0.27369,5.43316,6.73796,6.08556,0.6524
19,2,116.67,105.127,0.104181,C,0.175821,0.175198,0.175198,0.175859,0.0661168,5.16471,6.46448,5.8146,0.649885
19,2,116.963,105.127,0.106689,C,0.175727,0.175929,0.175929,0.175765,0.0164039,5.1232,6.42261,5.7729,0.649702
19,2,117.257,105.127,0.109197,C,0.175632,0.178248,0.178248,0.175672,0.25765,5.16651,6.46753,5.81702,0.650509
19,2,117.551,105.127,0.111706,C,0.175538,0.173268,0.173268,0.175578,0.231002,4.82453,6.11726,5.47089,0.646366
19,2,117.847,105.127,0.114214,C,0.175444,0.174229,0.174229,0.175485,0.125611,4.79741,6.08975,5.44358,0.646174
19,2,118.143,105.127,0.116722,C,0.175351,0.174038,0.174038,0.175392,0.135426,4.71062,6.00077,5.35569,0.645071
19,2,118.439,105.127,0.119231,C,0.175257,0.176943,0.176943,0.175299,0.164402,4.78596,6.0787,5.43233,0.646366
19,2,118.737,105.127,0.121739,C,0.175164,0.172361,0.172361,0.175207,0.28458,4.47301,5.756,5.11451,0.641492
19,2,119.035,105.127,0.124247,C,0.175072,0.173159,0.173159,0.175114,0.195553,4.44014,5.72213,5.08114,0.640995
19,2,119.334,105.127,0.126756,C,0.174979,0.176315,0.176315,0.175022,0.129289,4.52881,5.81406,5.17143,0.642628
19,2,119.634,105.127,0.129264,C,0.174887,0.175172,0.175172,0.174931,0.0241746,4.3972,5.67788,5.03754,0.640342
19,2,119.934,105.127,0.131773,C,0.174795,0.177423,0.177423,0.174839,0.258422,4.43979,5.72218,5.08098,0.641195
19,2,120.235,105.127,0.134281,C,0.174704,0.173214,0.173214,0.174748,0.153339,4.15508,5.42627,4.79068,0.635596
19,2,120.537,105.127,0.136789,C,0.174612,0.174856,0.174856,0.174657,0.0199269,4.16755,5.43924,4.8034,0.635844
19,2,120.84,105.127,0.139298,C,0.174521,0.176146,0.176146,0.174566,0.158037,4.16263,5.43408,4.79835,0.635726
19,2,121.144,105.127,0.141806,C,0.174431,0.174787,0.174787,0.174475,0.0311283,4.02585,5.29113,4.65849,0.632641
19,2,121.448,105.127,0.144314,C,0.17434,0.172429,0.172429,0.174385,0.19559,3.84172,5.09799,4.46985,0.628131
19,2,121.753,105.127,0.146823,C,0.17425,0.171872,0.171872,0.174295,0.242348,3.74808,4.99927,4.37368,0.625598
19,2,122.059,105.127,0.149331,C,0.17416,0.174873,0.174873,0.174205,0.0667369,3.82878,5.08395,4.45637,0.627581
19,2,122.365,105.127,0.151839,C,0.17407,0.172938,0.172938,0.174116,0.117779,3.6695,4.91584,4.29267,0.623171
19,2,122.672,105.127,0.154348,C,0.173981,0.177862,0.177862,0.174027,0.383586,3.84352,5.09905,4.47128,0.627762
19,2,122.981,105.127,0.156856,C,0.173892,0.170072,0.170072,0.173938,0.386533,3.40581,4.63568,4.02074,0.614937
19,2,123.289,105.127,0.159365,C,0.173803,0.173507,0.173507,0.173849,0.0341461,3.5065,4.74223,4.12436,0.617862
19,2,123.599,105.127,0.161873,C,0.173715,0.172059,0.172059,0.17376,0.170068,3.37641,4.60344,3.98992,0.613515
19,2,123.909,105.127,0.164381,C,0.173626,0.173976,0.173976,0.173672,0.0304476,3.40544,4.63391,4.01968,0.614237
19,2,124.221,105.127,0.16689,C,0.173538,0.170896,0.170896,0.173584,0.268777,3.20204,4.41607,3.80905,0.607013
19,2,124.533,105.127,0.169398,C,0.173451,0.175911,0.175911,0.173496,0.241485,3.37506,4.60063,3.98785,0.612785
19,2,124.845,105.127,0.171906,C,0.173363,0.173099,0.173099,0.173408,0.0309677,3.18596,4.39769,3.79183,0.605866
19,2,125.159,105.127,0.174415,C,0.173276,0.175915,0.175915,0.173321,0.259389,3.25686,4.47323,3.86505,0.608188
19,2,125.473,105.127,0.176923,C,0.173189,0.17142,0.17142,0.173234,0.181397,2.99535,4.19112,3.59323,0.597887
19,2,125.788,105.127,0.179431,C,0.173103,0.172101,0.172101,0.173147,0.104614,2.96993,4.16295,3.56644,0.596514
19,2,126.104,105.127,0.18194,C,0.173017,0.170255,0.170255,0.17306,0.280497,2.83319,4.01382,3.42351,0.590312
19,2,126.421,105.127,0.184448,C,0.172931,0.176858,0.176858,0.172974,0.388388,3.0713,4.27138,3.67134,0.600041
19,2,126.739,105.127,0.186957,C,0.172845,0.173622,0.173622,0.172888,0.0734533,2.87297,4.05569,3.46433,0.591356
19,2,127.057,105.127,0.189465,C,0.172759,0.175657,0.175657,0.172802,0.285563,2.90843,4.09359,3.50101,0.592583
19,2,127.376,105.127,0.191973,C,0.172674,0.175067,0.175067,0.172716,0.235097,2.82923,4.00664,3.41793,0.588705
19,2,127.696,105.127,0.194482,C,0.172589,0.174281,0.174281,0.17263,0.165072,2.74284,3.91147,3.32716,0.584314
19,2,128.017,105.127,0.19699,C,0.172505,0.173273,0.173273,0.172545,0.0728117,2.64843,3.80706,3.22775,0.579316
19,2,128.338,105.127,0.199498,C,0.17242,0.176042,0.176042,0.17246,0.358241,2.71515,3.87965,3.2974,0.58225
19,2,128.66,105.127,0.202007,C,0.172336,0.173192,0.173192,0.172375,0.0817037,2.54481,3.69114,3.11798,0.573164
19,2,128.984,105.127,0.204515,C,0.172253,0.174293,0.174293,0.172291,0.200277,2.5414,3.68655,3.11398,0.572577
19,2,129.308,105.127,0.207023,C,0.172169,0.17208,0.17208,0.172206,0.0125923,2.4021,3.53093,2.96651,0.564414
19,2,129.632,105.127,0.209532,C,0.172086,0.173648,0.173648,0.172122,0.152611,2.4184,3.54824,2.98332,0.564919
19,2,129.958,105.127,0.21204,C,0.172003,0.171318,0.171318,0.172038,0.0719914,2.27804,3.39026,2.83415,0.556112
19,2,130.284,105.127,0.214548,C,0.17192,0.173666,0.173666,0.171955,0.171106,2.32564,3.44279,2.88421,0.558574
19,2,130.611,105.127,0.217057,C,0.171838,0.175893,0.175893,0.171871,0.402212,2.3686,3.49006,2.92933,0.560733
19,2,130.94,105.127,0.219565,C,0.171756,0.170944,0.170944,0.171788,0.0844272,2.12913,3.21926,2.67419,0.545065
19,2,131.268,105.127,0.222074,C,0.171674,0.173564,0.173564,0.171705,0.185878,2.18663,3.28349,2.73506,0.548426
19,2,131.598,105.127,0.224582,C,0.171593,0.172195,0.172195,0.171622,0.0573286,2.09068,3.1736,2.63214,0.541459
19,2,131.929,105.127,0.22709,C,0.171511,0.168565,0.168565,0.17154,0.297501,1.91297,2.96895,2.44096,0.52799
19,2,132.26,105.127,0.229599,C,0.17143,0.169224,0.169224,0.171457,0.223361,1.89666,2.94906,2.42286,0.526201
19,2,132.592,105.127,0.232107,C,0.17135,0.171483,0.171483,0.171375,0.0108287,1.93911,2.997,2.46805,0.528944
19,2,132.925,105.127,0.234615,C,0.171269,0.169157,0.169157,0.171293,0.21362,1.815,2.85226,2.33363,0.518628
19,2,133.259,105.127,0.237124,C,0.171189,0.170393,0.170393,0.171212,0.0818952,1.82027,2.85732,2.3388,0.518526
19,2,133.594,105.127,0.239632,C,0.171109,0.168307,0.168307,0.17113,0.282349,1.70871,2.7258,2.21726,0.508547
19,2,133.929,105.127,0.24214,C,0.17103,0.17091,0.17091,0.171049,0.013872,1.76204,2.78725,2.27464,0.512606
19,2,134.265,105.127,0.244649,C,0.17095,0.168912,0.168912,0.170968,0.205605,1.65589,2.66135,2.15862,0.50273
19,2,134.603,105.127,0.247157,C,0.170871,0.172081,0.172081,0.170887,0.119372,1.72809,2.74534,2.23672,0.508625
19,2,134.941,105.127,0.249666,C,0.170793,0.171051,0.171051,0.170807,0.0244752,1.65639,2.65976,2.15808,0.501686
19,2,135.28,105.127,0.252174,C,0.170714,0.171959,0.171959,0.170726,0.123242,1.65127,2.65264,2.15196,0.500684
19,2,135.619,105.127,0.254682,C,0.170636,0.17123,0.17123,0.170646,0.0584133,1.59165,2.58077,2.08621,0.49456
19,2,135.96,105.127,0.257191,C,0.170558,0.170316,0.170316,0.170566,0.0250452,1.52727,2.50274,2.015,0.487734
19,2,136.301,105.127,0.259699,C,0.170481,0.16886,0.16886,0.170487,0.162662,1.44722,2.40519,1.92621,0.478987
19,2,136.644,105.127,0.262207,C,0.170403,0.170608,0.170608,0.170407,0.0200555,1.47,2.43162,1.95081,0.48081
19,2,136.987,105.127,0.264716,C,0.170326,0.167228,0.167228,0.170328,0.309997,1.33288,2.26356,1.79822,0.465344
19,2,137.331,105.127,0.267224,C,0.17025,0.169608,0.169608,0.170249,0.064091,1.37465,2.31358,1.84411,0.469465
19,2,137.676,105.127,0.269732,C,0.170173,0.16863,0.16863,0.17017,0.153977,1.3141,2.23818,1.77614,0.462038
19,2,138.022,105.127,0.272241,C,0.170097,0.17105,0.17105,0.170091,0.0958465,1.35674,2.28945,1.8231,0.466353
19,2,138.368,105.127,0.274749,C,0.170021,0.167773,0.167773,0.170013,0.223972,1.22955,2.13114,1.68034,0.45079
19,2,138.716,105.127,0.277258,C,0.169945,0.168623,0.168623,0.169935,0.131124,1.2254,2.12481,1.6751,0.449704
19,2,139.064,105.127,0.279766,C,0.16987,0.170289,0.170289,0.169857,0.0432649,1.2449,2.14799,1.69644,0.451546
19,2,139.414,105.127,0.282274,C,0.169795,0.168944,0.168944,0.169779,0.0835273,1.17811,2.06331,1.62071,0.442596
19,2,139.764,105.127,0.284783,C,0.16972,0.171642,0.171642,0.169701,0.19407,1.22682,2.12325,1.67503,0.448214
19,2,140.115,105.127,0.287291,C,0.169645,0.169548,0.169548,0.169624,0.00756737,1.14031,2.01336,1.57683,0.436526
19,2,140.467,105.127,0.289799,C,0.169571,0.169724,0.169724,0.169547,0.017697,1.1184,1.98446,1.55143,0.433031
19,2,140.819,105.127,0.292308,C,0.169497,0.169218,0.169218,0.16947,0.0252307,1.07855,1.93254,1.50555,0.426993
19,2,141.173,105.127,0.294816,C,0.169423,0.168938,0.168938,0.169393,0.0455373,1.04562,1.88915,1.46739,0.421767
19,2,141.528,105.127,0.297324,C,0.16935,0.166991,0.166991,0.169317,0.232536,0.970774,1.791,1.38089,0.410115
19,2,141.883,105.127,0.299833,C,0.169277,0.169147,0.169147,0.16924,0.0093759,1.00151,1.8299,1.4157,0.414195
19,2,142.239,105.127,0.302341,C,0.169204,0.16869,0.16869,0.169164,0.0473695,0.965951,1.78245,1.3742,0.40825
19,2,142.597,105.127,0.304849,C,0.169132,0.168127,0.168127,0.169088,0.0960879,0.928639,1.73235,1.33049,0.401856
19,2,142.955,105.127,0.307358,C,0.169059,0.170591,0.170591,0.169012,0.157845,0.966373,1.78082,1.37359,0.407222
19,2,143.314,105.127,0.309866,C,0.168987,0.165833,0.165833,0.168937,0.310367,0.82977,1.59834,1.21405,0.384285
19,2,143.674,105.127,0.312375,C,0.168915,0.16939,0.16939,0.168862,0.0528262,0.89155,1.67995,1.28575,0.394202
19,2,144.035,105.127,0.314883,C,0.168844,0.166632,0.166632,0.168787,0.215456,0.806133,1.56413,1.18513,0.379
19,2,144.396,105.127,0.317391,C,0.168773,0.163721,0.163721,0.168712,0.499076,0.722276,1.44795,1.08511,0.362838
19,2,144.759,105.127,0.3199,C,0.168702,0.16854,0.16854,0.168637,0.00973033,0.808014,1.5645,1.18626,0.378245
19,2,145.122,105.127,0.322408,C,0.168631,0.164114,0.164114,0.168562,0.444824,0.692899,1.40474,1.04882,0.355923
19,2,145.487,105.127,0.324916,C,0.168561,0.172314,0.172314,0.168488,0.382542,0.852268,1.62217,1.23722,0.384951
19,2,145.852,105.127,0.327425,C,0.168491,0.165838,0.165838,0.168414,0.257585,0.691741,1.40093,1.04634,0.354596
19,2,146.219,105.127,0.329933,C,0.168421,0.169897,0.169897,0.16834,0.155724,0.758335,1.49238,1.12536,0.367023
19,2,146.586,105.127,0.332441,C,0.168352,0.166854,0.166854,0.168266,0.141239,0.676324,1.37712,1.02672,0.350397
19,2,146.954,105.127,0.33495,C,0.168282,0.16714,0.16714,0.168193,0.105265,0.664369,1.35918,1.01177,0.347404
19,2,147.323,105.127,0.337458,C,0.168213,0.169517,0.169517,0.168119,0.139772,0.694484,1.40058,1.04753,0.353048
19,2,147.693,105.127,0.339967,C,0.168145,0.168935,0.168935,0.168046,0.0888768,0.665103,1.35815,1.01163,0.346525
19,2,148.064,105.127,0.342475,C,0.168076,0.168359,0.168359,0.167973,0.0385095,0.636703,1.31673,0.976717,0.340014
19,2,148.436,105.127,0.344983,C,0.168008,0.16583,0.16583,0.167901,0.207033,0.573059,1.22369,0.898375,0.325316
19,2,148.809,105.127,0.347492,C,0.167941,0.169231,0.169231,0.167828,0.140259,0.620149,1.29098,0.955566,0.335418
19,2,149.182,105.127,0.35,C,0.167873,0.16683,0.16683,0.167756,0.0925377,0.560195,1.2028,0.881496,0.321301
